transaction_id,customer_id,timestamp,amount,merchant_category,location,device_id,transaction_type,account_age_days
TX000000,C0184,2026-03-12T02:37:00,280.79,grocery,City-4,D1,card,1043
TX000001,C0290,2026-03-19T04:21:00,303.42,travel,City-0,D2,card,1289
TX000002,C0074,2026-01-24T23:33:00,21.26,retail,City-4,D2,card,851
TX000003,C0181,2026-01-21T22:21:00,531.1,travel,City-1,D1,card,675
TX000004,C0130,2026-02-04T03:38:00,76.54,cash,City-0,D1,card,1899
TX000005,C0201,2026-03-24T11:18:00,661.51,grocery,City-1,D0,card,1084
TX000006,C0288,2026-03-18T08:53:00,321.37,travel,City-3,D0,card,1079
TX000007,C0229,2026-02-26T23:06:00,101.01,retail,City-4,D1,card,428
TX000008,C0179,2026-03-04T12:45:00,315.57,cash,City-4,D2,card,1240
TX000009,C0190,2026-01-09T13:24:00,522.83,travel,City-0,D1,card,1873
TX000010,C0217,2026-01-13T08:48:00,56.55,grocery,City-2,D1,card,1199
TX000011,C0133,2026-03-12T10:28:00,98.27,retail,City-3,D1,card,529
TX000012,C0216,2026-02-23T02:33:00,85.32,retail,City-1,D0,card,1142
TX000013,C0002,2026-02-21T12:26:00,397.91,travel,City-2,D2,card,1534
TX000014,C0276,2026-03-13T22:22:00,57.0,retail,City-1,D0,card,1864
TX000015,C0253,2026-01-11T18:37:00,229.14,grocery,City-3,D1,card,1325
TX000016,C0218,2026-02-07T16:11:00,537.72,travel,City-3,D2,card,687
TX000017,C0221,2026-03-22T20:28:00,235.16,cash,City-1,D2,card,747
TX000018,C0159,2026-01-29T07:11:00,372.23,retail,City-4,D0,card,1874
TX000019,C0166,2026-02-09T09:52:00,654.76,retail,City-1,D1,card,1119
TX000020,C0284,2026-03-26T06:03:00,349.79,retail,City-4,D2,card,771
TX000021,C0195,2026-03-30T19:07:00,134.7,grocery,City-0,D0,card,263
TX000022,C0081,2026-03-18T13:09:00,72.01,grocery,City-1,D0,card,1188
TX000023,C0009,2026-03-07T23:47:00,4194.46,cash,City-9,D3838,card,901
TX000024,C0003,2026-01-28T04:09:00,324.44,travel,City-3,D0,card,247
TX000025,C0117,2026-03-31T17:35:00,238.41,cash,City-2,D0,card,1678
TX000026,C0012,2026-01-10T13:51:00,197.77,retail,City-2,D0,card,1310
TX000027,C0186,2026-01-09T03:21:00,209.6,retail,City-1,D0,card,504
TX000028,C0135,2026-01-13T20:55:00,48.54,retail,City-0,D0,card,1823
TX000029,C0086,2026-01-15T01:39:00,3367.69,retail,City-19,D8212,card,1927
TX000030,C0071,2026-03-02T05:19:00,131.33,cash,City-1,D2,card,1937
TX000031,C0278,2026-03-15T18:46:00,576.5,cash,City-3,D2,card,909
TX000032,C0012,2026-02-19T08:15:00,489.95,travel,City-2,D0,card,199
TX000033,C0255,2026-01-05T18:32:00,156.53,retail,City-0,D0,card,61
TX000034,C0081,2026-03-09T10:45:00,384.8,travel,City-1,D0,card,1033
TX000035,C0016,2026-01-20T17:19:00,288.45,cash,City-1,D1,card,934
TX000036,C0212,2026-03-11T07:44:00,76.1,retail,City-2,D2,card,771
TX000037,C0294,2026-01-23T21:40:00,413.82,travel,City-4,D0,card,1749
TX000038,C0171,2026-02-18T17:07:00,395.23,grocery,City-1,D0,card,854
TX000039,C0173,2026-02-09T20:10:00,323.91,cash,City-3,D2,card,341
TX000040,C0044,2026-03-24T05:37:00,394.38,grocery,City-4,D2,card,284
TX000041,C0035,2026-01-09T09:45:00,103.23,grocery,City-0,D2,card,1240
TX000042,C0128,2026-03-29T10:21:00,63.04,grocery,City-3,D2,card,332
TX000043,C0122,2026-02-24T03:23:00,22.29,grocery,City-2,D2,card,1843
TX000044,C0010,2026-01-14T07:31:00,392.26,retail,City-0,D1,card,217
TX000045,C0171,2026-02-19T05:35:00,181.63,travel,City-1,D0,card,1186
TX000046,C0195,2026-01-31T20:14:00,79.17,travel,City-0,D0,card,418
TX000047,C0129,2026-03-28T13:25:00,789.74,travel,City-4,D0,card,1622
TX000048,C0221,2026-03-18T12:29:00,270.41,travel,City-1,D2,card,1474
TX000049,C0156,2026-02-16T17:40:00,158.34,cash,City-1,D0,card,786
TX000050,C0148,2026-03-20T04:00:00,255.8,cash,City-3,D1,card,1649
TX000051,C0016,2026-02-13T21:07:00,285.77,retail,City-1,D1,card,1469
TX000052,C0094,2026-02-09T07:12:00,118.71,cash,City-4,D1,card,1421
TX000053,C0256,2026-01-22T13:09:00,495.51,travel,City-1,D1,card,1346
TX000054,C0035,2026-01-07T21:28:00,75.21,cash,City-0,D2,card,915
TX000055,C0231,2026-01-13T23:09:00,224.58,travel,City-1,D0,card,1513
TX000056,C0116,2026-03-02T17:54:00,297.68,retail,City-1,D2,card,1520
TX000057,C0157,2026-02-07T14:20:00,199.75,cash,City-2,D1,card,1843
TX000058,C0296,2026-03-14T03:31:00,263.13,cash,City-1,D2,card,1312
TX000059,C0042,2026-01-30T13:45:00,235.67,retail,City-2,D0,card,1675
TX000060,C0226,2026-03-24T16:53:00,69.4,retail,City-1,D1,card,633
TX000061,C0054,2026-02-26T21:19:00,354.78,retail,City-4,D0,card,409
TX000062,C0087,2026-03-07T02:12:00,332.22,grocery,City-2,D0,card,57
TX000063,C0025,2026-03-18T20:54:00,67.56,travel,City-0,D1,card,1125
TX000064,C0194,2026-02-25T05:52:00,76.78,retail,City-4,D2,card,1458
TX000065,C0109,2026-03-25T19:48:00,489.76,cash,City-4,D1,card,682
TX000066,C0144,2026-02-03T06:54:00,506.14,travel,City-4,D0,card,878
TX000067,C0272,2026-02-04T13:54:00,28.29,grocery,City-2,D2,card,1178
TX000068,C0149,2026-01-02T23:23:00,22.19,grocery,City-4,D2,card,1996
TX000069,C0275,2026-01-01T18:27:00,122.31,grocery,City-0,D2,card,653
TX000070,C0057,2026-02-10T01:07:00,2131.4,travel,City-11,D1065,card,848
TX000071,C0083,2026-03-06T05:07:00,95.43,cash,City-3,D2,card,1611
TX000072,C0186,2026-02-28T13:54:00,147.39,cash,City-1,D0,card,1044
TX000073,C0216,2026-02-11T11:11:00,64.96,cash,City-1,D0,card,176
TX000074,C0034,2026-02-28T11:17:00,118.42,travel,City-4,D1,card,1924
TX000075,C0196,2026-01-14T20:40:00,144.09,grocery,City-1,D1,card,1648
TX000076,C0220,2026-01-01T10:10:00,113.91,retail,City-0,D1,card,616
TX000077,C0012,2026-03-20T18:00:00,210.8,cash,City-2,D0,card,1723
TX000078,C0139,2026-01-07T15:54:00,70.65,cash,City-4,D1,card,1310
TX000079,C0025,2026-01-24T22:46:00,73.58,cash,City-0,D1,card,905
TX000080,C0246,2026-01-05T23:11:00,1764.53,travel,City-15,D7418,card,1324
TX000081,C0232,2026-02-05T09:49:00,217.48,cash,City-2,D1,card,782
TX000082,C0014,2026-01-22T00:41:00,367.52,cash,City-4,D2,card,904
TX000083,C0001,2026-02-17T18:07:00,143.45,retail,City-1,D1,card,1526
TX000084,C0120,2026-01-23T22:02:00,450.57,retail,City-0,D0,card,847
TX000085,C0255,2026-03-23T05:28:00,959.78,grocery,City-0,D0,card,1427
TX000086,C0177,2026-02-19T11:16:00,349.15,cash,City-2,D0,card,1736
TX000087,C0056,2026-02-10T11:40:00,249.56,travel,City-1,D2,card,867
TX000088,C0242,2026-03-11T18:37:00,121.27,grocery,City-2,D2,card,1082
TX000089,C0041,2026-01-06T10:13:00,154.78,grocery,City-1,D2,card,1006
TX000090,C0274,2026-01-10T06:31:00,259.14,grocery,City-4,D1,card,192
TX000091,C0020,2026-01-28T03:54:00,357.09,grocery,City-0,D2,card,1927
TX000092,C0190,2026-03-21T20:46:00,325.28,cash,City-0,D1,card,1925
TX000093,C0225,2026-02-01T04:53:00,318.72,cash,City-0,D0,card,791
TX000094,C0070,2026-01-28T12:58:00,131.02,travel,City-0,D1,card,1968
TX000095,C0222,2026-01-03T06:01:00,309.25,grocery,City-2,D0,card,1713
TX000096,C0072,2026-02-01T05:33:00,403.76,cash,City-2,D0,card,33
TX000097,C0084,2026-02-22T15:38:00,39.91,cash,City-4,D0,card,1280
TX000098,C0131,2026-02-23T00:17:00,653.25,travel,City-1,D2,card,533
TX000099,C0244,2026-02-12T07:47:00,207.37,retail,City-4,D1,card,367
TX000100,C0168,2026-01-29T16:55:00,117.08,cash,City-3,D0,card,1565
TX000101,C0153,2026-03-26T10:07:00,357.25,cash,City-3,D0,card,1486
TX000102,C0030,2026-01-06T21:32:00,1178.15,grocery,City-10,D8110,card,645
TX000103,C0014,2026-01-05T14:04:00,186.44,cash,City-4,D2,card,149
TX000104,C0269,2026-03-04T20:05:00,42.34,grocery,City-4,D2,card,806
TX000105,C0069,2026-02-07T23:55:00,2329.71,retail,City-10,D3473,card,994
TX000106,C0008,2026-01-30T23:29:00,62.37,grocery,City-3,D2,card,1687
TX000107,C0158,2026-01-24T10:21:00,106.64,cash,City-3,D2,card,975
TX000108,C0258,2026-03-03T11:50:00,56.73,retail,City-3,D0,card,1862
TX000109,C0144,2026-01-05T08:54:00,247.78,retail,City-4,D0,card,326
TX000110,C0181,2026-01-05T06:19:00,408.05,retail,City-1,D1,card,48
TX000111,C0279,2026-03-05T03:31:00,1162.25,retail,City-11,D3076,card,1192
TX000112,C0206,2026-02-17T03:49:00,1584.21,cash,City-15,D9955,card,1715
TX000113,C0087,2026-01-23T21:12:00,125.53,cash,City-2,D0,card,1218
TX000114,C0272,2026-03-30T14:50:00,29.75,retail,City-2,D2,card,657
TX000115,C0164,2026-03-13T22:18:00,408.99,travel,City-4,D2,card,845
TX000116,C0190,2026-01-29T14:05:00,438.67,travel,City-0,D1,card,712
TX000117,C0115,2026-01-02T17:06:00,194.64,cash,City-0,D1,card,1424
TX000118,C0090,2026-03-08T11:20:00,92.11,retail,City-0,D0,card,1199
TX000119,C0070,2026-01-12T08:13:00,64.48,retail,City-0,D1,card,370
TX000120,C0238,2026-02-15T15:45:00,30.97,cash,City-3,D1,card,62
TX000121,C0166,2026-03-31T09:03:00,337.91,travel,City-1,D1,card,1797
TX000122,C0027,2026-03-21T05:37:00,25.45,retail,City-2,D0,card,568
TX000123,C0216,2026-01-05T13:07:00,93.33,grocery,City-1,D0,card,1337
TX000124,C0293,2026-01-15T01:31:00,1362.33,retail,City-16,D3282,card,1250
TX000125,C0183,2026-03-09T15:35:00,167.54,travel,City-3,D0,card,1079
TX000126,C0217,2026-03-06T14:02:00,67.28,cash,City-2,D1,card,325
TX000127,C0125,2026-01-04T03:58:00,191.97,cash,City-0,D2,card,736
TX000128,C0156,2026-03-11T11:59:00,98.34,cash,City-1,D0,card,1325
TX000129,C0118,2026-02-02T08:50:00,211.5,cash,City-3,D1,card,552
TX000130,C0053,2026-01-31T20:06:00,162.61,grocery,City-3,D2,card,1763
TX000131,C0220,2026-02-07T04:04:00,139.79,travel,City-0,D1,card,204
TX000132,C0222,2026-03-27T11:27:00,326.93,travel,City-2,D0,card,905
TX000133,C0031,2026-03-19T12:11:00,276.37,cash,City-1,D1,card,1020
TX000134,C0029,2026-02-11T00:32:00,642.71,retail,City-4,D2,card,444
TX000135,C0293,2026-03-25T19:32:00,136.86,cash,City-3,D2,card,1268
TX000136,C0118,2026-02-21T10:13:00,781.94,travel,City-3,D1,card,787
TX000137,C0122,2026-02-15T09:14:00,48.15,grocery,City-2,D2,card,163
TX000138,C0059,2026-03-11T04:51:00,77.02,retail,City-4,D2,card,684
TX000139,C0048,2026-01-03T03:09:00,117.51,cash,City-3,D0,card,1462
TX000140,C0073,2026-02-22T13:53:00,109.8,cash,City-3,D1,card,707
TX000141,C0083,2026-02-13T02:21:00,47.89,travel,City-3,D2,card,142
TX000142,C0140,2026-01-01T18:32:00,235.24,grocery,City-0,D2,card,206
TX000143,C0287,2026-03-21T12:36:00,70.47,retail,City-2,D2,card,491
TX000144,C0075,2026-01-28T03:30:00,124.58,cash,City-0,D0,card,1552
TX000145,C0270,2026-02-01T22:27:00,27.76,cash,City-0,D0,card,1189
TX000146,C0021,2026-01-21T00:18:00,276.58,travel,City-1,D0,card,867
TX000147,C0029,2026-02-06T05:31:00,193.25,travel,City-4,D2,card,1056
TX000148,C0049,2026-01-10T14:24:00,67.28,cash,City-4,D1,card,768
TX000149,C0175,2026-03-18T07:28:00,51.9,grocery,City-0,D1,card,1675
TX000150,C0121,2026-01-04T21:13:00,251.44,retail,City-1,D1,card,1218
TX000151,C0282,2026-03-07T09:44:00,102.8,retail,City-2,D0,card,788
TX000152,C0079,2026-02-28T13:30:00,227.42,grocery,City-4,D1,card,151
TX000153,C0134,2026-01-13T01:38:00,384.55,cash,City-4,D2,card,1161
TX000154,C0262,2026-03-06T19:04:00,179.41,retail,City-2,D1,card,686
TX000155,C0073,2026-01-07T16:31:00,76.31,cash,City-3,D1,card,36
TX000156,C0233,2026-02-10T15:22:00,579.69,travel,City-3,D2,card,804
TX000157,C0160,2026-02-02T08:59:00,67.67,retail,City-0,D1,card,389
TX000158,C0285,2026-01-14T04:54:00,380.07,retail,City-0,D0,card,764
TX000159,C0166,2026-03-20T16:31:00,323.14,retail,City-1,D1,card,778
TX000160,C0035,2026-03-24T09:19:00,143.13,travel,City-0,D2,card,171
TX000161,C0139,2026-03-01T10:33:00,47.74,retail,City-4,D1,card,1684
TX000162,C0296,2026-02-03T09:05:00,75.97,grocery,City-1,D2,card,1683
TX000163,C0045,2026-02-20T07:45:00,193.68,retail,City-0,D0,card,1865
TX000164,C0102,2026-01-05T20:50:00,342.15,cash,City-2,D0,card,1285
TX000165,C0238,2026-02-17T19:01:00,33.61,grocery,City-3,D1,card,595
TX000166,C0191,2026-01-26T02:44:00,499.4,grocery,City-16,D2161,card,885
TX000167,C0045,2026-01-14T18:51:00,361.3,cash,City-0,D0,card,1305
TX000168,C0095,2026-01-28T06:15:00,429.66,travel,City-0,D2,card,1326
TX000169,C0179,2026-02-17T07:12:00,376.61,grocery,City-4,D2,card,1124
TX000170,C0053,2026-02-22T12:42:00,324.66,retail,City-3,D2,card,1976
TX000171,C0134,2026-03-09T14:04:00,215.2,travel,City-4,D2,card,369
TX000172,C0090,2026-03-08T03:00:00,184.12,travel,City-0,D0,card,806
TX000173,C0120,2026-02-23T01:28:00,344.6,travel,City-0,D0,card,1458
TX000174,C0272,2026-02-06T05:51:00,43.83,grocery,City-2,D2,card,1402
TX000175,C0122,2026-03-16T10:49:00,56.74,retail,City-2,D2,card,670
TX000176,C0200,2026-01-28T10:52:00,444.84,retail,City-0,D2,card,1778
TX000177,C0097,2026-03-26T13:49:00,46.19,cash,City-2,D1,card,1509
TX000178,C0074,2026-03-20T09:42:00,47.98,grocery,City-4,D2,card,1538
TX000179,C0041,2026-03-24T07:04:00,392.99,cash,City-1,D2,card,1490
TX000180,C0060,2026-03-11T05:14:00,106.76,cash,City-0,D0,card,1177
TX000181,C0183,2026-01-06T18:31:00,143.17,grocery,City-3,D0,card,1444
TX000182,C0292,2026-02-19T00:03:00,296.85,retail,City-2,D1,card,1092
TX000183,C0120,2026-02-02T15:08:00,380.35,grocery,City-0,D0,card,377
TX000184,C0280,2026-03-19T02:17:00,26.88,travel,City-0,D1,card,1418
TX000185,C0146,2026-03-14T19:45:00,105.97,retail,City-1,D2,card,823
TX000186,C0273,2026-03-26T05:56:00,160.46,cash,City-3,D0,card,71
TX000187,C0223,2026-01-10T11:19:00,402.75,grocery,City-3,D1,card,1263
TX000188,C0136,2026-02-27T00:59:00,411.28,grocery,City-1,D1,card,631
TX000189,C0077,2026-01-26T18:38:00,254.96,retail,City-2,D2,card,1325
TX000190,C0244,2026-02-02T22:33:00,188.76,retail,City-4,D1,card,107
TX000191,C0100,2026-01-22T02:34:00,700.76,retail,City-0,D1,card,1408
TX000192,C0232,2026-02-10T13:17:00,349.36,cash,City-2,D1,card,594
TX000193,C0057,2026-02-06T02:20:00,431.38,travel,City-2,D0,card,1759
TX000194,C0279,2026-03-26T11:02:00,384.07,retail,City-4,D0,card,1189
TX000195,C0237,2026-01-21T02:58:00,335.55,travel,City-2,D0,card,921
TX000196,C0033,2026-01-15T00:22:00,219.94,grocery,City-3,D0,card,1027
TX000197,C0165,2026-03-13T16:23:00,234.67,travel,City-0,D0,card,32
TX000198,C0297,2026-01-10T12:53:00,316.07,retail,City-2,D0,card,1376
TX000199,C0218,2026-01-27T17:28:00,651.98,grocery,City-3,D2,card,380
TX000200,C0127,2026-02-01T19:12:00,1300.79,travel,City-16,D9154,card,1647
TX000201,C0280,2026-02-07T11:59:00,80.66,travel,City-0,D1,card,1608
TX000202,C0050,2026-02-14T05:06:00,104.66,travel,City-0,D2,card,1761
TX000203,C0274,2026-01-09T15:33:00,328.38,grocery,City-4,D1,card,163
TX000204,C0153,2026-03-18T23:32:00,830.51,grocery,City-13,D7719,card,1651
TX000205,C0102,2026-01-16T02:52:00,48.52,grocery,City-2,D0,card,1651
TX000206,C0165,2026-02-18T12:06:00,305.58,grocery,City-0,D0,card,807
TX000207,C0163,2026-03-08T09:38:00,39.69,retail,City-3,D1,card,1023
TX000208,C0161,2026-03-09T12:34:00,129.75,grocery,City-1,D2,card,461
TX000209,C0187,2026-01-19T18:05:00,82.43,cash,City-2,D1,card,199
TX000210,C0101,2026-01-16T20:47:00,456.88,retail,City-1,D2,card,815
TX000211,C0209,2026-03-31T03:14:00,166.9,retail,City-4,D2,card,913
TX000212,C0275,2026-02-05T08:42:00,334.91,cash,City-0,D2,card,1749
TX000213,C0136,2026-01-18T07:22:00,326.48,cash,City-1,D1,card,599
TX000214,C0075,2026-03-08T03:00:00,88.6,grocery,City-0,D0,card,1662
TX000215,C0111,2026-03-25T18:52:00,1027.92,travel,City-12,D3341,card,598
TX000216,C0125,2026-02-01T08:49:00,102.33,travel,City-0,D2,card,340
TX000217,C0115,2026-01-15T14:58:00,417.78,grocery,City-0,D1,card,917
TX000218,C0169,2026-02-02T14:37:00,508.31,retail,City-4,D1,card,48
TX000219,C0063,2026-03-12T00:50:00,367.61,retail,City-3,D0,card,1684
TX000220,C0267,2026-03-17T15:25:00,129.99,cash,City-2,D0,card,965
TX000221,C0017,2026-02-11T18:01:00,118.23,retail,City-2,D2,card,623
TX000222,C0203,2026-02-07T07:51:00,49.04,retail,City-3,D2,card,236
TX000223,C0126,2026-02-28T15:20:00,142.0,cash,City-1,D0,card,385
TX000224,C0096,2026-02-17T06:20:00,108.16,grocery,City-1,D0,card,704
TX000225,C0079,2026-03-14T02:25:00,255.95,cash,City-4,D1,card,93
TX000226,C0278,2026-01-05T13:51:00,189.94,retail,City-3,D2,card,935
TX000227,C0185,2026-03-28T15:16:00,495.79,cash,City-0,D2,card,233
TX000228,C0245,2026-02-09T20:01:00,498.32,retail,City-0,D2,card,443
TX000229,C0120,2026-01-08T18:34:00,188.26,travel,City-0,D0,card,1834
TX000230,C0241,2026-01-30T08:13:00,195.37,grocery,City-1,D1,card,1075
TX000231,C0148,2026-03-14T11:25:00,197.12,grocery,City-3,D1,card,1595
TX000232,C0175,2026-01-20T12:24:00,54.09,retail,City-0,D1,card,1964
TX000233,C0030,2026-02-21T23:11:00,193.91,grocery,City-0,D0,card,1343
TX000234,C0122,2026-02-04T02:44:00,58.43,cash,City-2,D2,card,1610
TX000235,C0279,2026-01-25T09:12:00,170.62,grocery,City-4,D0,card,1939
TX000236,C0170,2026-02-01T12:55:00,153.61,travel,City-0,D2,card,758
TX000237,C0096,2026-02-17T21:25:00,157.92,retail,City-1,D0,card,632
TX000238,C0049,2026-03-19T16:38:00,80.88,retail,City-4,D1,card,1567
TX000239,C0168,2026-02-17T08:33:00,136.64,cash,City-3,D0,card,1942
TX000240,C0278,2026-03-31T07:26:00,461.24,retail,City-3,D2,card,1323
TX000241,C0283,2026-03-24T22:03:00,140.18,travel,City-3,D1,card,1958
TX000242,C0001,2026-02-20T02:21:00,5895.18,travel,City-3,D8668,card,501
TX000243,C0148,2026-02-21T02:28:00,194.82,cash,City-3,D1,card,1874
TX000244,C0099,2026-03-18T13:55:00,950.2,travel,City-4,D0,card,144
TX000245,C0081,2026-01-14T11:28:00,148.54,grocery,City-1,D0,card,453
TX000246,C0160,2026-03-13T06:26:00,32.19,cash,City-0,D1,card,1707
TX000247,C0056,2026-02-22T03:57:00,201.89,grocery,City-1,D2,card,261
TX000248,C0030,2026-01-23T00:01:00,427.18,travel,City-0,D0,card,1287
TX000249,C0294,2026-03-26T03:29:00,594.48,grocery,City-4,D0,card,281
TX000250,C0125,2026-01-20T21:49:00,301.97,cash,City-0,D2,card,165
TX000251,C0085,2026-01-06T22:41:00,134.28,retail,City-0,D1,card,1881
TX000252,C0156,2026-02-22T04:15:00,222.91,retail,City-1,D0,card,1264
TX000253,C0200,2026-01-13T06:33:00,156.67,retail,City-0,D2,card,1174
TX000254,C0138,2026-02-10T06:14:00,155.82,retail,City-3,D0,card,1161
TX000255,C0056,2026-02-16T02:01:00,121.51,cash,City-1,D2,card,421
TX000256,C0121,2026-01-23T01:33:00,620.38,retail,City-1,D1,card,1177
TX000257,C0195,2026-02-02T09:12:00,83.77,grocery,City-0,D0,card,293
TX000258,C0129,2026-03-31T10:03:00,1742.29,travel,City-1,D2830,card,1420
TX000259,C0163,2026-01-28T03:48:00,34.83,grocery,City-3,D1,card,1873
TX000260,C0228,2026-03-17T08:56:00,363.58,retail,City-3,D0,card,1674
TX000261,C0281,2026-01-15T00:26:00,74.07,cash,City-1,D2,card,1147
TX000262,C0212,2026-02-05T18:01:00,150.91,retail,City-2,D2,card,1938
TX000263,C0086,2026-01-28T23:00:00,350.58,retail,City-1,D2,card,1929
TX000264,C0059,2026-01-09T11:39:00,104.64,travel,City-4,D2,card,1665
TX000265,C0038,2026-03-29T19:56:00,53.46,travel,City-3,D2,card,280
TX000266,C0276,2026-03-13T14:54:00,156.22,cash,City-1,D0,card,1800
TX000267,C0064,2026-03-29T11:05:00,72.39,grocery,City-4,D1,card,929
TX000268,C0258,2026-02-04T18:29:00,52.12,retail,City-3,D0,card,206
TX000269,C0217,2026-01-07T23:15:00,47.29,retail,City-2,D1,card,1863
TX000270,C0250,2026-03-19T10:22:00,3649.57,retail,City-16,D2968,card,785
TX000271,C0154,2026-01-04T15:47:00,34.85,retail,City-4,D1,card,1139
TX000272,C0014,2026-01-14T08:33:00,153.32,retail,City-4,D2,card,322
TX000273,C0170,2026-03-01T09:47:00,179.8,travel,City-0,D2,card,1598
TX000274,C0060,2026-02-28T16:05:00,751.83,cash,City-0,D0,card,1260
TX000275,C0284,2026-02-12T11:23:00,163.02,retail,City-4,D2,card,832
TX000276,C0131,2026-01-30T07:15:00,376.64,cash,City-1,D2,card,273
TX000277,C0162,2026-01-17T16:53:00,209.15,travel,City-2,D0,card,373
TX000278,C0201,2026-03-11T02:04:00,589.46,travel,City-1,D0,card,1808
TX000279,C0050,2026-03-15T23:52:00,65.81,retail,City-0,D2,card,1190
TX000280,C0149,2026-03-26T07:22:00,31.88,grocery,City-4,D2,card,575
TX000281,C0298,2026-03-24T22:55:00,525.44,grocery,City-3,D1,card,1947
TX000282,C0020,2026-03-06T18:30:00,590.92,travel,City-0,D2,card,1234
TX000283,C0015,2026-02-14T11:51:00,218.07,cash,City-0,D0,card,587
TX000284,C0142,2026-02-28T08:04:00,5686.04,cash,City-9,D5104,card,1286
TX000285,C0057,2026-03-19T01:27:00,532.1,grocery,City-2,D0,card,1335
TX000286,C0233,2026-03-02T11:12:00,169.24,travel,City-3,D2,card,867
TX000287,C0188,2026-03-15T02:11:00,170.99,grocery,City-3,D2,card,935
TX000288,C0159,2026-01-20T09:28:00,329.06,grocery,City-4,D0,card,421
TX000289,C0112,2026-02-26T09:56:00,128.24,travel,City-2,D1,card,566
TX000290,C0168,2026-01-10T23:09:00,120.72,grocery,City-3,D0,card,419
TX000291,C0118,2026-01-27T05:16:00,196.93,travel,City-3,D1,card,1528
TX000292,C0050,2026-03-05T17:37:00,148.41,cash,City-0,D2,card,972
TX000293,C0240,2026-01-14T06:26:00,254.65,grocery,City-0,D0,card,280
TX000294,C0212,2026-02-19T12:31:00,85.22,grocery,City-2,D2,card,977
TX000295,C0072,2026-03-12T09:34:00,475.33,retail,City-2,D0,card,913
TX000296,C0131,2026-03-15T20:24:00,675.19,retail,City-1,D2,card,377
TX000297,C0069,2026-02-12T01:45:00,73.13,cash,City-4,D0,card,1511
TX000298,C0052,2026-01-29T05:54:00,330.03,retail,City-2,D1,card,894
TX000299,C0210,2026-01-28T06:24:00,133.84,travel,City-0,D0,card,1533
TX000300,C0017,2026-03-25T16:48:00,42.46,retail,City-2,D2,card,1738
TX000301,C0187,2026-03-31T21:28:00,54.38,cash,City-2,D1,card,1819
TX000302,C0151,2026-03-13T05:32:00,619.17,travel,City-1,D1,card,61
TX000303,C0174,2026-02-12T22:45:00,111.35,grocery,City-4,D0,card,1149
TX000304,C0229,2026-02-19T16:40:00,159.79,travel,City-4,D1,card,473
TX000305,C0059,2026-03-13T08:53:00,44.71,travel,City-4,D2,card,1749
TX000306,C0035,2026-03-22T02:10:00,106.86,travel,City-0,D2,card,558
TX000307,C0246,2026-02-24T13:36:00,112.71,cash,City-1,D0,card,1127
TX000308,C0184,2026-01-27T16:00:00,155.37,travel,City-4,D1,card,144
TX000309,C0188,2026-03-27T10:28:00,164.24,retail,City-3,D2,card,1372
TX000310,C0201,2026-01-18T06:32:00,560.48,cash,City-1,D0,card,551
TX000311,C0276,2026-03-24T04:41:00,99.89,cash,City-1,D0,card,1634
TX000312,C0126,2026-01-22T04:09:00,88.09,travel,City-1,D0,card,551
TX000313,C0001,2026-02-08T16:42:00,191.74,cash,City-1,D1,card,1558
TX000314,C0182,2026-03-11T11:11:00,114.16,cash,City-2,D2,card,449
TX000315,C0202,2026-01-01T09:18:00,78.56,cash,City-2,D1,card,106
TX000316,C0062,2026-01-19T17:16:00,303.54,cash,City-2,D2,card,205
TX000317,C0042,2026-02-05T13:42:00,100.14,retail,City-2,D0,card,402
TX000318,C0051,2026-01-18T14:16:00,14.88,travel,City-1,D0,card,1727
TX000319,C0157,2026-02-27T19:15:00,322.77,retail,City-2,D1,card,841
TX000320,C0195,2026-02-06T07:14:00,187.59,cash,City-0,D0,card,1467
TX000321,C0026,2026-03-09T21:52:00,353.35,retail,City-1,D2,card,425
TX000322,C0052,2026-01-17T16:24:00,402.32,retail,City-2,D1,card,1598
TX000323,C0063,2026-03-23T16:25:00,355.06,travel,City-3,D0,card,570
TX000324,C0035,2026-01-23T22:12:00,70.79,travel,City-0,D2,card,822
TX000325,C0278,2026-01-21T05:19:00,408.56,grocery,City-3,D2,card,99
TX000326,C0025,2026-01-15T13:47:00,138.06,retail,City-0,D1,card,445
TX000327,C0117,2026-03-24T13:34:00,102.65,retail,City-2,D0,card,478
TX000328,C0156,2026-01-05T13:09:00,75.35,retail,City-1,D0,card,1249
TX000329,C0161,2026-03-10T09:31:00,418.57,retail,City-1,D2,card,1878
TX000330,C0031,2026-03-07T13:17:00,389.26,retail,City-1,D1,card,1069
TX000331,C0295,2026-03-09T00:42:00,122.66,grocery,City-0,D1,card,262
TX000332,C0296,2026-01-22T10:48:00,371.85,travel,City-1,D2,card,1177
TX000333,C0257,2026-02-05T13:25:00,51.33,cash,City-2,D2,card,516
TX000334,C0232,2026-03-08T06:53:00,348.24,cash,City-2,D1,card,401
TX000335,C0101,2026-03-13T13:42:00,403.09,cash,City-1,D2,card,1838
TX000336,C0047,2026-03-30T13:50:00,127.11,travel,City-2,D2,card,963
TX000337,C0021,2026-03-30T19:07:00,174.7,travel,City-1,D0,card,1754
TX000338,C0029,2026-01-26T13:33:00,270.07,travel,City-4,D2,card,1960
TX000339,C0144,2026-03-21T12:25:00,182.85,retail,City-4,D0,card,693
TX000340,C0070,2026-02-24T13:44:00,76.07,cash,City-0,D1,card,78
TX000341,C0136,2026-01-20T19:32:00,301.82,travel,City-1,D1,card,1006
TX000342,C0142,2026-01-05T23:15:00,295.65,cash,City-2,D1,card,90
TX000343,C0252,2026-02-05T16:18:00,153.46,grocery,City-2,D0,card,1506
TX000344,C0161,2026-01-24T04:26:00,290.07,grocery,City-1,D2,card,455
TX000345,C0164,2026-02-17T19:35:00,678.52,cash,City-4,D2,card,484
TX000346,C0122,2026-01-03T10:42:00,45.38,retail,City-2,D2,card,1282
TX000347,C0111,2026-03-08T23:01:00,237.53,retail,City-1,D0,card,915
TX000348,C0018,2026-02-27T15:20:00,311.51,cash,City-3,D0,card,1629
TX000349,C0017,2026-02-01T11:03:00,46.5,grocery,City-2,D2,card,1945
TX000350,C0050,2026-03-23T06:14:00,78.81,cash,City-0,D2,card,363
TX000351,C0087,2026-01-20T01:25:00,105.67,grocery,City-2,D0,card,170
TX000352,C0018,2026-03-31T02:01:00,350.42,travel,City-3,D0,card,1659
TX000353,C0220,2026-02-22T05:19:00,140.2,grocery,City-0,D1,card,1767
TX000354,C0092,2026-02-27T11:05:00,100.51,grocery,City-2,D2,card,911
TX000355,C0211,2026-02-01T03:29:00,223.06,grocery,City-1,D1,card,1599
TX000356,C0234,2026-01-24T11:07:00,728.83,cash,City-4,D0,card,1688
TX000357,C0206,2026-01-30T17:14:00,52.53,cash,City-1,D2,card,183
TX000358,C0264,2026-03-10T20:27:00,553.51,grocery,City-4,D0,card,1387
TX000359,C0195,2026-03-23T21:09:00,71.5,retail,City-0,D0,card,600
TX000360,C0101,2026-02-19T21:15:00,797.34,retail,City-1,D2,card,1258
TX000361,C0277,2026-01-13T03:46:00,150.95,travel,City-2,D1,card,1374
TX000362,C0182,2026-01-07T15:59:00,205.77,grocery,City-2,D2,card,200
TX000363,C0298,2026-01-21T00:18:00,1123.46,cash,City-3,D1,card,497
TX000364,C0253,2026-03-16T16:15:00,121.82,cash,City-3,D1,card,960
TX000365,C0162,2026-02-14T22:15:00,127.24,cash,City-2,D0,card,998
TX000366,C0287,2026-02-17T13:54:00,318.83,retail,City-2,D2,card,171
TX000367,C0122,2026-02-16T09:53:00,36.4,grocery,City-2,D2,card,1002
TX000368,C0167,2026-02-12T03:34:00,160.28,travel,City-2,D2,card,386
TX000369,C0127,2026-01-20T12:32:00,78.92,travel,City-2,D1,card,880
TX000370,C0109,2026-03-11T05:33:00,313.92,retail,City-4,D1,card,1152
TX000371,C0292,2026-01-14T21:15:00,304.61,grocery,City-2,D1,card,1264
TX000372,C0058,2026-01-30T08:40:00,64.39,grocery,City-3,D1,card,1526
TX000373,C0045,2026-01-21T18:16:00,326.7,retail,City-0,D0,card,1519
TX000374,C0147,2026-03-18T11:25:00,90.61,travel,City-2,D0,card,595
TX000375,C0104,2026-01-23T12:56:00,257.51,cash,City-4,D2,card,1987
TX000376,C0002,2026-03-31T03:00:00,308.55,travel,City-2,D2,card,1724
TX000377,C0120,2026-03-25T23:08:00,326.15,travel,City-0,D0,card,1670
TX000378,C0067,2026-01-28T06:54:00,280.28,grocery,City-2,D1,card,1970
TX000379,C0275,2026-03-23T13:11:00,177.13,retail,City-0,D2,card,662
TX000380,C0191,2026-02-19T06:07:00,120.02,travel,City-1,D2,card,1284
TX000381,C0123,2026-02-06T17:58:00,120.64,grocery,City-3,D0,card,681
TX000382,C0158,2026-01-12T10:48:00,151.72,cash,City-3,D2,card,909
TX000383,C0016,2026-01-21T12:11:00,140.85,retail,City-1,D1,card,71
TX000384,C0292,2026-01-29T11:20:00,412.6,cash,City-2,D1,card,571
TX000385,C0206,2026-03-14T11:10:00,272.59,retail,City-2,D2398,card,1052
TX000386,C0181,2026-02-04T10:31:00,221.0,retail,City-1,D1,card,920
TX000387,C0240,2026-02-19T08:01:00,360.67,retail,City-0,D0,card,1200
TX000388,C0271,2026-03-22T18:19:00,100.61,retail,City-1,D1,card,1622
TX000389,C0197,2026-03-28T08:54:00,206.21,cash,City-2,D2,card,1746
TX000390,C0148,2026-03-11T10:42:00,427.9,grocery,City-3,D1,card,1488
TX000391,C0067,2026-03-06T02:38:00,2635.62,grocery,City-11,D6795,card,517
TX000392,C0183,2026-01-20T22:39:00,71.07,travel,City-3,D0,card,120
TX000393,C0030,2026-03-04T12:54:00,182.43,retail,City-0,D0,card,381
TX000394,C0012,2026-01-15T14:41:00,132.59,grocery,City-2,D0,card,193
TX000395,C0053,2026-02-09T05:43:00,213.73,retail,City-3,D2,card,1228
TX000396,C0278,2026-03-27T23:09:00,4665.78,cash,City-14,D9730,card,416
TX000397,C0271,2026-03-13T00:58:00,113.83,retail,City-1,D1,card,161
TX000398,C0254,2026-02-13T06:57:00,28.86,grocery,City-4,D2,card,1287
TX000399,C0171,2026-03-05T19:07:00,112.77,retail,City-1,D0,card,1414
TX000400,C0218,2026-03-07T01:06:00,619.67,travel,City-3,D2,card,1103
TX000401,C0093,2026-01-03T02:24:00,106.22,grocery,City-3,D0,card,1940
TX000402,C0052,2026-02-23T09:08:00,266.94,cash,City-2,D1,card,1056
TX000403,C0220,2026-03-01T02:25:00,283.75,grocery,City-0,D1,card,423
TX000404,C0255,2026-02-12T23:19:00,212.47,cash,City-0,D0,card,274
TX000405,C0077,2026-02-18T19:23:00,102.42,retail,City-2,D2,card,918
TX000406,C0026,2026-01-28T21:51:00,132.86,retail,City-1,D2,card,847
TX000407,C0142,2026-02-16T00:46:00,420.66,grocery,City-2,D1,card,80
TX000408,C0253,2026-01-04T04:12:00,74.38,grocery,City-3,D1,card,1607
TX000409,C0285,2026-02-01T18:31:00,139.12,cash,City-0,D0,card,1388
TX000410,C0146,2026-01-17T20:06:00,134.28,travel,City-1,D2,card,291
TX000411,C0014,2026-01-19T21:33:00,183.8,grocery,City-4,D2,card,1389
TX000412,C0124,2026-02-08T07:33:00,35.37,retail,City-4,D1,card,1380
TX000413,C0184,2026-03-10T08:59:00,444.72,retail,City-4,D1,card,844
TX000414,C0004,2026-01-30T03:14:00,75.15,grocery,City-4,D1,card,1536
TX000415,C0243,2026-01-19T11:24:00,200.01,travel,City-3,D0,card,315
TX000416,C0006,2026-03-18T21:15:00,219.8,grocery,City-1,D0,card,1483
TX000417,C0030,2026-01-30T05:11:00,388.92,retail,City-0,D0,card,1960
TX000418,C0180,2026-03-11T06:29:00,428.31,cash,City-0,D0,card,1018
TX000419,C0189,2026-03-08T08:11:00,334.28,retail,City-4,D0,card,751
TX000420,C0133,2026-03-13T10:26:00,173.69,grocery,City-3,D1,card,210
TX000421,C0296,2026-03-17T01:08:00,1427.91,grocery,City-3,D9801,card,603
TX000422,C0142,2026-03-12T23:41:00,404.68,travel,City-2,D1,card,120
TX000423,C0027,2026-03-07T17:31:00,51.34,travel,City-2,D0,card,1974
TX000424,C0291,2026-03-07T08:14:00,43.11,cash,City-1,D0,card,351
TX000425,C0134,2026-03-19T15:21:00,76.47,grocery,City-4,D2,card,678
TX000426,C0159,2026-03-05T14:37:00,250.87,grocery,City-4,D0,card,423
TX000427,C0009,2026-03-06T07:01:00,270.13,travel,City-4,D0,card,940
TX000428,C0054,2026-02-15T14:03:00,330.47,grocery,City-4,D0,card,819
TX000429,C0104,2026-02-28T18:39:00,224.85,grocery,City-4,D2,card,229
TX000430,C0255,2026-01-04T18:37:00,381.3,cash,City-0,D0,card,875
TX000431,C0102,2026-01-12T03:42:00,790.53,travel,City-7,D2176,card,614
TX000432,C0242,2026-01-14T14:14:00,49.7,travel,City-2,D2,card,849
TX000433,C0214,2026-02-17T09:47:00,636.63,retail,City-4,D1,card,250
TX000434,C0155,2026-02-10T10:41:00,256.35,travel,City-0,D2,card,714
TX000435,C0004,2026-01-24T07:02:00,55.22,retail,City-4,D1,card,1891
TX000436,C0032,2026-03-16T04:57:00,130.84,retail,City-2,D2,card,724
TX000437,C0083,2026-02-07T15:19:00,86.27,grocery,City-3,D2,card,1961
TX000438,C0101,2026-02-24T09:14:00,345.2,retail,City-1,D2,card,475
TX000439,C0060,2026-02-01T14:35:00,436.69,cash,City-0,D0,card,118
TX000440,C0151,2026-01-03T23:59:00,272.01,cash,City-1,D1,card,163
TX000441,C0229,2026-01-16T06:50:00,68.67,grocery,City-4,D1,card,270
TX000442,C0230,2026-01-07T03:01:00,114.87,cash,City-0,D2,card,1000
TX000443,C0028,2026-01-04T06:24:00,93.0,retail,City-3,D1,card,574
TX000444,C0196,2026-03-13T22:19:00,2863.01,travel,City-17,D4131,card,222
TX000445,C0225,2026-01-25T19:59:00,464.85,travel,City-0,D0,card,912
TX000446,C0138,2026-01-24T20:51:00,283.46,retail,City-3,D0,card,1762
TX000447,C0055,2026-01-25T07:56:00,449.88,cash,City-0,D1,card,675
TX000448,C0222,2026-02-15T05:25:00,282.03,grocery,City-2,D0,card,1020
TX000449,C0014,2026-01-14T15:53:00,151.12,travel,City-4,D2,card,844
TX000450,C0144,2026-03-16T03:39:00,580.02,retail,City-4,D0,card,1575
TX000451,C0149,2026-03-29T02:00:00,28.26,cash,City-4,D2,card,1067
TX000452,C0167,2026-01-16T07:09:00,578.19,grocery,City-2,D2,card,548
TX000453,C0049,2026-03-25T15:56:00,92.43,grocery,City-4,D1,card,1450
TX000454,C0078,2026-01-06T07:06:00,356.49,retail,City-3,D0,card,163
TX000455,C0152,2026-02-16T02:26:00,107.84,grocery,City-2,D2,card,263
TX000456,C0119,2026-03-26T08:01:00,341.05,grocery,City-4,D2,card,666
TX000457,C0036,2026-02-22T21:17:00,52.75,grocery,City-1,D0,card,337
TX000458,C0213,2026-01-10T08:58:00,423.77,grocery,City-3,D0,card,1748
TX000459,C0077,2026-02-13T09:55:00,478.91,cash,City-2,D2,card,254
TX000460,C0175,2026-03-25T16:00:00,31.71,grocery,City-0,D1,card,729
TX000461,C0204,2026-02-10T17:17:00,17.48,travel,City-4,D0,card,1799
TX000462,C0257,2026-01-23T19:08:00,81.03,travel,City-2,D2,card,106
TX000463,C0034,2026-02-28T20:03:00,223.46,grocery,City-4,D1,card,215
TX000464,C0239,2026-03-27T11:40:00,66.45,grocery,City-4,D2,card,298
TX000465,C0255,2026-01-29T19:32:00,390.16,grocery,City-0,D0,card,614
TX000466,C0250,2026-01-06T10:57:00,273.97,travel,City-0,D1,card,790
TX000467,C0056,2026-01-18T17:25:00,198.35,grocery,City-1,D2,card,794
TX000468,C0073,2026-02-01T02:01:00,104.1,retail,City-3,D1,card,776
TX000469,C0086,2026-02-22T21:02:00,259.18,retail,City-1,D2,card,1822
TX000470,C0273,2026-03-31T03:12:00,2637.66,travel,City-16,D5124,card,67
TX000471,C0027,2026-03-05T09:16:00,41.69,cash,City-2,D0,card,88
TX000472,C0152,2026-02-23T20:03:00,39.76,travel,City-2,D2,card,1855
TX000473,C0183,2026-02-17T05:21:00,100.37,cash,City-3,D0,card,118
TX000474,C0010,2026-01-15T00:24:00,212.9,cash,City-0,D1,card,1508
TX000475,C0194,2026-03-22T17:30:00,50.79,grocery,City-4,D2,card,1417
TX000476,C0211,2026-02-14T12:49:00,151.86,cash,City-1,D1,card,1431
TX000477,C0229,2026-01-18T11:12:00,56.41,cash,City-4,D1,card,354
TX000478,C0212,2026-02-24T14:02:00,152.7,grocery,City-2,D2,card,1397
TX000479,C0011,2026-03-22T21:55:00,266.47,retail,City-1,D2,card,1912
TX000480,C0218,2026-01-19T23:34:00,358.92,grocery,City-3,D2,card,503
TX000481,C0145,2026-03-12T18:53:00,73.49,travel,City-0,D1,card,1133
TX000482,C0129,2026-02-25T14:24:00,314.4,cash,City-4,D0,card,1658
TX000483,C0023,2026-03-10T14:19:00,329.69,grocery,City-3,D2,card,321
TX000484,C0086,2026-03-16T04:58:00,268.69,grocery,City-1,D2,card,1242
TX000485,C0275,2026-02-06T02:04:00,528.36,grocery,City-8,D9873,card,682
TX000486,C0062,2026-02-07T20:17:00,185.3,grocery,City-2,D2,card,1669
TX000487,C0174,2026-01-28T15:10:00,142.59,retail,City-4,D0,card,1479
TX000488,C0128,2026-03-16T22:06:00,87.29,grocery,City-3,D2,card,1124
TX000489,C0170,2026-01-07T05:20:00,1967.36,cash,City-6,D1071,card,1455
TX000490,C0000,2026-01-06T23:25:00,224.94,retail,City-0,D0,card,205
TX000491,C0090,2026-03-08T03:34:00,275.08,retail,City-15,D4835,card,591
TX000492,C0238,2026-03-22T00:52:00,31.88,cash,City-3,D1,card,820
TX000493,C0045,2026-01-27T03:35:00,370.54,grocery,City-0,D0,card,223
TX000494,C0265,2026-03-10T16:31:00,102.68,grocery,City-0,D1,card,1660
TX000495,C0125,2026-01-24T20:01:00,186.16,grocery,City-0,D2,card,873
TX000496,C0098,2026-03-19T20:07:00,69.62,grocery,City-3,D2,card,110
TX000497,C0044,2026-02-21T16:35:00,653.17,retail,City-4,D2,card,920
TX000498,C0208,2026-02-09T07:17:00,35.15,retail,City-3,D1,card,1154
TX000499,C0002,2026-03-30T02:19:00,2162.69,travel,City-3,D1646,card,1703
TX000500,C0177,2026-02-20T12:09:00,157.54,retail,City-2,D0,card,633
TX000501,C0178,2026-02-05T16:08:00,331.96,retail,City-3,D1,card,1022
TX000502,C0037,2026-01-20T22:15:00,272.68,cash,City-2,D1,card,1392
TX000503,C0225,2026-01-19T07:37:00,218.12,retail,City-0,D0,card,1067
TX000504,C0166,2026-02-18T01:50:00,579.28,cash,City-1,D1,card,1092
TX000505,C0204,2026-01-18T17:22:00,25.8,travel,City-4,D0,card,1839
TX000506,C0146,2026-03-29T21:42:00,247.14,travel,City-1,D2,card,299
TX000507,C0020,2026-01-09T20:17:00,188.47,retail,City-0,D2,card,1509
TX000508,C0229,2026-03-25T14:05:00,55.16,travel,City-4,D1,card,238
TX000509,C0020,2026-01-24T14:08:00,315.27,cash,City-0,D2,card,146
TX000510,C0248,2026-02-12T03:40:00,82.94,grocery,City-3,D2,card,1845
TX000511,C0209,2026-01-18T03:34:00,104.18,travel,City-4,D2,card,842
TX000512,C0131,2026-02-14T20:42:00,153.9,retail,City-1,D2,card,42
TX000513,C0060,2026-03-17T10:20:00,184.89,travel,City-0,D0,card,144
TX000514,C0014,2026-03-10T02:49:00,143.14,travel,City-4,D2,card,710
TX000515,C0197,2026-01-26T16:36:00,400.57,cash,City-2,D2,card,1603
TX000516,C0187,2026-03-11T23:49:00,40.92,retail,City-2,D1,card,236
TX000517,C0081,2026-02-19T22:26:00,61.0,travel,City-1,D0,card,682
TX000518,C0027,2026-01-02T08:23:00,19.25,travel,City-2,D0,card,1801
TX000519,C0248,2026-01-27T15:07:00,118.23,grocery,City-3,D2,card,1462
TX000520,C0133,2026-02-03T07:06:00,67.11,travel,City-3,D1,card,551
TX000521,C0110,2026-01-18T23:56:00,1845.18,cash,City-8,D5545,card,1971
TX000522,C0070,2026-01-04T08:06:00,167.47,cash,City-0,D1,card,1715
TX000523,C0115,2026-02-21T14:43:00,224.98,retail,City-0,D1,card,1849
TX000524,C0182,2026-01-18T07:47:00,248.65,retail,City-2,D2,card,1933
TX000525,C0276,2026-03-31T05:35:00,186.52,travel,City-1,D0,card,1295
TX000526,C0063,2026-01-18T19:23:00,1006.5,retail,City-3,D0,card,1265
TX000527,C0204,2026-03-06T11:11:00,43.7,grocery,City-4,D0,card,1694
TX000528,C0015,2026-01-06T01:18:00,75.95,travel,City-0,D0,card,1567
TX000529,C0192,2026-03-20T11:46:00,54.11,retail,City-2,D0,card,530
TX000530,C0029,2026-02-02T09:59:00,155.7,retail,City-4,D2,card,71
TX000531,C0068,2026-02-01T15:11:00,25.8,retail,City-3,D2,card,814
TX000532,C0168,2026-01-27T06:18:00,144.98,cash,City-3,D0,card,885
TX000533,C0045,2026-03-27T06:20:00,425.04,cash,City-0,D0,card,532
TX000534,C0189,2026-02-16T06:14:00,135.76,travel,City-4,D0,card,1067
TX000535,C0004,2026-01-16T17:06:00,40.57,cash,City-4,D1,card,312
TX000536,C0113,2026-02-15T15:31:00,1840.5,travel,City-7,D8472,card,522
TX000537,C0041,2026-02-17T11:29:00,486.74,grocery,City-1,D2,card,370
TX000538,C0184,2026-01-29T18:28:00,513.78,retail,City-4,D1,card,1013
TX000539,C0032,2026-02-27T22:28:00,115.01,travel,City-2,D2,card,1394
TX000540,C0297,2026-01-03T06:05:00,512.89,cash,City-2,D0,card,91
TX000541,C0244,2026-02-25T14:09:00,500.3,retail,City-4,D1,card,1047
TX000542,C0203,2026-02-24T08:31:00,60.24,travel,City-3,D2,card,226
TX000543,C0137,2026-02-28T22:47:00,217.65,travel,City-2,D2,card,1128
TX000544,C0192,2026-03-09T14:10:00,91.2,retail,City-2,D0,card,1251
TX000545,C0078,2026-03-04T16:55:00,212.43,grocery,City-3,D0,card,1677
TX000546,C0106,2026-01-07T21:45:00,187.51,travel,City-1,D1,card,907
TX000547,C0260,2026-01-31T02:12:00,133.81,retail,City-0,D2,card,822
TX000548,C0256,2026-03-11T02:08:00,306.14,cash,City-1,D1,card,275
TX000549,C0245,2026-01-27T14:02:00,168.88,grocery,City-0,D2,card,831
TX000550,C0281,2026-03-26T19:48:00,111.8,cash,City-1,D2,card,1344
TX000551,C0156,2026-02-11T02:34:00,104.78,retail,City-1,D0,card,313
TX000552,C0138,2026-02-25T06:40:00,398.86,retail,City-3,D0,card,721
TX000553,C0090,2026-03-21T19:09:00,32.13,grocery,City-0,D0,card,1552
TX000554,C0025,2026-01-25T09:39:00,142.97,grocery,City-0,D1,card,1725
TX000555,C0167,2026-03-16T01:49:00,334.97,cash,City-2,D2,card,1920
TX000556,C0105,2026-01-21T13:12:00,192.35,retail,City-0,D0,card,862
TX000557,C0214,2026-02-20T10:24:00,362.25,travel,City-4,D1,card,505
TX000558,C0298,2026-01-08T10:02:00,344.53,travel,City-3,D1,card,1271
TX000559,C0209,2026-02-16T21:18:00,139.26,travel,City-4,D2,card,442
TX000560,C0074,2026-03-16T01:32:00,72.45,cash,City-4,D2,card,1527
TX000561,C0297,2026-02-21T17:43:00,509.6,cash,City-2,D0,card,1766
TX000562,C0101,2026-03-07T15:31:00,380.59,retail,City-1,D2,card,1697
TX000563,C0020,2026-03-31T09:05:00,426.28,grocery,City-0,D2,card,1496
TX000564,C0020,2026-02-10T18:11:00,351.9,grocery,City-0,D2,card,1143
TX000565,C0161,2026-01-10T12:50:00,695.44,travel,City-1,D2,card,811
TX000566,C0273,2026-02-05T11:13:00,164.71,travel,City-3,D0,card,1617
TX000567,C0117,2026-03-22T13:33:00,161.97,grocery,City-2,D0,card,950
TX000568,C0090,2026-02-25T06:50:00,68.83,grocery,City-0,D0,card,959
TX000569,C0092,2026-02-22T09:07:00,292.3,cash,City-2,D2,card,1641
TX000570,C0208,2026-03-09T02:35:00,51.98,travel,City-3,D1,card,1711
TX000571,C0081,2026-01-14T19:32:00,165.43,cash,City-1,D0,card,1486
TX000572,C0108,2026-01-22T11:46:00,59.99,grocery,City-3,D0,card,1036
TX000573,C0049,2026-03-27T09:04:00,77.59,retail,City-4,D1,card,1974
TX000574,C0148,2026-03-20T17:40:00,326.43,travel,City-3,D1,card,93
TX000575,C0283,2026-02-05T09:31:00,91.08,travel,City-3,D1,card,1079
TX000576,C0007,2026-02-04T21:47:00,207.9,retail,City-2,D1,card,952
TX000577,C0152,2026-03-22T07:45:00,61.58,travel,City-2,D2,card,1296
TX000578,C0240,2026-03-29T11:30:00,143.05,retail,City-0,D0,card,1725
TX000579,C0288,2026-01-21T09:01:00,170.09,grocery,City-3,D0,card,53
TX000580,C0126,2026-02-20T02:00:00,182.06,grocery,City-1,D0,card,729
TX000581,C0200,2026-02-06T22:20:00,166.41,cash,City-0,D2,card,1575
TX000582,C0092,2026-01-13T07:11:00,170.2,cash,City-2,D2,card,35
TX000583,C0212,2026-01-27T21:19:00,190.67,travel,City-2,D2,card,565
TX000584,C0178,2026-02-11T09:40:00,423.62,grocery,City-3,D1,card,1422
TX000585,C0027,2026-02-21T18:38:00,50.82,travel,City-2,D0,card,374
TX000586,C0063,2026-03-10T19:59:00,228.62,retail,City-3,D0,card,436
TX000587,C0232,2026-01-17T19:11:00,347.72,cash,City-2,D1,card,473
TX000588,C0010,2026-03-07T03:51:00,103.11,travel,City-0,D1,card,1767
TX000589,C0121,2026-03-13T18:38:00,412.83,travel,City-1,D1,card,1358
TX000590,C0170,2026-02-17T06:12:00,90.98,travel,City-0,D2,card,228
TX000591,C0176,2026-01-29T10:03:00,320.88,travel,City-1,D2,card,907
TX000592,C0026,2026-03-02T18:44:00,55.19,grocery,City-1,D2,card,348
TX000593,C0089,2026-03-13T22:56:00,292.58,retail,City-4,D2,card,1515
TX000594,C0180,2026-02-01T22:12:00,370.13,retail,City-0,D0,card,541
TX000595,C0158,2026-01-13T04:04:00,182.57,retail,City-3,D2,card,1286
TX000596,C0066,2026-02-01T15:02:00,254.46,retail,City-1,D0,card,1383
TX000597,C0214,2026-02-18T12:36:00,271.73,travel,City-4,D1,card,1676
TX000598,C0212,2026-01-07T18:18:00,55.62,cash,City-2,D2,card,1697
TX000599,C0024,2026-02-22T04:04:00,264.36,travel,City-4,D0,card,1368
TX000600,C0225,2026-03-11T08:03:00,695.62,travel,City-0,D0,card,150
TX000601,C0135,2026-02-23T15:03:00,15.09,travel,City-0,D0,card,677
TX000602,C0171,2026-03-07T19:01:00,176.57,retail,City-1,D0,card,118
TX000603,C0060,2026-03-20T14:11:00,328.75,grocery,City-0,D0,card,85
TX000604,C0142,2026-02-20T06:44:00,612.14,grocery,City-2,D1,card,886
TX000605,C0032,2026-03-25T02:21:00,206.28,travel,City-2,D2,card,136
TX000606,C0263,2026-03-28T00:39:00,62.1,retail,City-3,D2,card,946
TX000607,C0073,2026-01-20T19:11:00,49.67,retail,City-3,D1,card,467
TX000608,C0258,2026-02-10T14:37:00,77.22,cash,City-3,D0,card,1377
TX000609,C0105,2026-02-27T21:14:00,242.41,travel,City-0,D0,card,762
TX000610,C0183,2026-01-05T02:37:00,176.91,travel,City-3,D0,card,893
TX000611,C0227,2026-01-23T01:58:00,292.18,cash,City-2,D2,card,488
TX000612,C0176,2026-01-06T18:41:00,189.08,travel,City-1,D2,card,779
TX000613,C0083,2026-02-08T19:38:00,170.51,travel,City-3,D2,card,1523
TX000614,C0082,2026-03-26T13:25:00,541.88,retail,City-2,D1,card,1503
TX000615,C0001,2026-02-11T05:03:00,168.84,retail,City-1,D1,card,655
TX000616,C0157,2026-01-10T09:10:00,421.26,cash,City-2,D1,card,838
TX000617,C0195,2026-02-20T02:58:00,96.85,cash,City-0,D0,card,1254
TX000618,C0267,2026-03-21T01:33:00,444.72,retail,City-8,D3973,card,1072
TX000619,C0161,2026-01-01T02:08:00,190.82,grocery,City-1,D2,card,1112
TX000620,C0092,2026-01-30T14:48:00,96.14,grocery,City-2,D2,card,77
TX000621,C0147,2026-03-26T17:21:00,221.16,retail,City-2,D0,card,318
TX000622,C0265,2026-03-30T07:33:00,41.17,travel,City-0,D1,card,1973
TX000623,C0219,2026-01-08T23:01:00,269.43,cash,City-4,D0,card,1257
TX000624,C0168,2026-02-07T19:22:00,184.7,grocery,City-3,D0,card,323
TX000625,C0128,2026-03-31T17:40:00,59.14,grocery,City-3,D2,card,1936
TX000626,C0177,2026-01-06T04:25:00,294.48,travel,City-2,D0,card,1417
TX000627,C0261,2026-01-14T10:14:00,476.12,retail,City-1,D0,card,928
TX000628,C0099,2026-01-14T22:46:00,714.01,cash,City-4,D0,card,97
TX000629,C0083,2026-03-05T19:08:00,85.24,cash,City-3,D2,card,347
TX000630,C0036,2026-01-23T23:33:00,456.83,travel,City-10,D4286,card,704
TX000631,C0209,2026-03-24T04:34:00,270.32,travel,City-4,D2,card,1444
TX000632,C0264,2026-03-08T09:37:00,161.56,grocery,City-4,D0,card,1432
TX000633,C0025,2026-01-15T00:20:00,103.29,cash,City-0,D1,card,1671
TX000634,C0066,2026-03-01T18:07:00,161.46,grocery,City-1,D0,card,1496
TX000635,C0125,2026-01-02T21:25:00,294.96,cash,City-0,D2,card,1309
TX000636,C0262,2026-01-17T21:49:00,177.97,retail,City-2,D1,card,952
TX000637,C0274,2026-03-03T23:08:00,194.0,retail,City-4,D1,card,1063
TX000638,C0003,2026-01-14T04:23:00,214.99,cash,City-3,D0,card,1322
TX000639,C0290,2026-01-11T04:15:00,524.36,grocery,City-0,D2,card,1856
TX000640,C0162,2026-01-15T07:12:00,86.51,travel,City-2,D0,card,1985
TX000641,C0054,2026-01-23T19:49:00,240.79,retail,City-4,D0,card,544
TX000642,C0279,2026-01-18T11:36:00,200.65,travel,City-4,D0,card,1369
TX000643,C0213,2026-01-16T16:41:00,326.38,travel,City-3,D0,card,1664
TX000644,C0083,2026-01-18T07:54:00,178.06,retail,City-3,D2,card,1498
TX000645,C0072,2026-01-15T10:19:00,3739.75,travel,City-16,D9351,card,1649
TX000646,C0042,2026-01-28T20:36:00,325.75,retail,City-2,D0,card,961
TX000647,C0247,2026-02-28T23:02:00,265.79,cash,City-2,D1,card,223
TX000648,C0185,2026-03-16T15:07:00,79.61,grocery,City-0,D2,card,1498
TX000649,C0020,2026-01-08T14:28:00,220.62,travel,City-0,D2,card,248
TX000650,C0099,2026-01-08T03:43:00,338.0,grocery,City-4,D0,card,1781
TX000651,C0146,2026-03-10T14:04:00,180.61,cash,City-1,D2,card,1426
TX000652,C0230,2026-03-27T07:59:00,109.03,grocery,City-0,D2,card,492
TX000653,C0119,2026-02-05T09:25:00,99.88,retail,City-4,D2,card,1154
TX000654,C0052,2026-01-29T06:34:00,347.79,cash,City-2,D1,card,1723
TX000655,C0001,2026-02-24T05:13:00,217.41,grocery,City-1,D1,card,156
TX000656,C0111,2026-01-23T20:24:00,190.27,retail,City-1,D0,card,1421
TX000657,C0215,2026-02-21T03:09:00,5278.2,retail,City-18,D7056,card,1536
TX000658,C0133,2026-02-10T06:20:00,84.68,retail,City-3,D1,card,938
TX000659,C0094,2026-02-27T19:51:00,388.61,retail,City-4,D1,card,1776
TX000660,C0146,2026-01-09T18:41:00,167.82,travel,City-1,D2,card,1240
TX000661,C0259,2026-02-14T14:21:00,272.55,cash,City-4,D1,card,454
TX000662,C0151,2026-01-25T06:58:00,481.72,retail,City-1,D1,card,511
TX000663,C0049,2026-03-21T10:52:00,62.22,cash,City-4,D1,card,837
TX000664,C0195,2026-01-17T08:59:00,133.35,grocery,City-0,D0,card,62
TX000665,C0159,2026-03-28T18:16:00,758.8,retail,City-4,D0,card,1742
TX000666,C0003,2026-03-23T14:42:00,117.88,retail,City-3,D0,card,1229
TX000667,C0231,2026-01-25T01:22:00,526.8,retail,City-1,D0,card,1328
TX000668,C0090,2026-03-12T06:47:00,128.05,cash,City-0,D0,card,434
TX000669,C0139,2026-02-10T19:48:00,66.43,grocery,City-4,D1,card,1753
TX000670,C0050,2026-03-24T10:41:00,57.59,retail,City-0,D2,card,947
TX000671,C0270,2026-01-05T06:32:00,42.39,travel,City-0,D0,card,537
TX000672,C0047,2026-01-16T07:04:00,72.24,retail,City-2,D2,card,1919
TX000673,C0211,2026-03-10T11:24:00,314.21,travel,City-1,D1,card,683
TX000674,C0213,2026-02-28T04:16:00,406.52,grocery,City-3,D0,card,624
TX000675,C0204,2026-01-23T23:12:00,29.26,retail,City-4,D0,card,919
TX000676,C0142,2026-02-26T22:05:00,301.84,cash,City-2,D1,card,563
TX000677,C0299,2026-01-25T13:19:00,336.47,cash,City-4,D2,card,682
TX000678,C0237,2026-02-10T21:01:00,209.7,grocery,City-2,D0,card,1097
TX000679,C0075,2026-01-12T14:22:00,78.2,retail,City-0,D0,card,870
TX000680,C0070,2026-03-23T02:23:00,91.5,grocery,City-0,D1,card,1451
TX000681,C0151,2026-03-10T11:48:00,389.85,retail,City-1,D1,card,1560
TX000682,C0011,2026-02-03T21:19:00,453.14,grocery,City-1,D2,card,1992
TX000683,C0021,2026-01-06T17:30:00,173.43,retail,City-1,D0,card,1478
TX000684,C0020,2026-03-06T01:18:00,210.3,grocery,City-0,D2,card,31
TX000685,C0049,2026-02-23T20:49:00,124.05,grocery,City-4,D1,card,396
TX000686,C0144,2026-01-30T20:34:00,160.12,cash,City-4,D0,card,1834
TX000687,C0139,2026-01-29T02:08:00,37.28,cash,City-4,D1,card,310
TX000688,C0016,2026-03-06T08:14:00,172.71,retail,City-1,D1,card,219
TX000689,C0019,2026-01-17T23:17:00,157.22,grocery,City-4,D1,card,1973
TX000690,C0197,2026-03-02T11:29:00,460.56,grocery,City-2,D2,card,1365
TX000691,C0102,2026-01-04T14:47:00,200.26,travel,City-2,D0,card,38
TX000692,C0011,2026-02-15T15:37:00,395.3,cash,City-1,D2,card,998
TX000693,C0247,2026-03-26T13:00:00,1863.28,travel,City-3,D2289,card,1163
TX000694,C0086,2026-01-23T01:21:00,276.17,travel,City-1,D2,card,988
TX000695,C0209,2026-01-24T02:42:00,233.58,travel,City-4,D2,card,1170
TX000696,C0028,2026-02-18T08:04:00,106.44,cash,City-3,D1,card,640
TX000697,C0276,2026-02-17T06:00:00,170.36,cash,City-1,D0,card,1700
TX000698,C0125,2026-01-10T03:29:00,1111.62,grocery,City-4,D7310,card,1941
TX000699,C0237,2026-03-18T17:13:00,293.22,travel,City-2,D0,card,530
TX000700,C0106,2026-01-30T03:05:00,1085.29,cash,City-1,D7838,card,598
TX000701,C0208,2026-03-30T07:39:00,79.84,travel,City-3,D1,card,947
TX000702,C0058,2026-01-16T03:01:00,58.89,grocery,City-3,D1,card,498
TX000703,C0033,2026-02-16T06:53:00,85.09,retail,City-3,D0,card,60
TX000704,C0039,2026-01-22T20:08:00,354.5,grocery,City-4,D0,card,1443
TX000705,C0096,2026-03-06T04:35:00,108.33,cash,City-1,D0,card,1579
TX000706,C0089,2026-01-27T16:06:00,343.67,grocery,City-4,D2,card,584
TX000707,C0240,2026-01-11T22:56:00,476.65,cash,City-0,D0,card,1038
TX000708,C0165,2026-03-02T17:30:00,217.6,retail,City-0,D0,card,573
TX000709,C0241,2026-01-25T15:34:00,235.03,travel,City-1,D1,card,413
TX000710,C0012,2026-01-27T19:34:00,171.35,retail,City-2,D0,card,58
TX000711,C0143,2026-02-14T22:38:00,126.24,retail,City-3,D2,card,1957
TX000712,C0229,2026-03-26T10:41:00,61.43,cash,City-4,D1,card,645
TX000713,C0178,2026-02-21T04:28:00,569.93,travel,City-3,D1,card,1123
TX000714,C0245,2026-01-13T18:53:00,305.3,grocery,City-0,D2,card,1909
TX000715,C0031,2026-01-04T02:12:00,481.25,grocery,City-1,D1,card,231
TX000716,C0028,2026-01-03T17:41:00,84.41,travel,City-3,D1,card,299
TX000717,C0126,2026-02-11T16:15:00,234.99,grocery,City-1,D0,card,1251
TX000718,C0216,2026-01-22T09:56:00,202.63,grocery,City-1,D0,card,49
TX000719,C0289,2026-03-19T13:32:00,29.89,grocery,City-4,D1,card,290
TX000720,C0007,2026-02-10T03:29:00,211.89,grocery,City-2,D1,card,1744
TX000721,C0299,2026-03-24T23:58:00,350.81,retail,City-4,D2,card,435
TX000722,C0007,2026-01-11T10:53:00,197.1,cash,City-2,D1,card,1617
TX000723,C0281,2026-02-09T06:42:00,152.48,grocery,City-1,D2,card,986
TX000724,C0019,2026-01-09T17:19:00,432.25,retail,City-4,D1,card,1589
TX000725,C0093,2026-03-05T16:35:00,2714.93,travel,City-12,D2802,card,1698
TX000726,C0279,2026-02-06T14:02:00,337.32,travel,City-4,D0,card,469
TX000727,C0020,2026-03-26T23:21:00,360.74,retail,City-0,D2,card,508
TX000728,C0135,2026-02-03T00:02:00,28.82,travel,City-0,D0,card,1769
TX000729,C0242,2026-01-27T07:27:00,231.83,travel,City-2,D2,card,1648
TX000730,C0112,2026-01-15T04:25:00,137.31,grocery,City-2,D1,card,1353
TX000731,C0248,2026-03-13T14:20:00,142.75,grocery,City-3,D2,card,803
TX000732,C0267,2026-01-03T22:59:00,49.63,retail,City-2,D0,card,678
TX000733,C0060,2026-02-14T14:15:00,230.27,cash,City-0,D0,card,976
TX000734,C0169,2026-03-03T00:21:00,687.69,retail,City-4,D1,card,712
TX000735,C0082,2026-02-22T15:55:00,535.31,travel,City-2,D1,card,680
TX000736,C0175,2026-03-04T11:08:00,47.4,grocery,City-0,D1,card,898
TX000737,C0000,2026-01-02T02:01:00,5834.47,retail,City-14,D4818,card,1235
TX000738,C0003,2026-01-27T17:46:00,724.58,cash,City-3,D0,card,95
TX000739,C0086,2026-03-01T20:44:00,373.21,travel,City-1,D2,card,1049
TX000740,C0060,2026-03-26T11:53:00,225.74,cash,City-0,D0,card,1059
TX000741,C0131,2026-02-05T17:38:00,395.79,travel,City-1,D2,card,504
TX000742,C0292,2026-03-25T03:10:00,3850.5,retail,City-2,D7226,card,971
TX000743,C0194,2026-02-17T02:35:00,1118.05,retail,City-17,D8346,card,1630
TX000744,C0123,2026-02-16T10:20:00,178.13,travel,City-3,D0,card,228
TX000745,C0236,2026-03-01T07:06:00,176.45,travel,City-1,D2,card,137
TX000746,C0141,2026-01-27T22:56:00,100.46,retail,City-1,D0,card,1579
TX000747,C0214,2026-01-06T03:46:00,417.0,grocery,City-4,D1,card,704
TX000748,C0082,2026-03-01T07:26:00,357.73,grocery,City-2,D1,card,1071
TX000749,C0203,2026-01-08T18:32:00,95.4,grocery,City-3,D2,card,1648
TX000750,C0218,2026-02-20T15:03:00,110.43,grocery,City-3,D2,card,518
TX000751,C0224,2026-01-07T20:02:00,83.69,grocery,City-4,D2,card,665
TX000752,C0132,2026-01-01T15:18:00,267.63,cash,City-2,D0,card,400
TX000753,C0014,2026-01-04T15:19:00,193.88,retail,City-4,D2,card,693
TX000754,C0006,2026-03-03T02:48:00,276.75,cash,City-1,D0,card,1648
TX000755,C0011,2026-03-04T06:27:00,371.15,retail,City-1,D2,card,99
TX000756,C0047,2026-03-31T04:16:00,86.23,retail,City-2,D2,card,1807
TX000757,C0009,2026-01-02T20:09:00,451.5,grocery,City-4,D0,card,1585
TX000758,C0104,2026-01-01T14:30:00,313.71,retail,City-4,D2,card,1592
TX000759,C0021,2026-02-25T18:35:00,97.43,cash,City-1,D0,card,1934
TX000760,C0244,2026-02-09T12:41:00,328.04,grocery,City-4,D1,card,836
TX000761,C0112,2026-02-19T17:46:00,60.55,grocery,City-2,D1,card,1820
TX000762,C0051,2026-03-25T21:21:00,20.14,grocery,City-1,D0,card,1419
TX000763,C0024,2026-03-17T10:46:00,436.12,retail,City-4,D0,card,1506
TX000764,C0065,2026-03-02T21:00:00,290.42,travel,City-0,D2,card,1011
TX000765,C0088,2026-02-17T03:26:00,350.13,travel,City-16,D3079,card,1442
TX000766,C0224,2026-03-10T05:55:00,202.54,cash,City-4,D2,card,845
TX000767,C0290,2026-03-29T03:42:00,3525.22,travel,City-15,D5468,card,875
TX000768,C0242,2026-02-16T17:14:00,142.16,cash,City-2,D2,card,1217
TX000769,C0212,2026-02-10T02:50:00,187.9,cash,City-2,D2,card,1786
TX000770,C0226,2026-01-07T07:48:00,43.49,travel,City-1,D1,card,1625
TX000771,C0229,2026-03-17T18:19:00,153.88,retail,City-4,D1,card,1203
TX000772,C0114,2026-03-03T02:52:00,77.17,retail,City-4,D0,card,1866
TX000773,C0046,2026-02-13T14:59:00,264.53,retail,City-1,D1,card,1958
TX000774,C0004,2026-02-26T11:52:00,82.81,travel,City-4,D1,card,617
TX000775,C0238,2026-03-15T02:09:00,21.65,retail,City-3,D1,card,484
TX000776,C0091,2026-02-18T15:22:00,405.01,cash,City-1,D1,card,910
TX000777,C0067,2026-02-07T23:03:00,74.65,grocery,City-2,D1,card,1950
TX000778,C0299,2026-02-11T08:33:00,113.3,cash,City-4,D2,card,1304
TX000779,C0165,2026-01-26T05:36:00,143.17,grocery,City-0,D0,card,107
TX000780,C0239,2026-02-16T00:48:00,86.78,travel,City-4,D2,card,873
TX000781,C0154,2026-01-07T19:49:00,66.26,cash,City-4,D1,card,1779
TX000782,C0055,2026-03-12T17:13:00,572.98,cash,City-0,D1,card,61
TX000783,C0144,2026-01-17T04:35:00,228.27,cash,City-4,D0,card,1997
TX000784,C0042,2026-01-26T08:58:00,187.11,grocery,City-2,D0,card,1208
TX000785,C0116,2026-03-07T13:25:00,303.68,travel,City-1,D2,card,335
TX000786,C0022,2026-02-26T09:02:00,508.38,grocery,City-2,D1,card,1191
TX000787,C0216,2026-03-31T07:17:00,43.39,grocery,City-1,D0,card,254
TX000788,C0145,2026-02-10T02:13:00,153.04,cash,City-0,D1,card,149
TX000789,C0098,2026-01-24T13:27:00,36.99,retail,City-3,D2,card,966
TX000790,C0299,2026-01-28T23:47:00,251.01,cash,City-4,D2,card,500
TX000791,C0131,2026-01-01T09:04:00,362.0,travel,City-1,D2,card,1973
TX000792,C0066,2026-02-15T01:17:00,239.0,retail,City-1,D0,card,516
TX000793,C0073,2026-02-02T02:52:00,228.3,travel,City-3,D1,card,817
TX000794,C0098,2026-03-24T11:29:00,65.84,travel,City-3,D2,card,1161
TX000795,C0208,2026-03-17T16:55:00,82.82,grocery,City-3,D1,card,590
TX000796,C0289,2026-03-07T13:12:00,54.29,grocery,City-4,D1,card,321
TX000797,C0250,2026-03-11T19:21:00,315.73,cash,City-0,D1,card,438
TX000798,C0201,2026-01-19T06:03:00,290.8,retail,City-1,D0,card,1514
TX000799,C0289,2026-02-12T12:30:00,81.53,travel,City-4,D1,card,630
TX000800,C0018,2026-01-24T16:03:00,155.77,cash,City-3,D0,card,1024
TX000801,C0160,2026-01-11T05:38:00,78.65,cash,City-0,D1,card,1326
TX000802,C0052,2026-02-01T02:05:00,2694.81,retail,City-9,D8731,card,1532
TX000803,C0089,2026-02-18T14:58:00,265.48,retail,City-4,D2,card,1531
TX000804,C0095,2026-03-22T00:08:00,307.77,grocery,City-0,D2,card,1358
TX000805,C0263,2026-03-23T18:01:00,504.12,retail,City-13,D4527,card,503
TX000806,C0075,2026-02-07T18:47:00,135.21,cash,City-0,D0,card,778
TX000807,C0032,2026-02-21T19:46:00,92.86,travel,City-2,D2,card,613
TX000808,C0011,2026-02-01T03:02:00,364.32,grocery,City-1,D2,card,664
TX000809,C0277,2026-02-21T10:28:00,180.81,retail,City-2,D1,card,1483
TX000810,C0000,2026-01-16T09:22:00,141.82,retail,City-0,D0,card,393
TX000811,C0228,2026-01-09T12:14:00,140.59,travel,City-3,D0,card,1241
TX000812,C0105,2026-02-26T02:50:00,1259.84,retail,City-5,D7766,card,1982
TX000813,C0127,2026-02-13T12:12:00,61.02,retail,City-2,D1,card,106
TX000814,C0129,2026-02-07T22:47:00,106.59,travel,City-4,D0,card,1974
TX000815,C0205,2026-01-30T19:33:00,1559.65,cash,City-9,D8935,card,1476
TX000816,C0214,2026-03-20T02:00:00,728.56,travel,City-4,D1,card,1516
TX000817,C0266,2026-03-18T16:42:00,175.02,grocery,City-1,D2,card,1609
TX000818,C0243,2026-03-26T02:54:00,211.57,travel,City-3,D0,card,1044
TX000819,C0202,2026-03-18T14:14:00,388.24,cash,City-2,D1,card,1604
TX000820,C0256,2026-03-28T13:40:00,700.58,retail,City-1,D1,card,1521
TX000821,C0163,2026-03-26T06:21:00,20.08,travel,City-3,D1,card,1170
TX000822,C0271,2026-01-16T01:20:00,92.62,grocery,City-1,D1,card,1457
TX000823,C0287,2026-03-13T14:55:00,228.19,grocery,City-2,D2,card,402
TX000824,C0008,2026-03-19T02:01:00,172.95,retail,City-3,D2,card,1442
TX000825,C0061,2026-01-23T12:22:00,241.7,travel,City-1,D1,card,424
TX000826,C0257,2026-01-08T15:17:00,31.64,retail,City-2,D2,card,1510
TX000827,C0189,2026-02-11T19:32:00,131.26,grocery,City-4,D0,card,577
TX000828,C0003,2026-03-25T12:09:00,120.08,grocery,City-3,D0,card,674
TX000829,C0121,2026-01-08T22:55:00,353.7,grocery,City-1,D1,card,1586
TX000830,C0250,2026-02-16T03:06:00,346.94,grocery,City-0,D1,card,1272
TX000831,C0196,2026-03-26T14:07:00,281.75,travel,City-1,D1,card,1641
TX000832,C0140,2026-03-13T07:38:00,380.96,travel,City-0,D2,card,184
TX000833,C0242,2026-03-10T05:19:00,61.91,grocery,City-2,D2,card,1677
TX000834,C0083,2026-03-25T23:14:00,81.32,travel,City-3,D2,card,1857
TX000835,C0058,2026-03-28T10:05:00,51.84,travel,City-3,D1,card,1405
TX000836,C0004,2026-01-20T22:33:00,54.33,cash,City-4,D1,card,332
TX000837,C0030,2026-02-20T14:37:00,268.47,grocery,City-0,D0,card,1563
TX000838,C0193,2026-02-07T09:00:00,349.1,grocery,City-3,D1,card,437
TX000839,C0023,2026-01-29T02:45:00,439.71,retail,City-3,D2,card,340
TX000840,C0135,2026-03-01T22:46:00,45.9,grocery,City-0,D0,card,1602
TX000841,C0281,2026-02-21T02:21:00,173.71,retail,City-1,D2,card,151
TX000842,C0215,2026-02-08T18:42:00,337.64,retail,City-0,D2,card,581
TX000843,C0043,2026-03-03T17:23:00,120.08,grocery,City-3,D1,card,1266
TX000844,C0032,2026-02-03T03:59:00,2949.16,retail,City-7,D8227,card,1873
TX000845,C0190,2026-02-26T04:37:00,1326.45,cash,City-0,D1,card,845
TX000846,C0169,2026-02-12T07:35:00,275.67,travel,City-4,D1,card,1380
TX000847,C0295,2026-01-04T14:16:00,335.52,grocery,City-0,D1,card,1374
TX000848,C0258,2026-02-27T20:17:00,45.68,grocery,City-3,D0,card,1472
TX000849,C0191,2026-03-05T11:46:00,94.47,travel,City-1,D2,card,865
TX000850,C0151,2026-01-25T23:49:00,350.65,grocery,City-1,D1,card,1219
TX000851,C0078,2026-01-20T18:57:00,355.04,travel,City-3,D0,card,1421
TX000852,C0130,2026-01-08T07:54:00,107.5,cash,City-0,D1,card,1361
TX000853,C0002,2026-01-31T22:24:00,230.75,grocery,City-2,D2,card,1140
TX000854,C0001,2026-01-24T03:57:00,224.44,retail,City-1,D1,card,760
TX000855,C0252,2026-01-19T07:58:00,443.76,travel,City-2,D0,card,1998
TX000856,C0192,2026-01-13T22:11:00,1425.02,retail,City-7,D7456,card,1060
TX000857,C0274,2026-01-26T14:02:00,144.18,cash,City-4,D1,card,476
TX000858,C0011,2026-03-16T17:44:00,231.69,cash,City-1,D2,card,860
TX000859,C0076,2026-02-13T11:59:00,96.45,travel,City-1,D1,card,1432
TX000860,C0156,2026-03-08T19:54:00,40.04,grocery,City-1,D0,card,105
TX000861,C0120,2026-02-08T15:13:00,292.61,retail,City-0,D0,card,1477
TX000862,C0243,2026-01-10T10:20:00,200.61,grocery,City-3,D0,card,1026
TX000863,C0200,2026-02-17T11:20:00,307.71,travel,City-0,D2,card,1394
TX000864,C0245,2026-03-15T05:11:00,539.45,cash,City-0,D2,card,588
TX000865,C0115,2026-02-06T08:45:00,298.58,travel,City-0,D1,card,1843
TX000866,C0163,2026-02-14T00:48:00,43.39,retail,City-3,D1,card,1733
TX000867,C0260,2026-01-06T20:53:00,73.68,retail,City-0,D2,card,650
TX000868,C0168,2026-01-09T21:58:00,186.7,retail,City-3,D0,card,217
TX000869,C0272,2026-01-22T04:34:00,24.16,travel,City-2,D2,card,1415
TX000870,C0010,2026-02-10T08:50:00,170.52,grocery,City-0,D1,card,601
TX000871,C0194,2026-02-02T09:23:00,121.81,retail,City-4,D2,card,1856
TX000872,C0055,2026-03-16T19:46:00,172.8,retail,City-0,D1,card,449
TX000873,C0264,2026-03-20T00:38:00,220.82,cash,City-4,D0,card,1717
TX000874,C0088,2026-02-26T20:27:00,49.48,cash,City-3,D1,card,1509
TX000875,C0214,2026-03-31T00:24:00,948.55,travel,City-3,D1526,card,810
TX000876,C0101,2026-01-29T09:33:00,181.08,cash,City-1,D2,card,569
TX000877,C0279,2026-02-01T00:54:00,412.38,retail,City-4,D0,card,881
TX000878,C0020,2026-01-13T21:37:00,353.41,cash,City-0,D2,card,1058
TX000879,C0215,2026-01-18T17:28:00,526.85,cash,City-0,D2,card,137
TX000880,C0195,2026-01-13T13:05:00,76.56,grocery,City-0,D0,card,202
TX000881,C0178,2026-02-09T16:36:00,190.24,retail,City-3,D1,card,762
TX000882,C0065,2026-01-07T11:09:00,113.29,retail,City-0,D2,card,1981
TX000883,C0141,2026-03-31T15:55:00,241.5,travel,City-1,D0,card,188
TX000884,C0252,2026-01-30T02:55:00,175.93,travel,City-2,D0,card,217
TX000885,C0254,2026-02-10T18:53:00,70.98,travel,City-4,D2,card,1440
TX000886,C0080,2026-02-02T03:22:00,815.38,grocery,City-0,D2,card,1090
TX000887,C0170,2026-01-17T13:44:00,120.14,grocery,City-0,D2,card,348
TX000888,C0072,2026-02-25T02:24:00,412.18,retail,City-2,D0,card,1861
TX000889,C0165,2026-01-04T20:53:00,221.42,travel,City-0,D0,card,523
TX000890,C0243,2026-02-10T17:59:00,118.16,cash,City-3,D0,card,466
TX000891,C0294,2026-01-18T09:42:00,479.5,travel,City-4,D0,card,1599
TX000892,C0076,2026-03-27T05:17:00,148.4,travel,City-1,D1,card,975
TX000893,C0194,2026-03-23T11:12:00,160.58,cash,City-4,D2,card,1291
TX000894,C0063,2026-02-19T03:39:00,340.9,travel,City-3,D0,card,647
TX000895,C0246,2026-03-18T05:09:00,452.45,cash,City-1,D0,card,901
TX000896,C0154,2026-03-09T19:33:00,47.38,cash,City-4,D1,card,976
TX000897,C0156,2026-01-24T09:09:00,132.0,retail,City-1,D0,card,1443
TX000898,C0132,2026-03-27T11:08:00,183.02,grocery,City-2,D0,card,913
TX000899,C0196,2026-03-16T12:54:00,315.19,grocery,City-1,D1,card,1908
TX000900,C0035,2026-02-05T13:26:00,61.39,travel,City-0,D2,card,1416
TX000901,C0225,2026-01-15T12:56:00,183.96,retail,City-0,D0,card,1584
TX000902,C0197,2026-01-26T07:38:00,261.28,cash,City-2,D2,card,386
TX000903,C0230,2026-02-05T08:34:00,108.51,cash,City-0,D2,card,374
TX000904,C0029,2026-01-03T14:47:00,239.36,grocery,City-4,D2,card,1160
TX000905,C0017,2026-01-15T01:28:00,29.51,grocery,City-2,D2,card,570
TX000906,C0088,2026-03-07T15:13:00,97.11,cash,City-3,D1,card,1848
TX000907,C0089,2026-02-18T12:50:00,279.12,travel,City-4,D2,card,380
TX000908,C0143,2026-01-10T02:03:00,178.72,grocery,City-3,D2,card,397
TX000909,C0045,2026-01-20T17:37:00,369.56,retail,City-0,D0,card,1254
TX000910,C0100,2026-03-03T19:23:00,316.95,travel,City-0,D1,card,1327
TX000911,C0131,2026-02-20T09:00:00,437.64,travel,City-1,D2,card,218
TX000912,C0288,2026-03-06T01:55:00,239.11,grocery,City-3,D0,card,1051
TX000913,C0094,2026-01-29T22:42:00,119.5,travel,City-4,D1,card,1015
TX000914,C0101,2026-03-11T02:34:00,156.08,grocery,City-1,D2,card,1734
TX000915,C0288,2026-01-29T14:50:00,165.72,travel,City-3,D0,card,1602
TX000916,C0178,2026-03-21T20:00:00,207.15,travel,City-3,D1,card,330
TX000917,C0012,2026-02-16T16:32:00,192.31,travel,City-2,D0,card,1819
TX000918,C0191,2026-03-07T19:15:00,84.45,retail,City-1,D2,card,1035
TX000919,C0042,2026-01-08T02:14:00,2835.7,cash,City-4,D8160,card,1280
TX000920,C0117,2026-01-05T17:40:00,272.23,grocery,City-2,D0,card,1037
TX000921,C0142,2026-01-09T21:25:00,450.79,travel,City-2,D1,card,1578
TX000922,C0130,2026-02-12T10:57:00,131.36,grocery,City-0,D1,card,1443
TX000923,C0174,2026-01-07T09:32:00,484.17,retail,City-4,D6984,card,1061
TX000924,C0191,2026-01-26T05:17:00,111.55,retail,City-1,D2,card,1288
TX000925,C0009,2026-02-05T21:11:00,1264.5,travel,City-17,D9657,card,424
TX000926,C0212,2026-03-06T06:45:00,80.47,cash,City-2,D2,card,283
TX000927,C0166,2026-03-26T00:43:00,495.17,travel,City-1,D1,card,1368
TX000928,C0269,2026-03-21T07:37:00,32.64,travel,City-4,D2,card,713
TX000929,C0145,2026-02-28T16:46:00,175.71,retail,City-0,D1,card,1832
TX000930,C0040,2026-01-08T06:28:00,775.93,cash,City-11,D6463,card,1676
TX000931,C0270,2026-01-26T04:21:00,59.02,retail,City-0,D0,card,1772
TX000932,C0201,2026-01-16T18:00:00,332.43,retail,City-1,D0,card,1618
TX000933,C0254,2026-01-10T12:33:00,220.29,cash,City-4,D2,card,1509
TX000934,C0069,2026-03-09T00:19:00,989.48,retail,City-5,D4209,card,160
TX000935,C0134,2026-01-08T17:38:00,179.45,retail,City-4,D2,card,192
TX000936,C0203,2026-01-24T00:25:00,50.35,travel,City-3,D2,card,952
TX000937,C0054,2026-01-14T03:04:00,4559.88,cash,City-14,D6428,card,1779
TX000938,C0052,2026-03-09T01:02:00,309.99,cash,City-2,D1,card,1389
TX000939,C0009,2026-03-05T15:44:00,212.31,retail,City-4,D0,card,1129
TX000940,C0051,2026-02-26T08:21:00,131.36,travel,City-1,D0,card,1281
TX000941,C0234,2026-02-11T12:23:00,163.72,travel,City-4,D0,card,1071
TX000942,C0215,2026-01-29T00:41:00,138.5,retail,City-0,D2,card,1953
TX000943,C0058,2026-01-26T05:52:00,53.08,retail,City-3,D1,card,331
TX000944,C0056,2026-03-02T19:58:00,359.91,retail,City-1,D2,card,1690
TX000945,C0009,2026-03-25T10:27:00,106.67,grocery,City-4,D0,card,1171
TX000946,C0287,2026-02-15T23:01:00,189.32,cash,City-2,D2,card,1859
TX000947,C0205,2026-02-14T19:02:00,139.39,cash,City-0,D1,card,1124
TX000948,C0237,2026-03-05T03:17:00,228.22,cash,City-2,D0,card,212
TX000949,C0063,2026-03-19T03:33:00,5443.25,travel,City-19,D1066,card,1954
TX000950,C0106,2026-01-04T16:04:00,191.01,cash,City-1,D1,card,1869
TX000951,C0046,2026-02-22T02:10:00,122.75,cash,City-1,D1,card,1808
TX000952,C0181,2026-01-18T13:46:00,466.64,retail,City-1,D1,card,1531
TX000953,C0176,2026-01-19T14:57:00,213.74,grocery,City-1,D2,card,373
TX000954,C0176,2026-03-15T19:12:00,130.74,grocery,City-1,D2,card,523
TX000955,C0214,2026-03-07T10:10:00,548.08,retail,City-4,D1,card,429
TX000956,C0037,2026-03-11T11:56:00,337.0,cash,City-2,D1,card,58
TX000957,C0188,2026-01-21T22:40:00,391.39,grocery,City-3,D2,card,1573
TX000958,C0245,2026-03-26T03:04:00,5867.77,retail,City-17,D7796,card,812
TX000959,C0176,2026-03-16T04:21:00,819.97,travel,City-1,D2,card,146
TX000960,C0245,2026-01-19T03:21:00,418.99,retail,City-0,D2,card,1490
TX000961,C0113,2026-03-17T14:31:00,408.67,travel,City-3,D2,card,1881
TX000962,C0096,2026-01-07T02:03:00,279.39,travel,City-1,D0,card,168
TX000963,C0077,2026-02-22T23:42:00,1318.54,retail,City-3,D7141,card,1150
TX000964,C0025,2026-01-22T02:04:00,69.86,cash,City-0,D1,card,1539
TX000965,C0136,2026-03-20T22:41:00,481.64,travel,City-1,D1,card,390
TX000966,C0299,2026-01-07T03:37:00,218.81,grocery,City-4,D2,card,1788
TX000967,C0071,2026-03-04T05:45:00,277.1,travel,City-1,D2,card,987
TX000968,C0188,2026-03-08T18:03:00,258.32,cash,City-3,D2,card,1329
TX000969,C0267,2026-03-30T02:13:00,55.07,grocery,City-2,D0,card,966
TX000970,C0234,2026-02-22T23:44:00,261.63,retail,City-4,D0,card,589
TX000971,C0263,2026-01-11T16:40:00,44.56,cash,City-3,D2,card,1193
TX000972,C0063,2026-01-16T06:32:00,372.33,travel,City-3,D0,card,1795
TX000973,C0067,2026-01-03T08:36:00,117.23,grocery,City-2,D1,card,473
TX000974,C0065,2026-02-12T10:39:00,333.06,travel,City-0,D2,card,627
TX000975,C0154,2026-01-14T21:09:00,47.65,travel,City-4,D1,card,426
TX000976,C0036,2026-03-10T10:14:00,60.43,retail,City-1,D0,card,737
TX000977,C0164,2026-02-09T12:27:00,241.05,grocery,City-4,D2,card,339
TX000978,C0254,2026-03-12T01:08:00,241.99,travel,City-4,D2,card,68
TX000979,C0179,2026-01-25T13:58:00,220.88,travel,City-4,D2,card,1840
TX000980,C0142,2026-02-03T19:18:00,423.36,grocery,City-2,D1,card,761
TX000981,C0194,2026-01-05T16:55:00,95.53,travel,City-4,D2,card,536
TX000982,C0282,2026-03-11T18:30:00,127.1,grocery,City-2,D0,card,34
TX000983,C0203,2026-02-15T23:01:00,61.87,travel,City-3,D2,card,1238
TX000984,C0071,2026-01-21T13:25:00,186.41,travel,City-1,D2,card,397
TX000985,C0170,2026-01-13T10:18:00,109.88,cash,City-0,D2,card,637
TX000986,C0241,2026-03-23T04:13:00,145.93,travel,City-1,D1,card,1164
TX000987,C0001,2026-02-21T01:29:00,300.22,grocery,City-1,D1,card,613
TX000988,C0103,2026-01-14T19:12:00,2514.1,cash,City-11,D1986,card,1812
TX000989,C0137,2026-01-26T14:57:00,165.51,travel,City-2,D2,card,1475
TX000990,C0006,2026-02-24T10:05:00,112.52,travel,City-1,D0,card,1801
TX000991,C0198,2026-03-03T05:24:00,58.86,retail,City-3,D0,card,1353
TX000992,C0175,2026-02-07T21:10:00,388.01,grocery,City-7,D2897,card,1939
TX000993,C0199,2026-01-16T17:49:00,119.7,grocery,City-4,D1,card,1327
TX000994,C0299,2026-03-31T06:29:00,325.37,cash,City-4,D2,card,578
TX000995,C0005,2026-01-11T02:01:00,2330.02,travel,City-18,D3140,card,1303
TX000996,C0248,2026-03-21T13:51:00,83.65,travel,City-3,D2,card,1741
TX000997,C0237,2026-02-25T10:37:00,766.04,grocery,City-2,D0,card,674
TX000998,C0232,2026-03-10T21:17:00,536.1,travel,City-2,D1,card,1995
TX000999,C0157,2026-03-09T02:55:00,130.82,retail,City-2,D1,card,41
TX001000,C0081,2026-01-03T03:37:00,109.34,grocery,City-1,D0,card,461
TX001001,C0256,2026-03-02T13:58:00,341.2,grocery,City-1,D1,card,1549
TX001002,C0185,2026-02-11T07:13:00,267.23,grocery,City-0,D2,card,1594
TX001003,C0123,2026-01-12T04:02:00,174.35,grocery,City-3,D0,card,1511
TX001004,C0176,2026-03-29T17:02:00,183.52,retail,City-1,D2,card,1194
TX001005,C0034,2026-03-19T19:49:00,281.35,grocery,City-4,D1,card,1245
TX001006,C0228,2026-02-18T21:48:00,458.23,grocery,City-3,D0,card,1918
TX001007,C0232,2026-01-03T17:48:00,651.74,travel,City-2,D1,card,123
TX001008,C0217,2026-03-31T10:50:00,45.45,travel,City-2,D1,card,1358
TX001009,C0231,2026-03-19T03:51:00,167.33,grocery,City-1,D0,card,1018
TX001010,C0150,2026-02-07T16:44:00,424.83,cash,City-0,D0,card,1413
TX001011,C0042,2026-01-17T20:47:00,421.2,retail,City-2,D0,card,844
TX001012,C0296,2026-02-17T05:00:00,254.43,grocery,City-1,D2,card,1418
TX001013,C0294,2026-02-11T13:18:00,215.67,grocery,City-4,D0,card,461
TX001014,C0021,2026-02-12T14:22:00,159.33,travel,City-1,D0,card,709
TX001015,C0075,2026-02-16T15:17:00,116.79,travel,City-0,D0,card,811
TX001016,C0007,2026-03-31T18:35:00,971.41,retail,City-2,D1,card,48
TX001017,C0082,2026-02-20T17:12:00,363.33,travel,City-2,D1,card,1965
TX001018,C0226,2026-02-21T01:53:00,390.02,cash,City-16,D2464,card,1416
TX001019,C0109,2026-01-28T16:26:00,415.62,cash,City-4,D1,card,1836
TX001020,C0023,2026-03-03T05:34:00,265.24,travel,City-3,D2,card,1335
TX001021,C0237,2026-03-02T17:00:00,449.11,travel,City-2,D0,card,1097
TX001022,C0230,2026-01-07T12:43:00,94.24,travel,City-0,D2,card,393
TX001023,C0265,2026-03-29T09:27:00,186.6,travel,City-0,D1,card,97
TX001024,C0060,2026-03-20T05:10:00,608.46,grocery,City-0,D0,card,453
TX001025,C0054,2026-02-10T21:22:00,334.79,travel,City-4,D0,card,697
TX001026,C0276,2026-02-02T21:08:00,160.73,travel,City-1,D0,card,1498
TX001027,C0096,2026-03-06T14:33:00,89.21,retail,City-1,D0,card,237
TX001028,C0291,2026-01-07T14:45:00,62.33,travel,City-1,D0,card,1451
TX001029,C0140,2026-02-22T09:36:00,184.39,retail,City-0,D2,card,968
TX001030,C0164,2026-01-26T11:47:00,242.84,retail,City-4,D2,card,1306
TX001031,C0281,2026-02-15T13:58:00,81.72,retail,City-1,D2,card,1279
TX001032,C0186,2026-02-12T22:00:00,102.65,retail,City-1,D0,card,381
TX001033,C0079,2026-02-26T02:53:00,509.15,grocery,City-4,D1,card,1081
TX001034,C0081,2026-03-18T18:46:00,129.22,grocery,City-1,D0,card,160
TX001035,C0206,2026-02-19T05:52:00,166.89,retail,City-1,D2,card,274
TX001036,C0000,2026-02-01T11:07:00,208.88,grocery,City-0,D0,card,1155
TX001037,C0298,2026-03-09T13:44:00,510.75,grocery,City-3,D1,card,1702
TX001038,C0139,2026-02-10T16:50:00,72.23,retail,City-4,D1,card,1371
TX001039,C0037,2026-02-06T15:55:00,355.81,cash,City-2,D1,card,248
TX001040,C0032,2026-01-27T00:14:00,108.5,travel,City-2,D2,card,1648
TX001041,C0274,2026-02-09T09:45:00,581.94,travel,City-4,D1,card,235
TX001042,C0122,2026-02-05T06:07:00,32.19,cash,City-2,D2,card,1395
TX001043,C0082,2026-03-31T08:06:00,237.35,retail,City-2,D1,card,1717
TX001044,C0084,2026-01-04T10:47:00,35.35,retail,City-4,D0,card,835
TX001045,C0039,2026-01-31T18:38:00,337.55,cash,City-4,D0,card,699
TX001046,C0221,2026-01-03T04:25:00,113.7,grocery,City-1,D2,card,582
TX001047,C0135,2026-01-01T11:15:00,39.5,grocery,City-0,D0,card,1467
TX001048,C0073,2026-02-08T16:23:00,158.76,grocery,City-3,D1,card,783
TX001049,C0200,2026-01-22T08:32:00,565.12,travel,City-0,D2,card,1780
TX001050,C0232,2026-03-10T17:10:00,761.29,grocery,City-2,D1,card,1760
TX001051,C0112,2026-03-15T04:46:00,204.71,retail,City-2,D1,card,1016
TX001052,C0128,2026-01-24T14:58:00,89.67,travel,City-3,D2,card,888
TX001053,C0270,2026-03-18T12:21:00,77.86,grocery,City-0,D0,card,859
TX001054,C0177,2026-02-07T15:36:00,387.59,grocery,City-2,D0,card,397
TX001055,C0162,2026-03-11T13:51:00,69.16,retail,City-2,D0,card,1541
TX001056,C0100,2026-01-06T08:33:00,382.14,travel,City-0,D1,card,1554
TX001057,C0123,2026-01-12T03:52:00,141.21,grocery,City-3,D0,card,1286
TX001058,C0071,2026-03-10T00:47:00,609.1,travel,City-1,D2,card,397
TX001059,C0014,2026-02-22T23:48:00,197.18,retail,City-4,D2,card,64
TX001060,C0067,2026-02-19T14:54:00,109.01,retail,City-2,D1,card,474
TX001061,C0010,2026-02-05T13:27:00,74.31,cash,City-0,D1,card,1838
TX001062,C0033,2026-01-03T15:30:00,188.74,grocery,City-3,D0,card,413
TX001063,C0144,2026-02-12T16:44:00,163.81,grocery,City-4,D0,card,1276
TX001064,C0296,2026-02-15T03:35:00,4665.65,grocery,City-18,D8458,card,1029
TX001065,C0048,2026-02-09T10:57:00,252.6,retail,City-3,D0,card,1152
TX001066,C0221,2026-01-20T06:59:00,170.2,grocery,City-1,D2,card,812
TX001067,C0194,2026-01-01T09:30:00,85.14,cash,City-4,D2,card,177
TX001068,C0146,2026-02-08T18:07:00,127.08,cash,City-1,D2,card,1321
TX001069,C0165,2026-01-28T18:36:00,244.45,retail,City-0,D0,card,1183
TX001070,C0119,2026-03-29T00:36:00,182.63,travel,City-4,D2,card,1506
TX001071,C0105,2026-01-13T07:33:00,377.74,cash,City-0,D0,card,63
TX001072,C0226,2026-01-25T16:20:00,40.76,retail,City-1,D1,card,387
TX001073,C0299,2026-01-17T21:04:00,549.82,travel,City-4,D2,card,1523
TX001074,C0170,2026-02-09T07:36:00,100.13,grocery,City-0,D2,card,941
TX001075,C0141,2026-03-15T07:54:00,191.46,travel,City-1,D0,card,1201
TX001076,C0137,2026-02-09T06:17:00,231.97,retail,City-2,D2,card,1371
TX001077,C0259,2026-02-15T16:39:00,342.19,retail,City-4,D1,card,61
TX001078,C0066,2026-01-22T06:34:00,335.33,cash,City-1,D0,card,1118
TX001079,C0107,2026-03-06T07:25:00,176.14,grocery,City-2,D2,card,1416
TX001080,C0294,2026-02-07T00:21:00,237.42,cash,City-4,D0,card,845
TX001081,C0252,2026-03-12T19:31:00,321.6,retail,City-2,D0,card,619
TX001082,C0012,2026-03-03T09:44:00,393.88,travel,City-2,D0,card,1658
TX001083,C0265,2026-03-15T23:50:00,126.55,retail,City-9,D4824,card,1304
TX001084,C0082,2026-01-01T13:16:00,285.77,grocery,City-2,D1,card,1195
TX001085,C0041,2026-03-09T07:19:00,314.38,cash,City-1,D2,card,98
TX001086,C0060,2026-01-29T17:59:00,231.46,retail,City-0,D0,card,1730
TX001087,C0026,2026-03-03T20:41:00,288.41,travel,City-1,D2,card,1238
TX001088,C0006,2026-01-12T03:20:00,296.13,cash,City-1,D0,card,590
TX001089,C0081,2026-03-23T22:38:00,248.97,retail,City-1,D0,card,1211
TX001090,C0088,2026-03-24T15:30:00,126.23,travel,City-3,D1,card,718
TX001091,C0130,2026-01-22T21:14:00,198.65,travel,City-0,D1,card,1425
TX001092,C0155,2026-02-21T17:18:00,177.72,travel,City-0,D2,card,663
TX001093,C0116,2026-03-25T08:06:00,354.35,travel,City-1,D2,card,1527
TX001094,C0180,2026-01-12T11:42:00,230.05,cash,City-0,D0,card,1665
TX001095,C0032,2026-02-27T15:46:00,161.05,cash,City-2,D2,card,665
TX001096,C0067,2026-02-17T02:10:00,186.53,grocery,City-2,D1,card,1367
TX001097,C0207,2026-03-30T20:23:00,155.08,travel,City-2,D0,card,1256
TX001098,C0266,2026-02-26T22:21:00,228.91,grocery,City-1,D2,card,1784
TX001099,C0053,2026-03-31T01:41:00,136.15,travel,City-3,D2,card,700
TX001100,C0263,2026-02-10T23:35:00,102.46,retail,City-3,D2,card,1604
TX001101,C0036,2026-03-23T21:29:00,70.6,cash,City-1,D0,card,1747
TX001102,C0097,2026-02-22T18:35:00,84.69,cash,City-2,D1,card,230
TX001103,C0122,2026-03-07T13:21:00,68.11,grocery,City-2,D2,card,1157
TX001104,C0263,2026-03-18T10:26:00,64.13,retail,City-3,D2,card,1322
TX001105,C0145,2026-02-17T15:11:00,96.88,cash,City-0,D1,card,1732
TX001106,C0188,2026-02-13T13:24:00,302.66,travel,City-3,D2,card,1302
TX001107,C0046,2026-03-30T11:09:00,397.02,travel,City-1,D1,card,1069
TX001108,C0056,2026-01-23T01:29:00,159.45,travel,City-1,D2,card,1269
TX001109,C0295,2026-01-05T09:04:00,511.27,travel,City-0,D1,card,963
TX001110,C0234,2026-02-22T05:05:00,668.04,retail,City-4,D0,card,590
TX001111,C0222,2026-02-26T08:20:00,167.7,retail,City-2,D0,card,1878
TX001112,C0071,2026-01-08T05:01:00,71.97,grocery,City-1,D2,card,1354
TX001113,C0214,2026-01-06T18:47:00,319.09,grocery,City-4,D1,card,1154
TX001114,C0073,2026-01-02T01:23:00,110.56,grocery,City-3,D1,card,69
TX001115,C0095,2026-02-26T01:34:00,2062.92,grocery,City-14,D8854,card,1839
TX001116,C0174,2026-02-16T03:44:00,149.61,retail,City-4,D0,card,1542
TX001117,C0243,2026-03-11T03:03:00,202.62,retail,City-3,D0,card,1310
TX001118,C0093,2026-01-18T23:18:00,211.04,grocery,City-3,D0,card,1217
TX001119,C0189,2026-01-23T14:53:00,106.27,retail,City-4,D0,card,924
TX001120,C0002,2026-02-14T01:59:00,376.31,grocery,City-2,D2,card,1333
TX001121,C0178,2026-03-28T08:31:00,294.25,grocery,City-3,D1,card,1993
TX001122,C0105,2026-02-16T19:55:00,179.2,travel,City-0,D0,card,545
TX001123,C0230,2026-02-28T20:03:00,68.49,grocery,City-0,D2,card,1318
TX001124,C0232,2026-03-15T05:41:00,793.16,grocery,City-2,D1,card,429
TX001125,C0070,2026-03-29T01:54:00,54.5,travel,City-0,D1,card,1517
TX001126,C0059,2026-03-12T14:47:00,65.24,grocery,City-4,D2,card,995
TX001127,C0180,2026-02-03T12:10:00,293.8,cash,City-0,D0,card,1084
TX001128,C0263,2026-01-30T08:41:00,85.73,travel,City-3,D2,card,1583
TX001129,C0130,2026-02-16T11:30:00,57.71,retail,City-0,D1,card,246
TX001130,C0002,2026-03-12T07:53:00,434.61,travel,City-2,D2,card,638
TX001131,C0184,2026-03-11T01:02:00,329.32,retail,City-4,D1,card,1136
TX001132,C0265,2026-01-20T16:11:00,134.9,retail,City-0,D1,card,375
TX001133,C0094,2026-01-14T14:14:00,76.4,cash,City-4,D1,card,1210
TX001134,C0068,2026-02-27T14:20:00,42.27,cash,City-3,D2,card,1619
TX001135,C0067,2026-03-11T10:12:00,92.23,retail,City-2,D1,card,1092
TX001136,C0245,2026-03-05T07:14:00,259.4,travel,City-0,D2,card,1959
TX001137,C0180,2026-01-15T02:10:00,2805.27,retail,City-5,D9296,card,588
TX001138,C0153,2026-02-04T19:36:00,434.11,grocery,City-3,D0,card,505
TX001139,C0150,2026-01-21T14:04:00,556.8,grocery,City-0,D0,card,1886
TX001140,C0151,2026-02-05T20:42:00,598.51,grocery,City-1,D1,card,965
TX001141,C0044,2026-03-17T18:06:00,443.36,retail,City-4,D2,card,846
TX001142,C0174,2026-03-19T03:36:00,97.25,cash,City-4,D0,card,189
TX001143,C0124,2026-03-09T09:40:00,33.77,cash,City-4,D1,card,1665
TX001144,C0087,2026-03-17T04:28:00,182.94,grocery,City-2,D0,card,918
TX001145,C0109,2026-01-02T08:14:00,297.33,travel,City-4,D1,card,1804
TX001146,C0193,2026-01-21T19:52:00,558.99,travel,City-3,D1,card,1643
TX001147,C0088,2026-03-16T07:00:00,514.4,cash,City-4,D8401,card,597
TX001148,C0172,2026-02-15T21:34:00,175.55,grocery,City-2,D1,card,1235
TX001149,C0225,2026-03-09T19:16:00,274.12,retail,City-0,D0,card,1854
TX001150,C0054,2026-02-24T03:10:00,411.27,grocery,City-4,D0,card,1027
TX001151,C0208,2026-02-26T00:52:00,61.77,grocery,City-3,D1,card,1121
TX001152,C0239,2026-01-12T03:11:00,354.49,retail,City-10,D9788,card,384
TX001153,C0089,2026-01-30T19:20:00,120.16,grocery,City-4,D2,card,739
TX001154,C0262,2026-01-22T01:52:00,165.61,retail,City-2,D1,card,1717
TX001155,C0068,2026-01-04T11:05:00,21.39,travel,City-3,D2,card,1134
TX001156,C0095,2026-01-30T00:14:00,218.24,cash,City-0,D2,card,183
TX001157,C0268,2026-03-11T06:50:00,64.7,grocery,City-3,D1,card,129
TX001158,C0197,2026-02-28T13:49:00,595.38,retail,City-2,D2,card,230
TX001159,C0018,2026-02-23T01:23:00,5292.51,retail,City-6,D9802,card,1982
TX001160,C0145,2026-03-26T13:22:00,86.34,travel,City-0,D1,card,1308
TX001161,C0092,2026-03-08T00:20:00,356.62,retail,City-2,D2,card,274
TX001162,C0264,2026-01-30T20:42:00,369.86,travel,City-4,D0,card,1679
TX001163,C0283,2026-01-05T05:12:00,194.01,retail,City-3,D1,card,408
TX001164,C0181,2026-01-01T09:15:00,318.45,grocery,City-1,D1,card,1326
TX001165,C0165,2026-01-31T17:45:00,921.39,retail,City-7,D1203,card,1465
TX001166,C0159,2026-03-09T00:59:00,120.71,travel,City-4,D0,card,439
TX001167,C0204,2026-01-11T16:59:00,24.37,cash,City-4,D0,card,245
TX001168,C0292,2026-03-09T08:47:00,649.29,cash,City-2,D1,card,441
TX001169,C0162,2026-03-17T01:37:00,163.05,retail,City-2,D0,card,616
TX001170,C0137,2026-03-30T12:24:00,215.31,retail,City-2,D2,card,687
TX001171,C0278,2026-03-22T23:08:00,227.63,grocery,City-3,D2,card,1742
TX001172,C0073,2026-01-29T18:57:00,129.29,grocery,City-3,D1,card,1167
TX001173,C0134,2026-01-31T05:38:00,310.1,grocery,City-4,D2,card,168
TX001174,C0036,2026-03-20T15:30:00,48.14,retail,City-1,D0,card,886
TX001175,C0030,2026-03-26T04:42:00,486.4,retail,City-0,D0,card,134
TX001176,C0001,2026-03-29T17:58:00,282.96,cash,City-1,D1,card,66
TX001177,C0274,2026-03-10T11:09:00,257.53,travel,City-4,D1,card,1200
TX001178,C0188,2026-03-05T09:00:00,639.95,grocery,City-3,D2,card,1285
TX001179,C0169,2026-01-10T20:39:00,278.05,grocery,City-4,D1,card,1807
TX001180,C0078,2026-01-04T22:53:00,201.79,travel,City-3,D0,card,851
TX001181,C0060,2026-01-09T07:53:00,342.09,grocery,City-0,D0,card,1320
TX001182,C0018,2026-02-10T00:29:00,220.02,cash,City-3,D0,card,1186
TX001183,C0262,2026-03-16T06:52:00,110.9,grocery,City-2,D1,card,1053
TX001184,C0058,2026-02-06T02:27:00,59.6,retail,City-3,D1,card,1753
TX001185,C0265,2026-03-07T20:07:00,70.01,grocery,City-0,D1,card,1787
TX001186,C0260,2026-02-12T15:41:00,162.89,cash,City-0,D2,card,1324
TX001187,C0262,2026-02-07T01:05:00,294.03,grocery,City-2,D1,card,1970
TX001188,C0226,2026-03-08T19:56:00,46.22,retail,City-1,D1,card,1146
TX001189,C0219,2026-03-29T06:04:00,131.46,cash,City-4,D0,card,384
TX001190,C0113,2026-01-17T01:09:00,501.26,cash,City-3,D2,card,1226
TX001191,C0166,2026-03-08T14:06:00,143.65,grocery,City-1,D1,card,1278
TX001192,C0134,2026-03-26T18:42:00,341.93,cash,City-4,D2,card,1977
TX001193,C0175,2026-01-29T13:07:00,105.72,grocery,City-0,D1,card,1672
TX001194,C0027,2026-03-09T18:48:00,18.93,travel,City-2,D0,card,1071
TX001195,C0100,2026-03-31T23:10:00,1779.63,retail,City-19,D3535,card,778
TX001196,C0127,2026-01-26T15:59:00,111.13,travel,City-2,D1,card,1396
TX001197,C0103,2026-01-08T01:53:00,488.96,cash,City-3,D1,card,100
TX001198,C0122,2026-03-13T11:59:00,86.39,travel,City-2,D2,card,1707
TX001199,C0259,2026-01-14T04:12:00,2245.82,grocery,City-18,D7926,card,892
TX001200,C0043,2026-01-31T22:37:00,73.36,grocery,City-3,D1,card,516
TX001201,C0134,2026-01-15T11:23:00,292.55,grocery,City-4,D2,card,1399
TX001202,C0216,2026-03-01T22:14:00,94.43,cash,City-1,D0,card,699
TX001203,C0209,2026-01-04T19:27:00,319.88,cash,City-4,D2,card,617
TX001204,C0113,2026-01-07T05:56:00,445.42,retail,City-3,D2,card,1342
TX001205,C0228,2026-01-19T08:10:00,268.59,travel,City-3,D0,card,1325
TX001206,C0187,2026-02-28T14:02:00,89.3,travel,City-2,D1,card,1203
TX001207,C0098,2026-02-07T12:00:00,52.25,grocery,City-3,D2,card,1299
TX001208,C0009,2026-01-07T22:53:00,139.21,grocery,City-4,D0,card,1772
TX001209,C0128,2026-03-27T15:57:00,90.94,retail,City-3,D2,card,1661
TX001210,C0007,2026-01-29T09:54:00,1374.96,travel,City-2,D1,card,1206
TX001211,C0020,2026-02-28T12:27:00,296.07,travel,City-0,D2,card,1451
TX001212,C0048,2026-01-20T11:25:00,400.0,cash,City-3,D0,card,1402
TX001213,C0270,2026-03-12T12:10:00,23.44,retail,City-0,D0,card,1564
TX001214,C0198,2026-01-08T17:45:00,123.4,grocery,City-3,D0,card,1862
TX001215,C0063,2026-02-20T13:39:00,158.29,retail,City-3,D0,card,943
TX001216,C0035,2026-02-09T00:52:00,142.24,grocery,City-0,D2,card,671
TX001217,C0112,2026-01-24T01:49:00,1245.29,travel,City-3,D2089,card,1118
TX001218,C0117,2026-03-07T15:23:00,350.23,cash,City-2,D0,card,476
TX001219,C0150,2026-03-15T15:07:00,397.19,travel,City-0,D0,card,682
TX001220,C0178,2026-01-17T23:39:00,797.3,grocery,City-3,D1,card,91
TX001221,C0038,2026-03-28T09:28:00,328.22,cash,City-3,D2,card,788
TX001222,C0299,2026-02-14T01:10:00,260.94,cash,City-4,D2,card,1866
TX001223,C0039,2026-02-28T03:20:00,191.86,travel,City-4,D0,card,1857
TX001224,C0044,2026-02-24T02:09:00,759.11,cash,City-4,D2,card,1326
TX001225,C0095,2026-02-08T10:10:00,360.24,travel,City-0,D2,card,1665
TX001226,C0143,2026-01-19T09:02:00,221.04,retail,City-3,D2,card,284
TX001227,C0112,2026-03-15T01:39:00,254.22,grocery,City-2,D1,card,1922
TX001228,C0142,2026-01-25T08:21:00,189.51,travel,City-2,D1,card,1088
TX001229,C0199,2026-02-16T03:25:00,2646.91,cash,City-18,D6542,card,1074
TX001230,C0052,2026-01-17T01:00:00,366.98,retail,City-2,D1,card,155
TX001231,C0192,2026-03-03T16:16:00,101.62,cash,City-2,D0,card,1487
TX001232,C0088,2026-01-05T23:14:00,93.03,grocery,City-3,D1,card,308
TX001233,C0280,2026-02-16T15:42:00,39.84,travel,City-0,D1,card,153
TX001234,C0181,2026-03-27T00:04:00,451.74,retail,City-1,D1,card,282
TX001235,C0276,2026-01-19T20:43:00,225.35,travel,City-1,D0,card,1997
TX001236,C0227,2026-03-26T00:26:00,1723.24,grocery,City-5,D9212,card,1555
TX001237,C0264,2026-02-26T14:09:00,394.03,travel,City-4,D0,card,1016
TX001238,C0093,2026-03-17T10:38:00,411.95,grocery,City-3,D0,card,937
TX001239,C0258,2026-01-28T23:55:00,111.39,grocery,City-3,D0,card,478
TX001240,C0007,2026-02-27T04:11:00,241.48,travel,City-2,D1,card,1235
TX001241,C0033,2026-02-12T21:26:00,142.15,grocery,City-3,D0,card,1746
TX001242,C0235,2026-03-01T22:22:00,241.92,travel,City-0,D1,card,202
TX001243,C0140,2026-01-19T09:22:00,347.52,cash,City-0,D2,card,1252
TX001244,C0052,2026-02-25T16:36:00,283.79,travel,City-2,D1,card,1277
TX001245,C0133,2026-02-10T15:09:00,116.32,travel,City-3,D1,card,133
TX001246,C0084,2026-01-13T08:12:00,40.81,retail,City-4,D0,card,289
TX001247,C0286,2026-02-12T19:29:00,19.66,cash,City-1,D1,card,1634
TX001248,C0155,2026-02-03T21:04:00,152.75,cash,City-0,D2,card,922
TX001249,C0089,2026-03-08T21:13:00,104.32,retail,City-4,D2,card,211
TX001250,C0288,2026-02-09T03:09:00,314.11,travel,City-3,D0,card,110
TX001251,C0165,2026-03-05T20:16:00,302.73,travel,City-0,D0,card,1541
TX001252,C0201,2026-03-29T11:58:00,346.63,retail,City-1,D0,card,681
TX001253,C0105,2026-01-26T14:48:00,271.17,cash,City-0,D0,card,1744
TX001254,C0090,2026-01-27T09:09:00,60.35,retail,City-0,D0,card,540
TX001255,C0278,2026-01-25T03:52:00,179.19,retail,City-3,D2,card,1850
TX001256,C0279,2026-03-20T05:51:00,225.61,retail,City-4,D0,card,1480
TX001257,C0058,2026-03-15T04:21:00,89.54,retail,City-3,D1,card,1379
TX001258,C0150,2026-01-01T09:33:00,464.62,retail,City-0,D0,card,241
TX001259,C0294,2026-03-07T00:57:00,165.98,cash,City-4,D0,card,952
TX001260,C0209,2026-03-27T18:08:00,196.41,travel,City-4,D2,card,1485
TX001261,C0215,2026-01-07T05:56:00,217.98,grocery,City-0,D2,card,1161
TX001262,C0146,2026-02-25T01:02:00,197.77,cash,City-1,D2,card,574
TX001263,C0175,2026-02-27T00:35:00,181.52,retail,City-8,D2621,card,1161
TX001264,C0150,2026-02-12T17:59:00,507.64,grocery,City-0,D0,card,1797
TX001265,C0135,2026-03-23T22:29:00,28.2,retail,City-0,D0,card,143
TX001266,C0142,2026-02-23T19:34:00,501.37,travel,City-2,D1,card,122
TX001267,C0135,2026-03-05T23:31:00,26.4,grocery,City-0,D0,card,1265
TX001268,C0261,2026-01-21T09:58:00,478.2,cash,City-1,D0,card,1223
TX001269,C0293,2026-01-07T04:28:00,44.92,travel,City-3,D2,card,1294
TX001270,C0049,2026-01-31T19:11:00,666.42,travel,City-2,D1530,card,1294
TX001271,C0091,2026-03-29T14:06:00,202.46,grocery,City-1,D1,card,326
TX001272,C0021,2026-02-16T04:17:00,113.09,grocery,City-1,D0,card,242
TX001273,C0213,2026-02-05T05:31:00,1128.83,travel,City-15,D1472,card,769
TX001274,C0080,2026-02-26T01:03:00,137.01,cash,City-0,D2,card,190
TX001275,C0297,2026-02-09T02:44:00,336.94,retail,City-2,D0,card,906
TX001276,C0220,2026-02-23T04:04:00,187.07,cash,City-0,D1,card,429
TX001277,C0211,2026-03-24T01:38:00,226.01,cash,City-1,D1,card,1501
TX001278,C0222,2026-01-12T01:33:00,2222.4,cash,City-14,D9533,card,536
TX001279,C0179,2026-03-22T06:28:00,181.84,cash,City-4,D2,card,1241
TX001280,C0174,2026-03-20T04:42:00,50.26,retail,City-4,D0,card,1046
TX001281,C0187,2026-03-23T08:11:00,35.15,grocery,City-2,D1,card,1516
TX001282,C0115,2026-02-03T07:18:00,539.91,cash,City-0,D1,card,371
TX001283,C0224,2026-02-22T13:32:00,123.33,cash,City-4,D2,card,167
TX001284,C0192,2026-01-18T13:47:00,76.48,grocery,City-2,D0,card,1104
TX001285,C0025,2026-01-10T12:01:00,53.54,retail,City-0,D1,card,1506
TX001286,C0001,2026-01-27T04:46:00,231.86,travel,City-1,D1,card,1712
TX001287,C0177,2026-01-05T20:01:00,726.18,cash,City-2,D0,card,154
TX001288,C0287,2026-03-10T06:34:00,243.63,cash,City-2,D2,card,1810
TX001289,C0134,2026-02-18T20:37:00,5727.05,cash,City-7,D9846,card,1928
TX001290,C0205,2026-02-16T08:10:00,132.29,cash,City-0,D1,card,472
TX001291,C0299,2026-03-08T03:59:00,207.44,cash,City-4,D2,card,680
TX001292,C0019,2026-03-14T00:58:00,3610.44,cash,City-13,D9965,card,665
TX001293,C0123,2026-03-23T13:38:00,208.98,travel,City-3,D0,card,1776
TX001294,C0040,2026-03-03T06:34:00,162.63,grocery,City-0,D1,card,1906
TX001295,C0272,2026-02-25T03:31:00,53.38,retail,City-2,D2,card,780
TX001296,C0071,2026-03-06T18:16:00,186.52,grocery,City-1,D2,card,1796
TX001297,C0108,2026-03-26T02:51:00,537.38,cash,City-1,D9705,card,484
TX001298,C0011,2026-01-30T23:24:00,355.71,cash,City-1,D2,card,414
TX001299,C0025,2026-03-09T10:09:00,106.72,grocery,City-0,D1,card,879
TX001300,C0071,2026-03-23T23:31:00,2168.46,grocery,City-18,D8395,card,955
TX001301,C0205,2026-02-07T04:42:00,45.26,travel,City-0,D1,card,722
TX001302,C0249,2026-03-09T03:57:00,183.99,cash,City-4,D0,card,508
TX001303,C0294,2026-02-17T10:22:00,402.07,travel,City-4,D0,card,1424
TX001304,C0200,2026-02-19T09:47:00,432.14,grocery,City-0,D2,card,1991
TX001305,C0258,2026-03-31T11:47:00,25.27,travel,City-3,D0,card,509
TX001306,C0027,2026-03-08T09:08:00,49.45,cash,City-2,D0,card,1629
TX001307,C0299,2026-02-11T16:08:00,207.8,grocery,City-4,D2,card,290
TX001308,C0051,2026-01-11T06:38:00,27.85,travel,City-1,D0,card,1053
TX001309,C0181,2026-03-23T15:41:00,319.66,cash,City-1,D1,card,845
TX001310,C0239,2026-02-24T11:19:00,76.06,travel,City-4,D2,card,1032
TX001311,C0101,2026-03-07T10:06:00,223.85,grocery,City-1,D2,card,153
TX001312,C0101,2026-03-09T22:41:00,247.94,travel,City-1,D2,card,1367
TX001313,C0152,2026-03-06T11:43:00,86.11,retail,City-2,D2,card,621
TX001314,C0125,2026-01-19T04:07:00,177.22,travel,City-0,D2,card,1400
TX001315,C0090,2026-03-18T02:19:00,163.67,grocery,City-0,D0,card,751
TX001316,C0148,2026-01-15T06:10:00,428.35,grocery,City-3,D1,card,1065
TX001317,C0155,2026-03-13T06:21:00,372.73,cash,City-0,D2,card,685
TX001318,C0100,2026-02-28T19:16:00,277.7,cash,City-0,D1,card,1751
TX001319,C0266,2026-02-16T03:14:00,172.52,grocery,City-1,D2,card,772
TX001320,C0281,2026-01-30T22:54:00,146.79,retail,City-1,D2,card,940
TX001321,C0031,2026-03-22T00:40:00,572.93,travel,City-1,D1,card,227
TX001322,C0288,2026-03-12T16:19:00,112.31,retail,City-3,D0,card,76
TX001323,C0288,2026-03-17T18:10:00,2470.76,travel,City-9,D5989,card,1873
TX001324,C0075,2026-01-26T20:38:00,139.72,travel,City-0,D0,card,1397
TX001325,C0220,2026-02-03T08:06:00,231.03,cash,City-0,D1,card,953
TX001326,C0214,2026-02-24T15:05:00,543.46,travel,City-4,D1,card,1129
TX001327,C0086,2026-01-07T21:46:00,362.67,retail,City-1,D2,card,248
TX001328,C0143,2026-01-02T21:07:00,337.88,travel,City-3,D2,card,1966
TX001329,C0084,2026-02-14T12:11:00,42.37,cash,City-4,D0,card,1433
TX001330,C0287,2026-02-04T23:08:00,118.56,grocery,City-2,D2,card,973
TX001331,C0047,2026-01-11T14:05:00,220.08,cash,City-2,D2,card,1700
TX001332,C0176,2026-02-17T15:29:00,128.48,retail,City-1,D2,card,1408
TX001333,C0233,2026-02-10T06:41:00,735.51,travel,City-3,D2,card,1922
TX001334,C0018,2026-03-05T06:14:00,286.82,retail,City-3,D0,card,1570
TX001335,C0239,2026-02-20T06:56:00,62.89,travel,City-4,D2,card,298
TX001336,C0187,2026-03-06T17:51:00,58.97,cash,City-2,D1,card,1147
TX001337,C0031,2026-02-26T08:20:00,408.74,grocery,City-1,D1,card,1128
TX001338,C0178,2026-03-13T15:04:00,317.07,cash,City-3,D1,card,507
TX001339,C0087,2026-01-13T12:12:00,193.28,travel,City-2,D0,card,1649
TX001340,C0090,2026-02-15T00:59:00,59.18,cash,City-0,D0,card,1467
TX001341,C0245,2026-01-11T06:19:00,287.13,cash,City-0,D2,card,1291
TX001342,C0074,2026-01-21T12:51:00,130.31,travel,City-4,D2,card,70
TX001343,C0071,2026-03-28T21:12:00,144.23,cash,City-1,D2,card,479
TX001344,C0207,2026-02-03T18:22:00,242.68,cash,City-2,D0,card,1787
TX001345,C0011,2026-02-18T10:11:00,289.24,travel,City-1,D2,card,1076
TX001346,C0110,2026-01-22T12:10:00,253.47,grocery,City-0,D2,card,1028
TX001347,C0137,2026-02-27T16:41:00,1629.08,retail,City-2,D4794,card,1346
TX001348,C0094,2026-03-30T02:33:00,1007.53,cash,City-14,D3013,card,504
TX001349,C0022,2026-03-11T13:14:00,236.13,travel,City-2,D1,card,1604
TX001350,C0089,2026-02-12T19:28:00,1770.98,cash,City-13,D2988,card,1366
TX001351,C0226,2026-01-02T04:48:00,26.41,travel,City-1,D1,card,1815
TX001352,C0150,2026-02-25T02:08:00,639.89,grocery,City-0,D0,card,1260
TX001353,C0200,2026-02-06T07:39:00,409.03,grocery,City-0,D2,card,1083
TX001354,C0285,2026-02-13T09:41:00,242.47,travel,City-0,D0,card,1375
TX001355,C0289,2026-01-09T05:35:00,89.66,grocery,City-4,D1,card,1536
TX001356,C0174,2026-02-02T03:55:00,148.77,cash,City-4,D0,card,1030
TX001357,C0136,2026-02-19T22:36:00,311.55,retail,City-1,D1,card,1034
TX001358,C0018,2026-03-30T09:00:00,294.67,cash,City-3,D0,card,778
TX001359,C0234,2026-03-29T08:33:00,406.01,travel,City-4,D0,card,1842
TX001360,C0003,2026-03-06T15:40:00,161.11,retail,City-3,D0,card,1981
TX001361,C0046,2026-03-05T07:52:00,303.12,cash,City-1,D1,card,943
TX001362,C0293,2026-02-27T22:14:00,60.76,cash,City-3,D2,card,282
TX001363,C0251,2026-03-07T09:09:00,413.43,retail,City-1,D2,card,1149
TX001364,C0277,2026-01-05T08:41:00,311.01,grocery,City-2,D1,card,541
TX001365,C0037,2026-03-20T21:34:00,3122.68,retail,City-6,D7657,card,463
TX001366,C0247,2026-02-08T07:52:00,183.92,cash,City-2,D1,card,1565
TX001367,C0246,2026-03-31T16:48:00,233.49,cash,City-1,D0,card,803
TX001368,C0171,2026-01-09T15:31:00,223.37,travel,City-1,D0,card,880
TX001369,C0045,2026-02-19T01:16:00,678.8,grocery,City-0,D0,card,84
TX001370,C0109,2026-01-04T10:34:00,460.96,retail,City-4,D1,card,1622
TX001371,C0032,2026-03-21T19:30:00,180.38,grocery,City-2,D2,card,334
TX001372,C0277,2026-02-06T03:03:00,725.34,grocery,City-2,D1,card,988
TX001373,C0238,2026-01-21T08:34:00,30.25,grocery,City-3,D1,card,1839
TX001374,C0022,2026-01-10T04:52:00,2467.77,cash,City-14,D6631,card,1318
TX001375,C0107,2026-01-18T01:29:00,383.61,travel,City-13,D1749,card,1886
TX001376,C0028,2026-01-10T19:33:00,23.73,retail,City-3,D1,card,1705
TX001377,C0104,2026-01-05T14:19:00,212.54,retail,City-4,D2,card,130
TX001378,C0184,2026-03-07T07:59:00,430.06,grocery,City-4,D1,card,874
TX001379,C0019,2026-02-04T10:03:00,238.61,retail,City-4,D1,card,1085
TX001380,C0165,2026-01-25T07:10:00,85.51,cash,City-0,D0,card,1455
TX001381,C0128,2026-01-01T05:12:00,130.73,retail,City-3,D2,card,115
TX001382,C0110,2026-02-16T10:49:00,136.8,grocery,City-0,D2,card,974
TX001383,C0078,2026-01-07T15:25:00,284.78,cash,City-3,D0,card,960
TX001384,C0116,2026-02-11T18:11:00,556.6,retail,City-1,D2,card,482
TX001385,C0016,2026-01-16T21:28:00,181.58,grocery,City-1,D1,card,1975
TX001386,C0019,2026-03-27T07:48:00,238.63,travel,City-4,D1,card,105
TX001387,C0034,2026-01-29T00:11:00,187.0,travel,City-4,D1,card,608
TX001388,C0079,2026-01-25T14:14:00,122.65,cash,City-4,D1,card,1317
TX001389,C0057,2026-03-04T05:09:00,154.26,retail,City-2,D0,card,1514
TX001390,C0047,2026-01-24T21:39:00,145.87,travel,City-2,D2,card,1386
TX001391,C0195,2026-03-08T00:11:00,136.05,cash,City-0,D0,card,1638
TX001392,C0219,2026-01-18T22:45:00,110.83,grocery,City-4,D0,card,1871
TX001393,C0084,2026-02-19T08:09:00,16.02,grocery,City-4,D0,card,1037
TX001394,C0012,2026-03-04T00:58:00,1081.94,cash,City-7,D2774,card,1153
TX001395,C0083,2026-03-22T05:48:00,40.62,travel,City-3,D2,card,936
TX001396,C0290,2026-02-01T02:42:00,184.99,grocery,City-0,D2,card,866
TX001397,C0168,2026-02-05T07:09:00,211.43,retail,City-3,D0,card,1981
TX001398,C0157,2026-03-05T14:38:00,520.51,cash,City-2,D1,card,878
TX001399,C0006,2026-01-04T07:17:00,270.87,travel,City-1,D0,card,1331
TX001400,C0205,2026-01-18T20:35:00,290.19,retail,City-0,D1,card,547
TX001401,C0212,2026-02-26T01:24:00,141.71,retail,City-2,D2,card,298
TX001402,C0263,2026-01-18T12:51:00,114.73,retail,City-3,D2,card,848
TX001403,C0141,2026-03-12T22:33:00,121.96,cash,City-1,D0,card,1979
TX001404,C0015,2026-02-15T12:47:00,145.76,grocery,City-0,D0,card,396
TX001405,C0086,2026-01-14T05:52:00,266.33,retail,City-1,D2,card,601
TX001406,C0277,2026-01-03T19:48:00,229.72,grocery,City-2,D1,card,1507
TX001407,C0103,2026-02-04T09:05:00,813.56,grocery,City-3,D1,card,336
TX001408,C0199,2026-02-18T00:07:00,84.14,travel,City-4,D1,card,889
TX001409,C0121,2026-02-10T00:27:00,384.34,retail,City-1,D1,card,317
TX001410,C0169,2026-02-15T21:03:00,964.17,retail,City-4,D1,card,643
TX001411,C0068,2026-02-10T16:51:00,25.36,cash,City-3,D2,card,995
TX001412,C0288,2026-03-15T15:57:00,136.61,retail,City-3,D0,card,177
TX001413,C0186,2026-02-07T20:48:00,373.19,grocery,City-1,D0,card,1144
TX001414,C0289,2026-02-27T14:33:00,54.29,retail,City-4,D1,card,1589
TX001415,C0042,2026-01-16T00:48:00,449.24,travel,City-2,D0,card,1928
TX001416,C0106,2026-02-25T11:06:00,167.21,retail,City-1,D1,card,433
TX001417,C0139,2026-02-08T15:29:00,64.34,travel,City-4,D1,card,1841
TX001418,C0296,2026-02-28T13:54:00,705.83,travel,City-1,D2,card,513
TX001419,C0028,2026-03-21T15:25:00,88.48,grocery,City-3,D1,card,1417
TX001420,C0216,2026-02-10T19:05:00,41.05,retail,City-1,D0,card,1608
TX001421,C0140,2026-01-07T03:00:00,2550.04,retail,City-16,D1232,card,166
TX001422,C0010,2026-03-01T03:38:00,233.21,travel,City-0,D1,card,407
TX001423,C0224,2026-01-25T02:47:00,1445.18,retail,City-19,D8546,card,414
TX001424,C0168,2026-01-25T04:37:00,89.38,grocery,City-3,D0,card,762
TX001425,C0267,2026-03-19T01:53:00,175.51,cash,City-2,D0,card,1898
TX001426,C0297,2026-01-29T10:52:00,500.27,cash,City-2,D0,card,1871
TX001427,C0193,2026-03-15T12:24:00,133.2,retail,City-3,D1,card,1874
TX001428,C0149,2026-01-31T11:30:00,24.8,travel,City-4,D2,card,1689
TX001429,C0026,2026-01-07T03:21:00,442.3,grocery,City-1,D2,card,99
TX001430,C0212,2026-01-04T17:29:00,62.73,cash,City-2,D2,card,1777
TX001431,C0045,2026-01-06T22:22:00,337.63,travel,City-0,D0,card,719
TX001432,C0211,2026-03-30T15:26:00,328.37,retail,City-1,D1,card,500
TX001433,C0113,2026-02-24T18:41:00,439.9,travel,City-3,D2,card,768
TX001434,C0055,2026-01-24T12:40:00,686.31,grocery,City-0,D1,card,164
TX001435,C0074,2026-01-25T03:23:00,33.17,travel,City-4,D2,card,946
TX001436,C0140,2026-01-24T20:43:00,210.93,grocery,City-0,D2,card,1136
TX001437,C0101,2026-02-17T10:39:00,452.69,cash,City-1,D2,card,1991
TX001438,C0271,2026-02-07T01:52:00,195.73,grocery,City-1,D1,card,1758
TX001439,C0191,2026-02-15T05:06:00,63.51,grocery,City-1,D2,card,1487
TX001440,C0206,2026-01-10T05:09:00,60.63,cash,City-1,D2,card,802
TX001441,C0129,2026-01-10T05:42:00,175.19,travel,City-4,D0,card,1674
TX001442,C0141,2026-03-24T19:06:00,223.12,travel,City-1,D0,card,881
TX001443,C0038,2026-02-26T06:38:00,207.71,grocery,City-3,D2,card,492
TX001444,C0061,2026-01-29T02:02:00,152.19,cash,City-1,D1,card,664
TX001445,C0211,2026-02-02T14:21:00,342.15,grocery,City-1,D1,card,1354
TX001446,C0262,2026-02-16T04:12:00,212.35,travel,City-2,D1,card,301
TX001447,C0261,2026-02-25T01:01:00,337.35,retail,City-1,D0,card,400
TX001448,C0263,2026-03-24T18:59:00,77.89,cash,City-3,D2,card,805
TX001449,C0060,2026-03-30T16:13:00,276.93,grocery,City-0,D0,card,419
TX001450,C0040,2026-02-11T09:49:00,176.08,cash,City-0,D1,card,943
TX001451,C0046,2026-03-20T22:52:00,106.81,retail,City-1,D1,card,649
TX001452,C0062,2026-01-18T12:30:00,1143.19,travel,City-19,D2003,card,441
TX001453,C0136,2026-02-28T10:02:00,428.53,grocery,City-1,D1,card,1524
TX001454,C0157,2026-02-09T01:27:00,210.54,cash,City-2,D1,card,340
TX001455,C0028,2026-02-10T11:30:00,83.32,travel,City-3,D1,card,1391
TX001456,C0035,2026-01-31T17:04:00,119.06,grocery,City-0,D2,card,1572
TX001457,C0077,2026-01-21T20:45:00,815.32,grocery,City-18,D2228,card,1855
TX001458,C0123,2026-02-23T09:36:00,72.62,cash,City-3,D0,card,1055
TX001459,C0179,2026-03-20T04:53:00,289.77,grocery,City-4,D2,card,1746
TX001460,C0256,2026-03-04T22:38:00,125.55,cash,City-1,D1,card,1265
TX001461,C0251,2026-01-02T15:38:00,208.36,retail,City-1,D2,card,521
TX001462,C0207,2026-02-02T18:46:00,181.54,cash,City-2,D0,card,252
TX001463,C0088,2026-02-09T13:26:00,166.84,grocery,City-3,D1,card,551
TX001464,C0200,2026-01-09T21:03:00,136.34,travel,City-0,D2,card,1623
TX001465,C0153,2026-01-15T08:23:00,180.89,travel,City-3,D0,card,683
TX001466,C0214,2026-02-06T16:46:00,180.42,cash,City-4,D1,card,735
TX001467,C0074,2026-03-12T11:16:00,120.44,cash,City-4,D2,card,1604
TX001468,C0120,2026-03-03T08:16:00,127.26,travel,City-0,D0,card,1164
TX001469,C0034,2026-02-08T02:02:00,1608.39,grocery,City-14,D7815,card,223
TX001470,C0139,2026-01-01T09:20:00,86.96,cash,City-4,D1,card,1478
TX001471,C0266,2026-02-11T07:23:00,105.08,retail,City-1,D2,card,563
TX001472,C0297,2026-01-30T21:20:00,267.8,cash,City-2,D0,card,1173
TX001473,C0048,2026-03-01T02:02:00,302.55,grocery,City-3,D0,card,528
TX001474,C0141,2026-03-02T15:02:00,91.5,cash,City-1,D0,card,163
TX001475,C0098,2026-03-24T17:04:00,70.2,cash,City-3,D2,card,421
TX001476,C0012,2026-03-03T06:05:00,185.52,travel,City-2,D0,card,1781
TX001477,C0172,2026-03-12T04:49:00,108.85,retail,City-2,D1,card,436
TX001478,C0225,2026-02-27T07:30:00,257.44,travel,City-0,D0,card,1813
TX001479,C0195,2026-01-06T20:28:00,84.71,cash,City-0,D0,card,505
TX001480,C0134,2026-01-31T19:39:00,1013.56,retail,City-6,D3440,card,81
TX001481,C0003,2026-02-16T03:54:00,245.15,grocery,City-3,D0,card,1984
TX001482,C0092,2026-02-15T01:37:00,4764.34,cash,City-12,D1310,card,1026
TX001483,C0277,2026-03-08T20:35:00,96.4,retail,City-2,D1,card,1848
TX001484,C0215,2026-02-16T14:51:00,253.45,cash,City-0,D2,card,99
TX001485,C0015,2026-02-20T08:32:00,138.76,grocery,City-0,D0,card,1731
TX001486,C0106,2026-01-22T15:00:00,151.99,cash,City-1,D1,card,345
TX001487,C0041,2026-02-04T06:55:00,401.11,travel,City-1,D2,card,1754
TX001488,C0198,2026-01-21T16:13:00,166.89,retail,City-3,D0,card,262
TX001489,C0158,2026-03-26T23:42:00,484.69,travel,City-3,D2,card,1163
TX001490,C0228,2026-02-15T03:42:00,242.16,grocery,City-3,D0,card,1407
TX001491,C0009,2026-02-17T22:09:00,116.62,grocery,City-4,D0,card,883
TX001492,C0068,2026-02-26T05:29:00,37.78,grocery,City-3,D2,card,1938
TX001493,C0004,2026-03-28T09:18:00,38.22,travel,City-4,D1,card,1506
TX001494,C0071,2026-01-17T00:35:00,170.71,travel,City-1,D2,card,36
TX001495,C0009,2026-03-29T00:09:00,212.63,travel,City-4,D0,card,530
TX001496,C0223,2026-03-04T08:49:00,230.17,cash,City-3,D1,card,1999
TX001497,C0231,2026-02-01T10:01:00,161.89,grocery,City-1,D0,card,213
TX001498,C0024,2026-03-31T02:32:00,5699.31,cash,City-14,D1706,card,238
TX001499,C0182,2026-03-19T22:32:00,288.76,grocery,City-2,D2,card,49
TX001500,C0149,2026-03-06T08:50:00,33.6,retail,City-4,D2,card,249
TX001501,C0054,2026-03-30T16:14:00,236.0,retail,City-4,D0,card,1707
TX001502,C0282,2026-01-23T00:57:00,98.44,grocery,City-2,D0,card,568
TX001503,C0074,2026-01-01T06:12:00,49.67,retail,City-4,D2,card,1822
TX001504,C0297,2026-02-27T18:18:00,581.8,grocery,City-2,D0,card,1408
TX001505,C0198,2026-02-28T09:36:00,1226.23,travel,City-9,D3365,card,994
TX001506,C0036,2026-01-05T21:00:00,101.52,grocery,City-1,D0,card,1313
TX001507,C0007,2026-03-09T10:01:00,146.21,grocery,City-2,D1,card,1479
TX001508,C0188,2026-01-27T23:15:00,238.77,retail,City-3,D2,card,1878
TX001509,C0274,2026-02-22T08:17:00,240.34,cash,City-4,D1,card,1270
TX001510,C0200,2026-03-24T15:15:00,306.94,grocery,City-0,D2,card,292
TX001511,C0179,2026-01-23T13:01:00,481.75,grocery,City-4,D2,card,855
TX001512,C0099,2026-03-16T06:56:00,406.75,cash,City-4,D0,card,1871
TX001513,C0076,2026-03-27T17:25:00,165.51,grocery,City-1,D1,card,179
TX001514,C0057,2026-01-23T01:35:00,840.06,grocery,City-2,D0,card,1288
TX001515,C0153,2026-01-04T21:54:00,180.98,retail,City-3,D0,card,702
TX001516,C0130,2026-01-10T01:29:00,66.35,grocery,City-0,D1,card,1186
TX001517,C0198,2026-01-04T12:54:00,41.44,cash,City-3,D0,card,1099
TX001518,C0066,2026-03-14T06:27:00,282.82,cash,City-1,D0,card,726
TX001519,C0167,2026-03-11T14:12:00,531.48,retail,City-2,D2,card,409
TX001520,C0267,2026-01-03T06:35:00,124.94,grocery,City-2,D0,card,1461
TX001521,C0102,2026-02-21T11:47:00,109.42,travel,City-2,D0,card,1831
TX001522,C0070,2026-01-06T08:54:00,54.92,retail,City-0,D1,card,703
TX001523,C0137,2026-02-09T01:58:00,185.26,travel,City-2,D2,card,1180
TX001524,C0181,2026-02-25T16:08:00,488.8,cash,City-1,D1,card,1769
TX001525,C0093,2026-02-04T11:30:00,165.6,cash,City-3,D0,card,1261
TX001526,C0221,2026-02-02T10:57:00,208.74,grocery,City-1,D2,card,1685
TX001527,C0118,2026-01-07T08:37:00,139.12,retail,City-3,D1,card,668
TX001528,C0127,2026-01-23T12:52:00,64.59,grocery,City-2,D1,card,312
TX001529,C0225,2026-02-19T02:27:00,457.63,travel,City-0,D0,card,1528
TX001530,C0256,2026-02-25T02:50:00,560.76,cash,City-1,D1,card,307
TX001531,C0004,2026-02-05T10:21:00,43.92,grocery,City-4,D1,card,600
TX001532,C0179,2026-03-10T16:25:00,248.76,retail,City-4,D2,card,1920
TX001533,C0028,2026-01-08T20:57:00,40.28,travel,City-3,D1,card,1550
TX001534,C0136,2026-02-09T07:27:00,413.55,grocery,City-1,D1,card,86
TX001535,C0233,2026-03-17T20:04:00,363.42,retail,City-3,D2,card,742
TX001536,C0239,2026-03-22T18:18:00,78.34,retail,City-4,D2,card,1937
TX001537,C0013,2026-03-28T09:11:00,253.4,travel,City-3,D1,card,1329
TX001538,C0095,2026-02-02T08:52:00,166.05,grocery,City-0,D2,card,987
TX001539,C0245,2026-01-08T22:52:00,467.71,travel,City-0,D2,card,1789
TX001540,C0139,2026-02-17T13:04:00,52.47,grocery,City-4,D1,card,1666
TX001541,C0118,2026-02-15T04:04:00,60.72,travel,City-3,D1,card,577
TX001542,C0114,2026-01-27T09:23:00,194.75,retail,City-4,D0,card,1167
TX001543,C0196,2026-02-27T16:13:00,410.52,travel,City-1,D1,card,1436
TX001544,C0227,2026-01-07T17:43:00,441.6,travel,City-2,D2,card,1334
TX001545,C0174,2026-02-15T17:06:00,109.08,cash,City-4,D0,card,1953
TX001546,C0057,2026-02-13T20:45:00,277.54,grocery,City-2,D0,card,656
TX001547,C0199,2026-01-02T21:34:00,146.4,cash,City-4,D1,card,570
TX001548,C0231,2026-03-03T06:41:00,255.07,grocery,City-1,D0,card,1712
TX001549,C0236,2026-01-08T01:31:00,155.17,grocery,City-1,D2,card,234
TX001550,C0031,2026-03-11T09:15:00,272.25,travel,City-1,D1,card,1183
TX001551,C0057,2026-02-03T02:19:00,344.53,travel,City-2,D0,card,1965
TX001552,C0280,2026-03-11T03:30:00,49.96,travel,City-0,D1,card,761
TX001553,C0167,2026-02-25T19:08:00,6376.93,cash,City-10,D6243,card,1248
TX001554,C0036,2026-01-24T04:08:00,65.44,cash,City-1,D0,card,349
TX001555,C0078,2026-01-06T00:46:00,155.23,cash,City-3,D0,card,1794
TX001556,C0217,2026-03-05T04:32:00,34.04,retail,City-2,D1,card,698
TX001557,C0076,2026-02-24T02:37:00,404.09,retail,City-1,D1,card,852
TX001558,C0174,2026-01-19T03:55:00,112.59,cash,City-4,D0,card,760
TX001559,C0173,2026-03-05T19:56:00,333.26,retail,City-3,D2,card,693
TX001560,C0238,2026-01-22T00:04:00,62.05,retail,City-3,D1,card,251
TX001561,C0099,2026-01-20T13:38:00,221.56,retail,City-4,D0,card,669
TX001562,C0139,2026-02-17T13:27:00,49.18,travel,City-4,D1,card,115
TX001563,C0143,2026-02-28T08:54:00,168.13,grocery,City-3,D2,card,1147
TX001564,C0095,2026-02-09T09:52:00,165.41,grocery,City-0,D2,card,1015
TX001565,C0282,2026-01-03T08:16:00,163.18,cash,City-2,D0,card,244
TX001566,C0290,2026-01-06T15:50:00,366.73,retail,City-0,D2,card,1609
TX001567,C0218,2026-03-26T08:35:00,306.2,travel,City-3,D2,card,550
TX001568,C0238,2026-02-24T18:36:00,62.69,grocery,City-3,D1,card,663
TX001569,C0292,2026-01-06T17:42:00,457.29,retail,City-2,D1,card,274
TX001570,C0249,2026-02-16T23:04:00,6316.37,cash,City-11,D7451,card,1400
TX001571,C0251,2026-01-29T13:05:00,474.89,grocery,City-1,D2,card,1498
TX001572,C0249,2026-03-14T18:15:00,117.57,grocery,City-4,D0,card,1501
TX001573,C0070,2026-02-24T06:00:00,205.31,retail,City-0,D1,card,1506
TX001574,C0243,2026-03-21T17:12:00,259.89,retail,City-3,D0,card,582
TX001575,C0210,2026-02-23T12:16:00,241.67,travel,City-0,D0,card,857
TX001576,C0139,2026-02-15T18:50:00,73.38,grocery,City-4,D1,card,543
TX001577,C0154,2026-03-24T02:12:00,38.14,travel,City-4,D1,card,505
TX001578,C0124,2026-03-07T01:50:00,34.1,travel,City-4,D1,card,1298
TX001579,C0013,2026-03-05T14:34:00,250.91,travel,City-3,D1,card,163
TX001580,C0262,2026-01-25T08:58:00,75.35,travel,City-2,D1,card,1110
TX001581,C0087,2026-02-23T16:36:00,176.0,cash,City-2,D0,card,1455
TX001582,C0276,2026-03-06T06:53:00,138.22,cash,City-1,D0,card,1202
TX001583,C0213,2026-03-29T00:52:00,321.94,grocery,City-3,D0,card,1442
TX001584,C0009,2026-02-12T22:47:00,117.92,retail,City-4,D0,card,748
TX001585,C0072,2026-03-23T19:42:00,260.69,cash,City-2,D0,card,1165
TX001586,C0131,2026-02-05T15:20:00,268.59,retail,City-1,D2,card,1089
TX001587,C0255,2026-01-16T14:06:00,260.52,travel,City-0,D0,card,1554
TX001588,C0267,2026-02-02T12:59:00,66.64,grocery,City-2,D0,card,1135
TX001589,C0246,2026-01-03T10:37:00,339.7,cash,City-1,D0,card,1578
TX001590,C0000,2026-03-05T11:09:00,447.37,travel,City-0,D0,card,570
TX001591,C0116,2026-03-10T23:31:00,316.48,retail,City-1,D2,card,1207
TX001592,C0240,2026-03-25T01:20:00,1317.63,cash,City-18,D3258,card,1051
TX001593,C0232,2026-03-13T17:17:00,623.84,travel,City-2,D1,card,801
TX001594,C0266,2026-03-19T17:56:00,41.68,retail,City-1,D2,card,1806
TX001595,C0154,2026-02-23T21:06:00,72.09,travel,City-4,D1,card,925
TX001596,C0250,2026-02-21T03:58:00,3525.92,cash,City-19,D6314,card,40
TX001597,C0118,2026-03-06T15:12:00,261.27,travel,City-3,D1,card,781
TX001598,C0157,2026-02-15T23:18:00,1189.93,cash,City-16,D4035,card,1854
TX001599,C0144,2026-01-25T09:52:00,176.81,travel,City-4,D0,card,187
TX001600,C0075,2026-03-14T22:56:00,108.06,retail,City-0,D0,card,1216
TX001601,C0068,2026-02-17T20:40:00,100.15,retail,City-3,D2,card,1015
TX001602,C0187,2026-01-24T12:44:00,121.18,cash,City-2,D1,card,465
TX001603,C0277,2026-02-06T10:08:00,164.57,retail,City-2,D1,card,930
TX001604,C0069,2026-01-14T20:51:00,307.88,grocery,City-4,D0,card,675
TX001605,C0097,2026-03-30T04:25:00,54.43,cash,City-2,D1,card,682
TX001606,C0066,2026-01-04T13:55:00,188.56,retail,City-1,D0,card,176
TX001607,C0114,2026-03-27T00:19:00,82.28,travel,City-4,D0,card,634
TX001608,C0121,2026-01-07T06:36:00,289.06,grocery,City-1,D1,card,312
TX001609,C0018,2026-03-21T10:21:00,524.55,travel,City-3,D0,card,1058
TX001610,C0284,2026-01-09T07:47:00,365.39,travel,City-4,D2,card,1571
TX001611,C0065,2026-01-23T10:51:00,196.23,cash,City-0,D2,card,807
TX001612,C0138,2026-02-05T23:24:00,197.09,retail,City-3,D0,card,590
TX001613,C0286,2026-02-05T09:38:00,29.84,cash,City-1,D1,card,1765
TX001614,C0062,2026-01-16T03:50:00,242.67,travel,City-2,D2,card,449
TX001615,C0081,2026-02-04T19:56:00,241.45,grocery,City-1,D0,card,1434
TX001616,C0172,2026-03-23T23:32:00,108.75,travel,City-2,D1,card,99
TX001617,C0079,2026-01-08T01:15:00,599.95,retail,City-4,D1,card,1572
TX001618,C0003,2026-03-16T14:09:00,282.65,travel,City-3,D0,card,1707
TX001619,C0018,2026-03-27T20:46:00,238.54,travel,City-3,D0,card,1962
TX001620,C0170,2026-03-25T20:03:00,141.25,cash,City-0,D2,card,1140
TX001621,C0175,2026-03-11T22:34:00,30.18,cash,City-0,D1,card,1204
TX001622,C0268,2026-03-21T18:47:00,47.0,retail,City-3,D1,card,608
TX001623,C0195,2026-01-27T06:10:00,98.06,cash,City-0,D0,card,1165
TX001624,C0260,2026-03-20T21:59:00,148.69,grocery,City-0,D2,card,1608
TX001625,C0137,2026-03-29T17:40:00,315.84,grocery,City-2,D2,card,880
TX001626,C0199,2026-01-03T07:17:00,121.43,grocery,City-4,D1,card,941
TX001627,C0203,2026-01-25T06:13:00,27.36,travel,City-3,D2,card,1612
TX001628,C0046,2026-01-23T09:28:00,328.19,cash,City-1,D1,card,819
TX001629,C0028,2026-01-14T06:42:00,243.7,grocery,City-3,D1,card,719
TX001630,C0229,2026-01-19T21:10:00,38.25,travel,City-4,D1,card,189
TX001631,C0220,2026-03-23T20:41:00,177.4,cash,City-0,D1,card,311
TX001632,C0223,2026-02-10T14:07:00,791.01,retail,City-3,D1,card,276
TX001633,C0049,2026-01-16T13:25:00,47.44,travel,City-4,D1,card,868
TX001634,C0239,2026-01-31T15:45:00,48.92,travel,City-4,D2,card,1326
TX001635,C0059,2026-01-17T00:42:00,59.98,travel,City-4,D2,card,543
TX001636,C0163,2026-03-17T07:05:00,33.95,grocery,City-3,D1,card,304
TX001637,C0001,2026-03-30T06:09:00,98.25,cash,City-1,D1,card,1185
TX001638,C0097,2026-02-04T15:52:00,41.09,travel,City-2,D1,card,766
TX001639,C0107,2026-01-24T02:52:00,1640.41,retail,City-11,D6928,card,719
TX001640,C0157,2026-01-06T22:14:00,202.17,grocery,City-2,D1,card,797
TX001641,C0238,2026-02-06T07:17:00,33.07,cash,City-3,D1,card,531
TX001642,C0211,2026-03-21T02:38:00,343.1,retail,City-1,D1,card,1091
TX001643,C0294,2026-02-25T00:31:00,372.98,travel,City-4,D0,card,123
TX001644,C0012,2026-02-21T19:10:00,567.55,travel,City-2,D0,card,1958
TX001645,C0236,2026-02-18T18:07:00,116.02,cash,City-1,D2,card,1741
TX001646,C0020,2026-03-25T10:08:00,172.85,grocery,City-0,D2,card,399
TX001647,C0058,2026-01-15T05:38:00,192.0,travel,City-3,D1,card,1592
TX001648,C0040,2026-03-08T00:54:00,261.95,retail,City-0,D1,card,496
TX001649,C0095,2026-03-28T09:27:00,577.25,grocery,City-0,D2,card,218
TX001650,C0066,2026-03-11T00:24:00,104.14,travel,City-1,D0,card,1183
TX001651,C0234,2026-03-16T01:48:00,379.43,grocery,City-4,D0,card,767
TX001652,C0253,2026-02-11T15:58:00,105.24,travel,City-3,D1,card,1349
TX001653,C0246,2026-01-13T19:29:00,94.85,cash,City-1,D0,card,45
TX001654,C0059,2026-02-25T10:29:00,104.72,travel,City-4,D2,card,1038
TX001655,C0154,2026-03-02T05:34:00,23.57,travel,City-4,D1,card,1234
TX001656,C0014,2026-03-22T17:49:00,222.56,travel,City-4,D2,card,723
TX001657,C0015,2026-03-25T18:14:00,163.45,travel,City-0,D0,card,442
TX001658,C0006,2026-03-29T06:04:00,233.25,grocery,City-1,D0,card,674
TX001659,C0188,2026-01-24T23:56:00,142.92,cash,City-3,D2,card,1195
TX001660,C0275,2026-03-05T21:18:00,4221.6,retail,City-8,D4208,card,1323
TX001661,C0160,2026-02-25T02:15:00,84.52,retail,City-0,D1,card,199
TX001662,C0217,2026-01-15T05:49:00,86.2,retail,City-2,D1,card,1829
TX001663,C0104,2026-03-13T18:24:00,203.79,cash,City-4,D2,card,398
TX001664,C0056,2026-02-03T03:42:00,100.62,cash,City-1,D2,card,314
TX001665,C0161,2026-02-28T03:44:00,313.37,retail,City-1,D2,card,186
TX001666,C0185,2026-03-23T16:57:00,130.23,cash,City-0,D2,card,1329
TX001667,C0034,2026-03-21T02:44:00,168.6,cash,City-4,D1,card,921
TX001668,C0009,2026-01-07T12:47:00,195.54,retail,City-4,D0,card,807
TX001669,C0069,2026-02-04T19:32:00,161.16,travel,City-4,D0,card,1247
TX001670,C0096,2026-01-29T00:35:00,707.44,retail,City-1,D0,card,1942
TX001671,C0007,2026-02-11T06:32:00,212.32,travel,City-2,D1,card,102
TX001672,C0145,2026-02-05T08:37:00,258.1,travel,City-0,D1,card,718
TX001673,C0049,2026-03-29T02:58:00,63.38,travel,City-4,D1,card,869
TX001674,C0175,2026-01-20T00:56:00,94.13,grocery,City-0,D1,card,1326
TX001675,C0168,2026-02-05T00:20:00,153.1,cash,City-3,D0,card,991
TX001676,C0009,2026-01-12T21:25:00,160.79,grocery,City-4,D0,card,591
TX001677,C0189,2026-03-07T03:43:00,2328.72,travel,City-10,D6065,card,550
TX001678,C0095,2026-02-21T15:20:00,1258.73,cash,City-3,D5400,card,1785
TX001679,C0115,2026-01-02T12:42:00,357.92,grocery,City-0,D1,card,685
TX001680,C0196,2026-03-06T05:08:00,279.79,cash,City-1,D1,card,738
TX001681,C0247,2026-03-28T00:03:00,247.38,retail,City-2,D1,card,1675
TX001682,C0235,2026-02-14T17:16:00,201.63,grocery,City-0,D1,card,116
TX001683,C0252,2026-01-27T20:19:00,343.44,travel,City-2,D0,card,1329
TX001684,C0043,2026-02-08T09:56:00,206.77,grocery,City-3,D1,card,831
TX001685,C0105,2026-02-26T16:38:00,303.73,cash,City-0,D0,card,435
TX001686,C0018,2026-02-07T14:38:00,473.13,travel,City-3,D0,card,1559
TX001687,C0038,2026-01-24T01:21:00,993.93,retail,City-5,D7644,card,1778
TX001688,C0256,2026-02-28T10:27:00,318.77,grocery,City-1,D1,card,1219
TX001689,C0299,2026-02-02T01:00:00,356.41,grocery,City-4,D2,card,360
TX001690,C0096,2026-03-14T19:34:00,112.75,retail,City-1,D0,card,70
TX001691,C0287,2026-02-16T20:42:00,108.3,retail,City-2,D2,card,1627
TX001692,C0229,2026-01-15T10:28:00,39.05,travel,City-4,D1,card,1258
TX001693,C0197,2026-01-11T08:39:00,747.2,cash,City-2,D2,card,1423
TX001694,C0138,2026-02-17T15:31:00,522.25,retail,City-3,D0,card,281
TX001695,C0084,2026-02-14T01:27:00,20.23,retail,City-4,D0,card,1391
TX001696,C0297,2026-03-31T22:40:00,489.83,cash,City-2,D0,card,1868
TX001697,C0249,2026-02-27T11:38:00,119.6,retail,City-4,D0,card,1763
TX001698,C0002,2026-02-12T19:43:00,737.09,grocery,City-2,D2,card,222
TX001699,C0067,2026-03-08T00:55:00,143.61,cash,City-2,D1,card,1711
TX001700,C0214,2026-03-08T08:47:00,376.49,travel,City-4,D1,card,1521
TX001701,C0192,2026-01-31T15:38:00,54.15,grocery,City-2,D0,card,1087
TX001702,C0071,2026-01-10T07:05:00,229.93,travel,City-1,D2,card,1474
TX001703,C0286,2026-02-26T05:40:00,27.51,cash,City-1,D1,card,1705
TX001704,C0034,2026-01-16T14:01:00,144.12,travel,City-4,D1,card,1488
TX001705,C0011,2026-02-01T17:33:00,653.54,retail,City-1,D2,card,1373
TX001706,C0063,2026-01-25T18:01:00,260.91,travel,City-3,D0,card,698
TX001707,C0053,2026-03-15T09:40:00,609.94,grocery,City-3,D2,card,772
TX001708,C0116,2026-02-09T14:19:00,210.39,grocery,City-1,D2,card,730
TX001709,C0127,2026-01-24T15:56:00,80.96,cash,City-2,D1,card,75
TX001710,C0165,2026-01-06T05:10:00,125.33,cash,City-0,D0,card,811
TX001711,C0079,2026-01-02T22:46:00,1570.81,grocery,City-19,D3405,card,1531
TX001712,C0026,2026-01-10T17:33:00,136.07,cash,City-1,D2,card,684
TX001713,C0216,2026-02-15T04:55:00,59.66,retail,City-1,D0,card,1018
TX001714,C0170,2026-03-07T21:58:00,87.96,cash,City-0,D2,card,1079
TX001715,C0190,2026-03-08T04:49:00,727.17,travel,City-0,D1,card,1254
TX001716,C0009,2026-02-22T12:39:00,262.48,grocery,City-4,D0,card,146
TX001717,C0201,2026-03-04T20:19:00,400.92,retail,City-1,D0,card,1744
TX001718,C0140,2026-03-02T12:27:00,193.36,cash,City-0,D2,card,146
TX001719,C0162,2026-02-01T15:53:00,89.5,grocery,City-2,D0,card,402
TX001720,C0037,2026-01-21T17:15:00,186.17,travel,City-2,D1,card,784
TX001721,C0270,2026-01-16T12:18:00,81.67,retail,City-0,D0,card,800
TX001722,C0208,2026-01-05T02:22:00,130.99,travel,City-3,D1,card,1029
TX001723,C0100,2026-03-16T00:54:00,400.29,grocery,City-0,D1,card,1894
TX001724,C0195,2026-02-04T12:28:00,50.4,grocery,City-0,D0,card,1115
TX001725,C0271,2026-01-28T11:32:00,73.49,grocery,City-1,D1,card,251
TX001726,C0202,2026-01-01T15:29:00,174.51,travel,City-2,D1,card,617
TX001727,C0189,2026-01-20T21:42:00,168.12,retail,City-4,D0,card,619
TX001728,C0164,2026-01-29T22:34:00,212.53,cash,City-4,D2,card,1830
TX001729,C0022,2026-01-27T09:12:00,212.23,retail,City-2,D1,card,612
TX001730,C0294,2026-01-12T22:46:00,4951.54,cash,City-3,D6850,card,287
TX001731,C0284,2026-01-02T03:46:00,127.28,retail,City-4,D2,card,1853
TX001732,C0294,2026-03-06T07:18:00,244.1,retail,City-4,D0,card,1638
TX001733,C0110,2026-02-21T08:45:00,65.31,retail,City-0,D2,card,1803
TX001734,C0237,2026-01-03T07:40:00,321.85,retail,City-2,D0,card,1212
TX001735,C0299,2026-01-04T10:53:00,176.49,grocery,City-4,D2,card,1258
TX001736,C0271,2026-01-20T16:12:00,69.62,travel,City-1,D1,card,1894
TX001737,C0266,2026-02-16T06:41:00,87.43,grocery,City-1,D2,card,823
TX001738,C0179,2026-01-04T04:24:00,168.68,travel,City-4,D2,card,852
TX001739,C0172,2026-03-04T01:10:00,68.51,cash,City-2,D1,card,305
TX001740,C0019,2026-02-08T11:19:00,286.59,cash,City-4,D1,card,147
TX001741,C0222,2026-01-25T20:55:00,235.73,grocery,City-2,D0,card,1752
TX001742,C0242,2026-01-17T09:51:00,206.16,travel,City-2,D2,card,1898
TX001743,C0253,2026-02-10T22:28:00,44.09,retail,City-3,D1,card,1364
TX001744,C0041,2026-01-16T02:16:00,571.89,cash,City-1,D2,card,1088
TX001745,C0270,2026-02-15T19:10:00,277.32,cash,City-17,D6625,card,1166
TX001746,C0108,2026-03-12T18:47:00,128.19,cash,City-10,D4356,card,205
TX001747,C0009,2026-02-24T17:43:00,375.64,travel,City-4,D0,card,1478
TX001748,C0208,2026-01-31T21:16:00,82.78,grocery,City-3,D1,card,1956
TX001749,C0095,2026-02-07T21:10:00,275.88,travel,City-0,D2,card,1954
TX001750,C0012,2026-01-19T04:05:00,284.92,cash,City-2,D0,card,1988
TX001751,C0232,2026-03-12T01:13:00,291.41,grocery,City-2,D1,card,359
TX001752,C0297,2026-02-12T17:42:00,205.58,retail,City-2,D0,card,1223
TX001753,C0135,2026-02-07T23:38:00,51.7,travel,City-0,D0,card,1284
TX001754,C0153,2026-03-13T22:12:00,195.1,cash,City-3,D0,card,1229
TX001755,C0120,2026-01-25T06:19:00,222.01,grocery,City-0,D0,card,1133
TX001756,C0289,2026-02-04T09:34:00,35.78,cash,City-4,D1,card,1330
TX001757,C0200,2026-03-13T07:28:00,280.24,retail,City-0,D2,card,1398
TX001758,C0250,2026-03-01T17:32:00,410.64,grocery,City-0,D1,card,830
TX001759,C0110,2026-02-06T02:02:00,1488.94,retail,City-6,D6256,card,640
TX001760,C0095,2026-01-22T13:16:00,404.4,travel,City-0,D2,card,1920
TX001761,C0048,2026-03-25T04:50:00,432.82,travel,City-3,D0,card,92
TX001762,C0128,2026-03-01T17:14:00,77.54,grocery,City-3,D2,card,1161
TX001763,C0111,2026-02-03T08:41:00,122.49,cash,City-1,D0,card,1464
TX001764,C0127,2026-03-10T10:50:00,64.39,retail,City-2,D1,card,81
TX001765,C0161,2026-02-11T03:10:00,319.51,grocery,City-1,D2,card,868
TX001766,C0058,2026-02-20T19:46:00,93.59,grocery,City-3,D1,card,1600
TX001767,C0256,2026-02-03T13:06:00,184.33,grocery,City-1,D1,card,1848
TX001768,C0180,2026-03-18T18:23:00,299.55,grocery,City-0,D0,card,325
TX001769,C0100,2026-02-17T17:56:00,418.36,grocery,City-0,D1,card,1119
TX001770,C0221,2026-01-04T05:41:00,235.72,grocery,City-1,D2,card,1101
TX001771,C0152,2026-03-01T03:45:00,108.89,cash,City-2,D2,card,466
TX001772,C0236,2026-03-19T06:17:00,161.52,travel,City-1,D2,card,40
TX001773,C0086,2026-03-13T15:03:00,205.71,grocery,City-1,D2,card,414
TX001774,C0270,2026-01-05T02:47:00,34.14,cash,City-0,D0,card,1179
TX001775,C0036,2026-02-20T03:20:00,205.97,cash,City-15,D3292,card,1365
TX001776,C0084,2026-03-17T08:16:00,33.18,travel,City-4,D0,card,272
TX001777,C0113,2026-02-09T16:04:00,369.72,retail,City-3,D2,card,516
TX001778,C0027,2026-01-28T17:08:00,33.71,travel,City-2,D0,card,1761
TX001779,C0128,2026-03-01T16:50:00,155.21,retail,City-3,D2,card,1067
TX001780,C0212,2026-02-07T11:18:00,82.7,travel,City-2,D2,card,1834
TX001781,C0066,2026-02-10T21:42:00,144.18,travel,City-1,D0,card,1837
TX001782,C0253,2026-02-02T15:34:00,60.53,travel,City-3,D1,card,71
TX001783,C0150,2026-03-19T10:42:00,468.58,travel,City-0,D0,card,339
TX001784,C0220,2026-01-05T04:05:00,136.79,grocery,City-0,D1,card,215
TX001785,C0081,2026-03-21T06:54:00,140.08,grocery,City-1,D0,card,1402
TX001786,C0145,2026-02-16T21:33:00,181.94,cash,City-0,D1,card,1391
TX001787,C0101,2026-03-13T04:01:00,254.9,retail,City-1,D2,card,1726
TX001788,C0176,2026-03-14T15:31:00,188.54,travel,City-1,D2,card,1103
TX001789,C0095,2026-02-02T19:21:00,228.04,cash,City-0,D2,card,1371
TX001790,C0136,2026-03-25T20:51:00,309.53,grocery,City-1,D1,card,881
TX001791,C0075,2026-03-24T22:28:00,175.83,cash,City-0,D0,card,897
TX001792,C0043,2026-01-15T06:28:00,209.25,cash,City-3,D1,card,911
TX001793,C0205,2026-01-31T00:00:00,192.91,travel,City-0,D1,card,893
TX001794,C0101,2026-01-31T08:38:00,123.11,travel,City-1,D2,card,642
TX001795,C0098,2026-03-06T09:45:00,67.23,retail,City-3,D2,card,929
TX001796,C0179,2026-01-11T17:33:00,253.87,travel,City-4,D2,card,1841
TX001797,C0085,2026-01-24T01:49:00,88.17,travel,City-0,D1,card,1375
TX001798,C0251,2026-01-04T15:43:00,568.21,grocery,City-1,D2,card,1595
TX001799,C0237,2026-03-08T16:29:00,837.42,cash,City-2,D0,card,121
TX001800,C0222,2026-03-04T23:27:00,208.31,retail,City-2,D0,card,1797
TX001801,C0149,2026-01-28T22:30:00,18.59,retail,City-4,D2,card,1818
TX001802,C0055,2026-03-19T05:28:00,226.76,retail,City-0,D1,card,1982
TX001803,C0012,2026-02-11T11:35:00,115.15,travel,City-2,D0,card,1910
TX001804,C0037,2026-01-04T10:47:00,255.09,cash,City-2,D1,card,1079
TX001805,C0284,2026-01-10T06:19:00,193.6,grocery,City-4,D2,card,1481
TX001806,C0212,2026-01-27T02:45:00,1990.78,travel,City-9,D6931,card,184
TX001807,C0160,2026-03-04T17:53:00,22.0,retail,City-0,D1,card,1820
TX001808,C0115,2026-01-17T10:40:00,763.1,retail,City-0,D1,card,1539
TX001809,C0287,2026-03-05T05:31:00,128.11,travel,City-2,D2,card,1599
TX001810,C0283,2026-02-01T20:39:00,85.6,retail,City-3,D1,card,776
TX001811,C0185,2026-01-15T07:42:00,260.4,grocery,City-0,D2,card,1889
TX001812,C0295,2026-02-08T22:55:00,465.43,cash,City-0,D1,card,1843
TX001813,C0270,2026-02-18T15:13:00,41.51,retail,City-0,D0,card,1638
TX001814,C0278,2026-03-02T17:27:00,309.55,grocery,City-3,D2,card,1713
TX001815,C0244,2026-01-08T03:42:00,496.95,retail,City-4,D1,card,591
TX001816,C0055,2026-01-20T11:24:00,314.13,travel,City-0,D1,card,1594
TX001817,C0088,2026-03-13T14:22:00,34.03,retail,City-3,D1,card,538
TX001818,C0186,2026-03-11T14:32:00,242.52,retail,City-1,D0,card,115
TX001819,C0064,2026-03-07T14:20:00,192.93,grocery,City-4,D1,card,171
TX001820,C0206,2026-01-13T03:28:00,29.83,grocery,City-1,D2,card,1482
TX001821,C0279,2026-02-10T06:50:00,435.96,cash,City-4,D0,card,1938
TX001822,C0196,2026-01-04T01:35:00,265.22,retail,City-1,D1,card,1215
TX001823,C0251,2026-02-08T07:24:00,662.89,grocery,City-1,D2,card,855
TX001824,C0031,2026-01-26T18:21:00,433.12,grocery,City-1,D1,card,584
TX001825,C0207,2026-01-13T20:38:00,250.36,cash,City-2,D0,card,1364
TX001826,C0153,2026-02-05T13:25:00,733.82,retail,City-3,D0,card,788
TX001827,C0191,2026-03-06T06:27:00,130.13,retail,City-1,D2,card,518
TX001828,C0233,2026-02-15T22:59:00,150.41,cash,City-3,D2,card,849
TX001829,C0270,2026-01-14T05:44:00,39.37,cash,City-0,D0,card,922
TX001830,C0278,2026-03-09T23:57:00,328.5,retail,City-3,D2,card,1636
TX001831,C0283,2026-02-12T22:45:00,91.41,cash,City-3,D1,card,395
TX001832,C0168,2026-01-31T00:03:00,275.46,cash,City-3,D0,card,1061
TX001833,C0016,2026-02-14T11:21:00,218.14,grocery,City-1,D1,card,422
TX001834,C0069,2026-01-04T11:09:00,107.05,cash,City-4,D0,card,1902
TX001835,C0083,2026-03-05T05:08:00,541.64,retail,City-16,D4639,card,1684
TX001836,C0044,2026-02-22T21:52:00,211.46,retail,City-4,D2,card,1363
TX001837,C0030,2026-02-16T03:10:00,3810.45,cash,City-6,D3978,card,1166
TX001838,C0187,2026-01-25T22:08:00,55.46,cash,City-2,D1,card,228
TX001839,C0123,2026-03-06T17:54:00,470.17,grocery,City-3,D0,card,1796
TX001840,C0218,2026-01-02T11:31:00,218.52,travel,City-3,D2,card,1390
TX001841,C0109,2026-02-11T01:37:00,328.25,retail,City-4,D1,card,1416
TX001842,C0259,2026-03-26T15:18:00,176.66,retail,City-4,D1,card,451
TX001843,C0251,2026-02-23T13:01:00,418.54,cash,City-1,D2,card,1771
TX001844,C0137,2026-03-03T07:32:00,360.52,travel,City-2,D2,card,490
TX001845,C0293,2026-03-23T03:34:00,44.51,grocery,City-3,D2,card,787
TX001846,C0225,2026-03-11T04:27:00,590.39,cash,City-0,D0,card,50
TX001847,C0176,2026-03-22T04:32:00,160.0,travel,City-1,D2,card,1147
TX001848,C0264,2026-01-17T15:56:00,259.97,travel,City-4,D0,card,1269
TX001849,C0226,2026-01-04T06:52:00,31.44,retail,City-1,D1,card,906
TX001850,C0123,2026-01-03T13:41:00,249.29,grocery,City-3,D0,card,420
TX001851,C0160,2026-03-13T20:44:00,92.03,cash,City-0,D1,card,220
TX001852,C0146,2026-03-30T01:27:00,2960.84,travel,City-4,D7232,card,1242
TX001853,C0093,2026-01-07T22:07:00,167.57,travel,City-3,D0,card,1642
TX001854,C0267,2026-03-26T13:28:00,173.6,retail,City-2,D0,card,231
TX001855,C0043,2026-03-20T23:16:00,1031.89,retail,City-17,D5002,card,182
TX001856,C0250,2026-02-17T14:38:00,376.19,cash,City-0,D1,card,422
TX001857,C0220,2026-01-17T04:06:00,44.03,retail,City-0,D1,card,1407
TX001858,C0149,2026-01-03T08:26:00,15.46,retail,City-4,D2,card,1213
TX001859,C0108,2026-02-24T04:44:00,64.48,cash,City-3,D0,card,1894
TX001860,C0049,2026-03-07T11:57:00,127.87,retail,City-4,D1,card,1177
TX001861,C0239,2026-01-31T00:03:00,32.12,grocery,City-4,D2,card,771
TX001862,C0283,2026-02-22T02:05:00,258.86,cash,City-3,D1,card,1890
TX001863,C0012,2026-02-02T01:19:00,191.96,retail,City-2,D0,card,1229
TX001864,C0292,2026-02-09T14:39:00,434.23,retail,City-2,D1,card,1606
TX001865,C0056,2026-03-16T04:23:00,250.02,grocery,City-1,D2,card,1121
TX001866,C0024,2026-01-04T23:27:00,165.37,retail,City-4,D0,card,586
TX001867,C0089,2026-01-24T08:04:00,378.33,cash,City-4,D2,card,1221
TX001868,C0192,2026-02-22T12:30:00,81.94,retail,City-2,D0,card,1657
TX001869,C0268,2026-01-09T08:16:00,79.41,travel,City-3,D1,card,1161
TX001870,C0155,2026-03-21T17:00:00,138.46,grocery,City-0,D2,card,1746
TX001871,C0189,2026-01-20T07:50:00,81.07,travel,City-4,D0,card,801
TX001872,C0170,2026-02-19T18:28:00,274.52,cash,City-0,D2,card,781
TX001873,C0121,2026-03-02T11:34:00,361.4,cash,City-1,D1,card,428
TX001874,C0048,2026-02-05T08:34:00,213.34,retail,City-3,D0,card,1196
TX001875,C0055,2026-02-18T13:38:00,349.87,travel,City-0,D1,card,1262
TX001876,C0071,2026-02-21T10:48:00,190.32,cash,City-1,D2,card,531
TX001877,C0288,2026-03-09T23:29:00,187.64,travel,City-3,D0,card,816
TX001878,C0034,2026-03-25T13:47:00,231.87,grocery,City-4,D1,card,1259
TX001879,C0124,2026-03-14T03:37:00,101.71,retail,City-4,D1,card,254
TX001880,C0188,2026-03-25T05:07:00,354.46,travel,City-3,D2,card,1260
TX001881,C0233,2026-01-20T03:40:00,202.87,grocery,City-3,D2,card,73
TX001882,C0045,2026-03-30T06:45:00,228.61,cash,City-0,D0,card,621
TX001883,C0298,2026-02-03T08:32:00,147.88,cash,City-3,D1,card,1285
TX001884,C0086,2026-03-28T11:37:00,497.5,cash,City-1,D2,card,1345
TX001885,C0249,2026-02-24T15:24:00,130.45,travel,City-4,D0,card,1708
TX001886,C0049,2026-02-21T15:47:00,62.0,cash,City-4,D1,card,641
TX001887,C0284,2026-03-12T12:36:00,361.12,retail,City-4,D2,card,557
TX001888,C0123,2026-01-13T09:07:00,207.43,retail,City-3,D0,card,1900
TX001889,C0130,2026-02-28T23:59:00,42.78,travel,City-0,D1,card,1850
TX001890,C0091,2026-02-24T16:58:00,599.01,cash,City-1,D1,card,1853
TX001891,C0096,2026-02-16T19:18:00,63.37,cash,City-1,D0,card,146
TX001892,C0009,2026-03-28T05:13:00,124.93,retail,City-4,D0,card,1889
TX001893,C0107,2026-01-16T02:17:00,189.03,grocery,City-2,D2,card,800
TX001894,C0011,2026-01-05T16:58:00,392.47,cash,City-1,D2,card,1469
TX001895,C0182,2026-03-17T00:03:00,408.56,travel,City-2,D2,card,1540
TX001896,C0181,2026-01-23T10:55:00,234.4,travel,City-1,D1,card,752
TX001897,C0013,2026-01-08T12:20:00,250.79,cash,City-3,D1,card,1341
TX001898,C0174,2026-03-28T19:24:00,161.3,travel,City-4,D0,card,1470
TX001899,C0246,2026-02-01T10:29:00,274.49,grocery,City-1,D0,card,1950
TX001900,C0214,2026-03-07T08:27:00,554.02,cash,City-4,D1,card,862
TX001901,C0256,2026-03-09T06:40:00,212.17,travel,City-1,D1,card,960
TX001902,C0019,2026-02-23T09:19:00,254.25,travel,City-4,D1,card,238
TX001903,C0190,2026-01-16T02:10:00,313.97,retail,City-0,D1,card,718
TX001904,C0220,2026-01-23T11:33:00,187.24,retail,City-0,D1,card,934
TX001905,C0223,2026-01-01T18:35:00,287.75,cash,City-3,D1,card,1357
TX001906,C0013,2026-03-31T03:37:00,5939.01,cash,City-5,D6178,card,944
TX001907,C0228,2026-03-09T17:04:00,362.04,grocery,City-3,D0,card,1344
TX001908,C0190,2026-02-03T08:47:00,358.06,grocery,City-0,D1,card,652
TX001909,C0097,2026-01-03T19:09:00,80.27,travel,City-2,D1,card,1108
TX001910,C0107,2026-03-24T16:29:00,69.15,cash,City-2,D2,card,874
TX001911,C0291,2026-01-04T06:55:00,35.01,cash,City-1,D0,card,1879
TX001912,C0145,2026-03-20T00:34:00,219.73,retail,City-0,D1,card,1149
TX001913,C0196,2026-03-14T02:55:00,172.97,retail,City-1,D1,card,1290
TX001914,C0287,2026-01-08T05:24:00,220.68,grocery,City-2,D2,card,1379
TX001915,C0089,2026-03-16T12:34:00,261.18,grocery,City-4,D2,card,1475
TX001916,C0143,2026-01-15T17:35:00,296.73,cash,City-3,D2,card,728
TX001917,C0165,2026-03-16T21:04:00,161.24,travel,City-0,D0,card,307
TX001918,C0056,2026-02-06T20:57:00,1175.71,cash,City-15,D2796,card,1061
TX001919,C0157,2026-03-16T23:21:00,249.56,retail,City-2,D1,card,847
TX001920,C0268,2026-03-05T04:17:00,62.48,cash,City-3,D1,card,1012
TX001921,C0145,2026-03-22T14:22:00,171.94,cash,City-0,D1,card,1735
TX001922,C0035,2026-01-29T00:10:00,57.66,retail,City-0,D2,card,684
TX001923,C0126,2026-03-21T21:02:00,107.57,grocery,City-1,D0,card,531
TX001924,C0190,2026-01-18T07:21:00,215.59,cash,City-0,D1,card,865
TX001925,C0122,2026-01-12T09:54:00,129.49,travel,City-2,D2,card,556
TX001926,C0032,2026-01-31T12:54:00,188.15,grocery,City-2,D2,card,293
TX001927,C0292,2026-02-22T16:54:00,229.74,travel,City-2,D1,card,187
TX001928,C0200,2026-01-07T11:18:00,682.32,travel,City-0,D2,card,854
TX001929,C0018,2026-03-06T20:10:00,252.45,cash,City-3,D0,card,1747
TX001930,C0294,2026-02-25T10:39:00,349.33,retail,City-4,D0,card,1364
TX001931,C0176,2026-03-29T21:15:00,130.13,cash,City-1,D2,card,616
TX001932,C0056,2026-03-03T13:24:00,203.93,travel,City-1,D2,card,1905
TX001933,C0205,2026-02-27T05:24:00,103.79,grocery,City-0,D1,card,620
TX001934,C0026,2026-03-25T08:50:00,240.37,cash,City-1,D2,card,383
TX001935,C0100,2026-01-02T09:14:00,463.19,cash,City-0,D1,card,1068
TX001936,C0196,2026-01-28T18:06:00,555.51,travel,City-1,D1,card,1066
TX001937,C0237,2026-02-22T02:20:00,173.44,travel,City-2,D0,card,376
TX001938,C0002,2026-02-28T01:48:00,2988.77,travel,City-15,D3524,card,858
TX001939,C0119,2026-03-13T21:00:00,313.08,travel,City-4,D2,card,1535
TX001940,C0203,2026-01-28T16:49:00,94.49,cash,City-3,D2,card,1731
TX001941,C0232,2026-01-02T23:38:00,428.48,grocery,City-2,D1,card,247
TX001942,C0098,2026-03-13T07:16:00,124.81,cash,City-3,D2,card,331
TX001943,C0080,2026-03-29T16:03:00,216.24,grocery,City-0,D2,card,1905
TX001944,C0089,2026-03-22T08:03:00,275.6,retail,City-4,D2,card,1840
TX001945,C0142,2026-02-28T23:55:00,187.18,retail,City-2,D1,card,1316
TX001946,C0173,2026-02-15T07:56:00,382.09,travel,City-3,D2,card,1059
TX001947,C0227,2026-02-02T11:23:00,199.92,cash,City-2,D2,card,850
TX001948,C0237,2026-01-03T07:12:00,1102.35,travel,City-2,D0,card,1593
TX001949,C0136,2026-02-10T10:28:00,245.93,retail,City-1,D1,card,67
TX001950,C0249,2026-01-16T16:22:00,221.46,grocery,City-4,D0,card,1554
TX001951,C0208,2026-03-17T10:27:00,97.93,grocery,City-3,D1,card,1604
TX001952,C0034,2026-03-05T18:56:00,150.04,cash,City-4,D1,card,826
TX001953,C0001,2026-03-21T21:14:00,157.07,retail,City-1,D1,card,344
TX001954,C0043,2026-03-24T06:56:00,137.55,cash,City-3,D1,card,66
TX001955,C0256,2026-03-11T23:41:00,546.3,grocery,City-1,D1,card,1371
TX001956,C0102,2026-01-26T03:25:00,66.51,retail,City-2,D0,card,1894
TX001957,C0154,2026-03-19T09:58:00,52.31,cash,City-4,D1,card,1016
TX001958,C0088,2026-03-28T09:39:00,129.72,travel,City-3,D1,card,1859
TX001959,C0069,2026-01-15T15:40:00,234.24,grocery,City-4,D0,card,1246
TX001960,C0073,2026-02-02T21:52:00,154.25,grocery,City-3,D1,card,298
TX001961,C0015,2026-03-17T01:26:00,85.46,cash,City-0,D0,card,1505
TX001962,C0218,2026-01-24T19:47:00,414.99,cash,City-3,D2,card,417
TX001963,C0292,2026-03-25T21:43:00,1021.37,cash,City-2,D1,card,249
TX001964,C0074,2026-03-27T09:39:00,45.11,retail,City-4,D2,card,389
TX001965,C0171,2026-01-01T16:07:00,429.06,cash,City-1,D0,card,703
TX001966,C0158,2026-02-15T09:17:00,228.61,cash,City-3,D2,card,1494
TX001967,C0221,2026-03-01T13:08:00,236.91,grocery,City-1,D2,card,1604
TX001968,C0171,2026-03-05T22:00:00,187.72,grocery,City-1,D0,card,1365
TX001969,C0262,2026-03-08T07:58:00,48.28,grocery,City-2,D1,card,510
TX001970,C0286,2026-03-20T00:55:00,45.32,grocery,City-1,D1,card,754
TX001971,C0202,2026-03-22T19:48:00,168.81,retail,City-2,D1,card,1594
TX001972,C0105,2026-02-26T12:16:00,231.88,travel,City-0,D0,card,818
TX001973,C0132,2026-03-27T13:45:00,196.45,travel,City-2,D0,card,542
TX001974,C0084,2026-02-25T22:56:00,50.7,retail,City-4,D0,card,742
TX001975,C0092,2026-02-22T02:02:00,4569.62,retail,City-9,D6330,card,987
TX001976,C0288,2026-02-27T08:47:00,240.58,grocery,City-3,D0,card,1746
TX001977,C0107,2026-02-11T02:03:00,108.08,cash,City-2,D2,card,1330
TX001978,C0249,2026-02-28T10:47:00,229.6,cash,City-4,D0,card,1086
TX001979,C0228,2026-01-05T13:17:00,157.04,grocery,City-3,D0,card,1334
TX001980,C0193,2026-02-07T16:53:00,282.13,cash,City-3,D1,card,349
TX001981,C0075,2026-01-14T21:45:00,137.14,cash,City-0,D0,card,167
TX001982,C0186,2026-01-11T08:29:00,235.56,grocery,City-1,D0,card,1381
TX001983,C0250,2026-01-17T00:33:00,361.91,retail,City-0,D1,card,1214
TX001984,C0038,2026-01-18T15:38:00,174.49,cash,City-3,D2,card,127
TX001985,C0256,2026-01-28T05:03:00,367.73,cash,City-1,D1,card,1733
TX001986,C0070,2026-02-15T18:42:00,107.69,cash,City-0,D1,card,1285
TX001987,C0138,2026-01-10T16:52:00,330.11,travel,City-3,D0,card,802
TX001988,C0003,2026-02-16T23:05:00,3293.14,retail,City-7,D2847,card,663
TX001989,C0290,2026-02-04T03:28:00,615.9,grocery,City-0,D2,card,936
TX001990,C0003,2026-02-28T00:54:00,404.7,cash,City-3,D0,card,1959
TX001991,C0124,2026-01-11T18:29:00,100.31,retail,City-4,D1,card,397
TX001992,C0197,2026-02-14T04:30:00,442.98,grocery,City-2,D2,card,566
TX001993,C0113,2026-01-26T01:49:00,187.71,cash,City-3,D2,card,179
TX001994,C0147,2026-03-01T02:08:00,235.22,grocery,City-2,D0,card,1206
TX001995,C0073,2026-02-24T23:29:00,2072.89,grocery,City-3,D5247,card,1466
TX001996,C0010,2026-03-11T23:15:00,187.58,travel,City-0,D1,card,1396
TX001997,C0056,2026-01-13T05:15:00,215.97,grocery,City-1,D2,card,1735
TX001998,C0134,2026-01-23T03:52:00,222.71,cash,City-4,D2,card,535
TX001999,C0049,2026-01-03T20:58:00,80.42,travel,City-4,D1,card,673
TX002000,C0057,2026-02-22T02:54:00,881.6,grocery,City-7,D5806,card,355
TX002001,C0069,2026-01-11T03:49:00,169.11,grocery,City-4,D0,card,443
TX002002,C0209,2026-01-31T22:19:00,308.71,travel,City-4,D2,card,283
TX002003,C0169,2026-02-25T03:35:00,996.32,grocery,City-15,D1812,card,1439
TX002004,C0115,2026-02-22T13:24:00,1021.23,retail,City-19,D1356,card,937
TX002005,C0240,2026-01-27T09:20:00,137.5,cash,City-0,D0,card,1361
TX002006,C0152,2026-03-02T18:49:00,60.88,grocery,City-2,D2,card,245
TX002007,C0037,2026-01-02T21:06:00,408.75,travel,City-2,D1,card,1194
TX002008,C0113,2026-01-07T18:39:00,221.88,grocery,City-3,D2,card,1515
TX002009,C0161,2026-03-12T15:39:00,419.78,travel,City-1,D2,card,826
TX002010,C0002,2026-03-07T19:25:00,401.71,travel,City-2,D2,card,1719
TX002011,C0170,2026-03-12T03:54:00,197.09,cash,City-0,D2,card,36
TX002012,C0233,2026-02-10T23:25:00,485.28,grocery,City-3,D2,card,1612
TX002013,C0236,2026-03-21T01:22:00,209.13,retail,City-1,D2,card,429
TX002014,C0080,2026-01-20T14:44:00,238.91,retail,City-0,D2,card,1826
TX002015,C0178,2026-01-14T17:10:00,306.67,travel,City-3,D1,card,1680
TX002016,C0119,2026-03-24T16:55:00,409.9,cash,City-4,D2,card,227
TX002017,C0169,2026-01-25T04:27:00,221.96,cash,City-4,D1,card,1125
TX002018,C0203,2026-01-06T23:56:00,51.1,retail,City-3,D2,card,1027
TX002019,C0134,2026-01-02T08:23:00,101.73,retail,City-4,D2,card,614
TX002020,C0178,2026-01-13T00:43:00,159.68,grocery,City-3,D1,card,972
TX002021,C0217,2026-01-08T10:00:00,31.68,travel,City-2,D1,card,868
TX002022,C0098,2026-01-22T01:14:00,65.8,cash,City-3,D2,card,376
TX002023,C0099,2026-02-03T21:09:00,529.72,travel,City-4,D0,card,965
TX002024,C0143,2026-01-27T23:02:00,247.99,grocery,City-3,D2,card,347
TX002025,C0053,2026-03-29T12:10:00,277.1,retail,City-3,D2,card,805
TX002026,C0234,2026-01-03T06:47:00,449.17,cash,City-4,D0,card,547
TX002027,C0272,2026-02-04T12:18:00,75.94,cash,City-2,D2,card,711
TX002028,C0175,2026-02-01T18:06:00,35.82,grocery,City-0,D1,card,1059
TX002029,C0259,2026-03-07T22:06:00,197.89,cash,City-4,D1,card,143
TX002030,C0115,2026-03-09T18:28:00,326.13,travel,City-0,D1,card,1984
TX002031,C0263,2026-02-16T23:35:00,125.99,cash,City-3,D2,card,1022
TX002032,C0053,2026-03-01T12:22:00,167.1,travel,City-3,D2,card,1110
TX002033,C0027,2026-02-01T07:28:00,38.11,retail,City-2,D0,card,1146
TX002034,C0194,2026-02-21T13:01:00,58.89,travel,City-4,D2,card,66
TX002035,C0053,2026-03-22T16:41:00,302.41,travel,City-3,D2,card,678
TX002036,C0233,2026-01-21T00:06:00,369.31,travel,City-3,D2,card,1542
TX002037,C0239,2026-01-18T06:50:00,82.54,retail,City-4,D2,card,533
TX002038,C0040,2026-02-24T09:04:00,153.85,retail,City-0,D1,card,615
TX002039,C0264,2026-01-29T20:44:00,375.41,retail,City-4,D0,card,1134
TX002040,C0064,2026-02-06T02:50:00,158.22,travel,City-4,D1,card,78
TX002041,C0020,2026-03-17T14:06:00,262.07,grocery,City-0,D2,card,955
TX002042,C0121,2026-01-15T22:30:00,352.73,cash,City-1,D1,card,590
TX002043,C0004,2026-03-15T00:42:00,76.15,grocery,City-4,D1,card,1956
TX002044,C0263,2026-01-14T03:36:00,81.88,travel,City-3,D2,card,576
TX002045,C0281,2026-01-14T03:11:00,85.13,grocery,City-1,D2,card,1569
TX002046,C0045,2026-03-11T02:09:00,2488.4,cash,City-2,D7356,card,1416
TX002047,C0225,2026-02-17T03:44:00,412.8,retail,City-0,D0,card,1147
TX002048,C0071,2026-03-20T10:01:00,232.61,retail,City-1,D2,card,197
TX002049,C0056,2026-03-04T17:19:00,161.1,grocery,City-1,D2,card,692
TX002050,C0284,2026-01-08T04:08:00,206.11,cash,City-4,D2,card,1741
TX002051,C0132,2026-01-25T01:22:00,140.67,travel,City-2,D0,card,556
TX002052,C0186,2026-03-29T07:38:00,133.24,grocery,City-1,D0,card,1418
TX002053,C0160,2026-03-23T02:22:00,51.45,travel,City-0,D1,card,965
TX002054,C0123,2026-01-07T14:52:00,188.48,grocery,City-3,D0,card,1372
TX002055,C0132,2026-03-07T02:39:00,460.18,cash,City-2,D0,card,1656
TX002056,C0113,2026-03-17T02:48:00,678.63,grocery,City-3,D2,card,59
TX002057,C0042,2026-02-12T05:34:00,394.49,cash,City-2,D0,card,1883
TX002058,C0065,2026-03-26T01:35:00,1091.26,retail,City-6,D1620,card,550
TX002059,C0229,2026-03-26T22:53:00,43.78,retail,City-4,D1,card,1811
TX002060,C0216,2026-01-21T17:29:00,95.12,grocery,City-1,D0,card,41
TX002061,C0150,2026-03-03T01:33:00,186.42,grocery,City-0,D0,card,1453
TX002062,C0111,2026-02-20T23:25:00,119.04,retail,City-1,D0,card,1286
TX002063,C0185,2026-01-25T11:35:00,272.84,travel,City-0,D2,card,979
TX002064,C0167,2026-03-26T13:38:00,264.37,travel,City-2,D2,card,851
TX002065,C0095,2026-02-12T18:59:00,191.59,cash,City-0,D2,card,1716
TX002066,C0117,2026-01-12T16:49:00,216.57,grocery,City-2,D0,card,1529
TX002067,C0023,2026-03-06T12:26:00,4582.6,cash,City-11,D8704,card,1152
TX002068,C0097,2026-02-27T11:34:00,27.18,cash,City-2,D1,card,1504
TX002069,C0150,2026-01-26T06:54:00,383.27,retail,City-0,D0,card,791
TX002070,C0047,2026-03-21T09:13:00,142.95,cash,City-2,D2,card,749
TX002071,C0012,2026-02-08T12:54:00,557.42,grocery,City-2,D0,card,944
TX002072,C0032,2026-03-29T13:37:00,72.74,retail,City-2,D2,card,514
TX002073,C0011,2026-03-13T03:35:00,4014.48,cash,City-11,D8769,card,1401
TX002074,C0196,2026-01-03T21:37:00,360.59,retail,City-1,D1,card,1782
TX002075,C0018,2026-01-27T22:20:00,709.15,retail,City-3,D0,card,1311
TX002076,C0027,2026-02-05T06:33:00,51.57,travel,City-2,D0,card,627
TX002077,C0078,2026-03-31T08:30:00,297.07,cash,City-3,D0,card,1453
TX002078,C0060,2026-02-17T03:51:00,156.83,cash,City-0,D0,card,75
TX002079,C0189,2026-01-08T02:55:00,149.1,grocery,City-4,D0,card,814
TX002080,C0027,2026-03-21T21:01:00,24.85,travel,City-2,D0,card,1804
TX002081,C0098,2026-02-20T11:02:00,94.25,cash,City-3,D2,card,248
TX002082,C0064,2026-01-13T12:54:00,500.84,retail,City-4,D1,card,635
TX002083,C0001,2026-01-06T21:32:00,157.38,grocery,City-1,D1,card,1984
TX002084,C0198,2026-02-05T08:51:00,61.89,retail,City-3,D0,card,1841
TX002085,C0154,2026-03-12T19:15:00,107.94,travel,City-4,D1,card,1283
TX002086,C0061,2026-03-24T21:44:00,5862.88,cash,City-10,D5303,card,386
TX002087,C0236,2026-01-25T07:12:00,105.86,grocery,City-1,D2,card,680
TX002088,C0178,2026-02-28T08:44:00,211.15,retail,City-3,D1,card,166
TX002089,C0096,2026-01-18T11:57:00,95.95,travel,City-1,D0,card,1146
TX002090,C0037,2026-03-09T08:15:00,304.07,retail,City-2,D1,card,1865
TX002091,C0100,2026-03-18T18:57:00,706.27,retail,City-0,D1,card,1795
TX002092,C0062,2026-01-24T23:12:00,1637.3,retail,City-11,D7652,card,866
TX002093,C0277,2026-03-01T14:16:00,232.24,cash,City-2,D1,card,468
TX002094,C0025,2026-01-21T00:38:00,219.73,retail,City-0,D1,card,793
TX002095,C0059,2026-02-20T02:20:00,52.39,cash,City-4,D2,card,1054
TX002096,C0051,2026-02-13T05:35:00,38.23,cash,City-1,D0,card,1466
TX002097,C0102,2026-01-19T03:16:00,223.84,cash,City-2,D0,card,781
TX002098,C0204,2026-03-30T13:59:00,15.21,cash,City-4,D0,card,964
TX002099,C0019,2026-02-09T00:42:00,285.19,retail,City-4,D1,card,1148
TX002100,C0298,2026-02-25T16:10:00,136.54,retail,City-3,D1,card,1921
TX002101,C0236,2026-03-20T11:52:00,252.39,grocery,City-1,D2,card,1918
TX002102,C0208,2026-01-24T03:32:00,90.04,retail,City-3,D1,card,1309
TX002103,C0010,2026-01-09T10:16:00,216.17,retail,City-0,D1,card,1186
TX002104,C0010,2026-01-03T07:51:00,223.81,cash,City-0,D1,card,1261
TX002105,C0225,2026-01-29T09:50:00,272.53,retail,City-0,D0,card,1889
TX002106,C0210,2026-01-21T12:02:00,246.11,cash,City-0,D0,card,1444
TX002107,C0138,2026-01-22T11:01:00,585.12,retail,City-3,D0,card,252
TX002108,C0037,2026-02-01T02:27:00,196.89,retail,City-2,D1,card,1945
TX002109,C0219,2026-02-12T07:14:00,382.98,retail,City-4,D0,card,241
TX002110,C0086,2026-01-21T17:07:00,496.97,cash,City-1,D2,card,1735
TX002111,C0002,2026-03-03T01:52:00,511.54,retail,City-2,D2,card,812
TX002112,C0281,2026-02-25T02:20:00,70.87,travel,City-1,D2,card,627
TX002113,C0083,2026-01-16T09:45:00,79.78,grocery,City-3,D2,card,345
TX002114,C0120,2026-03-23T05:38:00,570.1,retail,City-0,D0,card,1005
TX002115,C0173,2026-02-26T04:17:00,5746.53,retail,City-15,D9853,card,478
TX002116,C0226,2026-03-11T23:25:00,20.75,travel,City-1,D1,card,787
TX002117,C0226,2026-01-11T12:52:00,13.88,grocery,City-1,D1,card,1877
TX002118,C0156,2026-01-20T16:29:00,49.49,retail,City-1,D0,card,808
TX002119,C0169,2026-03-08T12:15:00,284.7,grocery,City-4,D1,card,954
TX002120,C0048,2026-01-28T15:03:00,391.37,grocery,City-3,D0,card,82
TX002121,C0008,2026-03-25T15:02:00,73.28,grocery,City-3,D2,card,530
TX002122,C0073,2026-03-11T17:35:00,215.24,grocery,City-3,D1,card,1412
TX002123,C0040,2026-03-13T14:57:00,197.7,travel,City-0,D1,card,1789
TX002124,C0294,2026-03-07T02:09:00,424.39,retail,City-4,D0,card,299
TX002125,C0293,2026-01-01T11:29:00,125.15,travel,City-3,D2,card,778
TX002126,C0014,2026-01-02T06:36:00,372.7,cash,City-4,D2,card,1581
TX002127,C0234,2026-02-27T16:43:00,282.64,cash,City-4,D0,card,1602
TX002128,C0179,2026-01-23T00:12:00,797.85,grocery,City-4,D2,card,705
TX002129,C0108,2026-03-01T06:40:00,77.45,cash,City-3,D0,card,42
TX002130,C0088,2026-03-28T16:21:00,87.42,grocery,City-3,D1,card,401
TX002131,C0178,2026-02-05T19:02:00,506.9,travel,City-3,D1,card,365
TX002132,C0248,2026-02-22T10:39:00,105.83,travel,City-3,D2,card,1800
TX002133,C0233,2026-02-02T05:25:00,147.88,travel,City-3,D2,card,430
TX002134,C0270,2026-02-06T08:23:00,67.22,cash,City-0,D0,card,888
TX002135,C0033,2026-02-05T06:35:00,91.47,retail,City-3,D0,card,369
TX002136,C0214,2026-02-14T01:38:00,359.43,cash,City-4,D1,card,626
TX002137,C0261,2026-03-24T22:29:00,4751.39,travel,City-12,D1168,card,118
TX002138,C0201,2026-03-30T11:04:00,8241.12,cash,City-5,D9926,card,910
TX002139,C0142,2026-01-18T01:57:00,114.24,retail,City-2,D1,card,1222
TX002140,C0261,2026-01-17T11:11:00,275.42,retail,City-1,D0,card,1874
TX002141,C0121,2026-01-08T14:12:00,197.61,retail,City-1,D1,card,461
TX002142,C0047,2026-03-07T12:23:00,309.4,cash,City-2,D2,card,287
TX002143,C0195,2026-03-20T05:03:00,70.73,grocery,City-0,D0,card,239
TX002144,C0073,2026-03-12T10:37:00,122.44,grocery,City-3,D1,card,1104
TX002145,C0253,2026-03-25T01:00:00,63.76,travel,City-3,D1,card,1528
TX002146,C0068,2026-03-24T01:10:00,35.78,travel,City-3,D2,card,1555
TX002147,C0051,2026-03-14T18:00:00,29.82,grocery,City-1,D0,card,1900
TX002148,C0232,2026-01-13T21:17:00,209.36,grocery,City-2,D1,card,885
TX002149,C0040,2026-03-09T04:55:00,274.65,travel,City-0,D1,card,948
TX002150,C0156,2026-02-24T02:31:00,1233.07,grocery,City-1,D9803,card,775
TX002151,C0007,2026-02-25T03:45:00,131.7,grocery,City-2,D1,card,858
TX002152,C0241,2026-02-19T08:14:00,389.28,retail,City-1,D1,card,136
TX002153,C0253,2026-01-01T09:07:00,181.08,travel,City-3,D1,card,1271
TX002154,C0004,2026-02-21T22:25:00,80.34,cash,City-4,D1,card,1405
TX002155,C0220,2026-01-03T01:07:00,131.59,travel,City-0,D1,card,713
TX002156,C0204,2026-03-07T10:04:00,46.64,cash,City-4,D0,card,1966
TX002157,C0019,2026-02-28T09:12:00,342.42,travel,City-4,D1,card,580
TX002158,C0046,2026-02-10T05:27:00,190.39,retail,City-1,D1,card,1533
TX002159,C0010,2026-01-24T15:08:00,198.42,cash,City-0,D1,card,1537
TX002160,C0011,2026-03-11T09:01:00,793.14,retail,City-1,D2,card,1403
TX002161,C0042,2026-03-29T04:20:00,473.71,travel,City-2,D0,card,1997
TX002162,C0006,2026-01-16T17:18:00,383.38,cash,City-1,D0,card,945
TX002163,C0107,2026-02-07T16:46:00,192.54,retail,City-2,D2,card,972
TX002164,C0224,2026-02-16T07:35:00,105.38,retail,City-4,D2,card,502
TX002165,C0293,2026-01-02T03:55:00,106.24,grocery,City-3,D2,card,1119
TX002166,C0037,2026-01-20T00:08:00,165.83,grocery,City-2,D1,card,1143
TX002167,C0262,2026-03-19T16:48:00,94.73,retail,City-2,D1,card,1339
TX002168,C0190,2026-03-01T14:21:00,558.24,cash,City-0,D1,card,1427
TX002169,C0090,2026-02-24T22:40:00,82.49,grocery,City-0,D0,card,1412
TX002170,C0268,2026-02-28T03:21:00,142.88,retail,City-3,D1,card,516
TX002171,C0183,2026-03-28T13:44:00,89.12,cash,City-3,D0,card,821
TX002172,C0132,2026-03-08T07:32:00,546.87,retail,City-2,D0,card,138
TX002173,C0143,2026-01-04T02:03:00,400.98,grocery,City-3,D2,card,1220
TX002174,C0285,2026-03-12T07:52:00,134.5,retail,City-0,D0,card,1386
TX002175,C0109,2026-03-17T01:08:00,932.42,cash,City-4,D1,card,1184
TX002176,C0194,2026-02-10T21:45:00,65.75,cash,City-4,D2,card,580
TX002177,C0160,2026-03-09T21:29:00,43.23,retail,City-0,D1,card,1139
TX002178,C0053,2026-03-27T08:22:00,189.9,grocery,City-3,D2,card,1430
TX002179,C0119,2026-01-26T10:25:00,274.77,grocery,City-4,D2,card,517
TX002180,C0113,2026-02-01T07:25:00,242.91,travel,City-3,D2,card,1608
TX002181,C0139,2026-03-02T01:31:00,60.55,travel,City-4,D1,card,433
TX002182,C0010,2026-01-17T02:35:00,232.7,grocery,City-0,D1,card,1758
TX002183,C0103,2026-01-03T06:32:00,361.59,grocery,City-3,D1,card,1952
TX002184,C0060,2026-01-22T04:55:00,213.74,cash,City-0,D0,card,1125
TX002185,C0178,2026-01-21T07:50:00,203.78,retail,City-3,D1,card,68
TX002186,C0237,2026-01-08T10:00:00,230.83,travel,City-2,D0,card,1108
TX002187,C0266,2026-03-09T22:12:00,69.82,cash,City-1,D2,card,1933
TX002188,C0164,2026-02-02T04:45:00,226.97,travel,City-4,D2,card,1504
TX002189,C0292,2026-01-23T16:40:00,340.46,retail,City-2,D1,card,1914
TX002190,C0228,2026-03-23T10:05:00,431.74,retail,City-3,D0,card,1773
TX002191,C0126,2026-02-23T03:13:00,137.62,cash,City-1,D0,card,181
TX002192,C0183,2026-01-10T17:15:00,64.47,grocery,City-3,D0,card,1390
TX002193,C0218,2026-02-27T06:54:00,234.04,cash,City-3,D2,card,1171
TX002194,C0258,2026-02-26T07:09:00,54.66,grocery,City-3,D0,card,1454
TX002195,C0026,2026-01-07T14:12:00,234.09,retail,City-1,D2,card,523
TX002196,C0005,2026-03-14T15:57:00,506.21,cash,City-0,D2,card,1772
TX002197,C0121,2026-02-02T10:52:00,260.83,cash,City-1,D1,card,1835
TX002198,C0253,2026-03-28T06:12:00,1210.65,retail,City-2,D5580,card,103
TX002199,C0024,2026-02-05T05:15:00,284.36,travel,City-4,D0,card,31
TX002200,C0191,2026-01-08T08:17:00,89.21,cash,City-1,D2,card,1672
TX002201,C0106,2026-01-22T18:39:00,83.26,travel,City-1,D1,card,445
TX002202,C0026,2026-01-25T22:58:00,425.5,grocery,City-1,D2,card,996
TX002203,C0157,2026-01-27T07:29:00,292.18,travel,City-2,D1,card,1796
TX002204,C0209,2026-03-28T03:47:00,173.83,cash,City-4,D2,card,502
TX002205,C0034,2026-02-28T08:21:00,135.39,retail,City-4,D1,card,165
TX002206,C0006,2026-01-16T08:19:00,334.24,travel,City-1,D0,card,983
TX002207,C0202,2026-02-18T01:03:00,198.48,retail,City-2,D1,card,924
TX002208,C0187,2026-02-10T03:45:00,45.89,retail,City-2,D1,card,1356
TX002209,C0243,2026-03-01T16:09:00,239.24,retail,City-3,D0,card,74
TX002210,C0196,2026-03-09T00:25:00,142.52,retail,City-1,D1,card,205
TX002211,C0166,2026-02-10T22:10:00,260.26,retail,City-1,D1,card,1230
TX002212,C0022,2026-03-28T09:34:00,189.36,retail,City-2,D1,card,1044
TX002213,C0247,2026-01-02T03:30:00,319.54,grocery,City-2,D1,card,422
TX002214,C0158,2026-03-09T16:44:00,322.86,travel,City-3,D2,card,929
TX002215,C0029,2026-03-27T02:23:00,259.95,grocery,City-4,D2,card,443
TX002216,C0145,2026-03-03T15:10:00,185.01,travel,City-0,D1,card,1112
TX002217,C0162,2026-01-21T21:10:00,166.72,travel,City-2,D0,card,1964
TX002218,C0117,2026-02-09T17:45:00,350.65,travel,City-2,D0,card,335
TX002219,C0158,2026-02-28T06:04:00,148.9,cash,City-3,D2,card,498
TX002220,C0208,2026-01-26T22:11:00,224.56,retail,City-3,D1,card,329
TX002221,C0131,2026-02-23T13:54:00,4632.02,retail,City-4,D7662,card,1473
TX002222,C0117,2026-03-27T11:24:00,265.93,retail,City-2,D0,card,1410
TX002223,C0281,2026-01-21T05:25:00,58.34,grocery,City-1,D2,card,1332
TX002224,C0294,2026-03-13T00:17:00,854.8,travel,City-4,D0,card,663
TX002225,C0099,2026-03-13T06:22:00,6371.79,grocery,City-4,D2314,card,1762
TX002226,C0268,2026-03-11T02:00:00,40.38,grocery,City-3,D1,card,1031
TX002227,C0128,2026-01-06T00:46:00,37.84,grocery,City-3,D2,card,124
TX002228,C0254,2026-02-15T10:02:00,94.4,travel,City-4,D2,card,70
TX002229,C0257,2026-02-11T05:57:00,88.18,retail,City-2,D2,card,1423
TX002230,C0279,2026-02-02T09:04:00,538.04,cash,City-4,D0,card,1194
TX002231,C0079,2026-03-19T03:09:00,190.73,travel,City-4,D1,card,555
TX002232,C0289,2026-03-14T13:48:00,70.35,cash,City-4,D1,card,1107
TX002233,C0083,2026-02-19T22:10:00,58.81,travel,City-3,D2,card,174
TX002234,C0120,2026-01-23T07:58:00,428.37,travel,City-0,D0,card,937
TX002235,C0121,2026-01-25T07:36:00,351.63,retail,City-1,D1,card,1871
TX002236,C0287,2026-03-23T12:00:00,185.8,retail,City-2,D2,card,957
TX002237,C0257,2026-01-01T16:54:00,147.46,retail,City-2,D2,card,143
TX002238,C0134,2026-03-02T16:20:00,117.32,retail,City-4,D2,card,1809
TX002239,C0164,2026-01-23T02:59:00,388.28,grocery,City-4,D2,card,164
TX002240,C0045,2026-02-24T21:43:00,274.39,retail,City-0,D0,card,457
TX002241,C0293,2026-01-29T20:20:00,47.21,retail,City-3,D2,card,864
TX002242,C0226,2026-02-08T20:26:00,43.57,travel,City-1,D1,card,1168
TX002243,C0243,2026-02-09T04:45:00,132.41,cash,City-3,D0,card,1365
TX002244,C0000,2026-02-27T09:59:00,331.16,retail,City-0,D0,card,1224
TX002245,C0253,2026-03-30T22:29:00,3797.96,retail,City-8,D3771,card,1223
TX002246,C0272,2026-03-14T10:08:00,44.81,grocery,City-2,D2,card,1226
TX002247,C0221,2026-03-26T14:08:00,205.18,cash,City-1,D2,card,1986
TX002248,C0117,2026-01-16T20:38:00,611.81,travel,City-2,D0,card,77
TX002249,C0131,2026-01-17T05:44:00,494.8,grocery,City-1,D2,card,1035
TX002250,C0137,2026-02-04T12:53:00,158.91,travel,City-2,D2,card,1612
TX002251,C0011,2026-03-13T08:20:00,335.75,grocery,City-1,D2,card,1680
TX002252,C0185,2026-01-12T23:48:00,298.63,grocery,City-0,D2,card,662
TX002253,C0241,2026-01-02T19:35:00,203.91,cash,City-1,D1,card,1506
TX002254,C0016,2026-02-17T05:08:00,480.7,travel,City-1,D1,card,1768
TX002255,C0147,2026-01-04T09:24:00,264.17,cash,City-2,D0,card,921
TX002256,C0017,2026-02-17T18:58:00,36.8,grocery,City-2,D2,card,1396
TX002257,C0120,2026-01-08T15:43:00,116.31,retail,City-0,D0,card,1451
TX002258,C0109,2026-02-19T00:20:00,607.95,grocery,City-4,D1,card,262
TX002259,C0072,2026-03-01T04:10:00,449.65,grocery,City-2,D0,card,386
TX002260,C0226,2026-02-16T12:13:00,10.55,retail,City-1,D1,card,1048
TX002261,C0015,2026-02-27T11:02:00,110.49,grocery,City-0,D0,card,456
TX002262,C0202,2026-03-23T06:21:00,123.39,grocery,City-2,D1,card,99
TX002263,C0254,2026-01-05T01:05:00,46.94,cash,City-4,D2,card,64
TX002264,C0047,2026-01-30T07:18:00,1441.53,retail,City-4,D7195,card,141
TX002265,C0219,2026-02-15T04:32:00,107.04,travel,City-4,D0,card,431
TX002266,C0016,2026-03-12T22:57:00,243.84,grocery,City-1,D1,card,884
TX002267,C0114,2026-01-31T09:57:00,114.8,cash,City-4,D0,card,703
TX002268,C0052,2026-02-05T23:02:00,3474.96,travel,City-16,D9428,card,1826
TX002269,C0210,2026-02-18T00:58:00,279.96,grocery,City-0,D0,card,121
TX002270,C0254,2026-03-23T20:33:00,227.91,travel,City-4,D2,card,1044
TX002271,C0081,2026-03-13T11:22:00,292.72,cash,City-1,D0,card,1430
TX002272,C0007,2026-02-07T10:30:00,2463.89,grocery,City-10,D9685,card,945
TX002273,C0178,2026-03-31T15:14:00,475.0,travel,City-3,D1,card,1051
TX002274,C0063,2026-02-13T11:03:00,243.22,grocery,City-3,D0,card,792
TX002275,C0113,2026-03-04T23:05:00,2086.45,retail,City-9,D1951,card,1077
TX002276,C0028,2026-02-01T11:58:00,176.86,travel,City-3,D1,card,359
TX002277,C0150,2026-01-27T10:08:00,334.38,retail,City-0,D0,card,864
TX002278,C0277,2026-01-01T01:14:00,2988.61,grocery,City-4,D1815,card,1852
TX002279,C0243,2026-01-04T22:59:00,318.31,grocery,City-3,D0,card,521
TX002280,C0214,2026-01-19T05:13:00,450.63,travel,City-4,D1,card,1728
TX002281,C0157,2026-01-16T18:36:00,564.25,travel,City-2,D1,card,271
TX002282,C0286,2026-02-28T04:19:00,59.8,travel,City-1,D1,card,1736
TX002283,C0072,2026-03-09T08:22:00,505.45,retail,City-2,D0,card,1832
TX002284,C0046,2026-02-21T17:26:00,180.71,travel,City-1,D1,card,1798
TX002285,C0103,2026-02-18T22:48:00,438.85,cash,City-3,D1,card,1599
TX002286,C0124,2026-03-04T08:43:00,66.6,grocery,City-4,D1,card,428
TX002287,C0178,2026-03-06T03:05:00,1324.56,retail,City-3,D1,card,1425
TX002288,C0006,2026-02-19T06:26:00,430.68,cash,City-1,D0,card,1722
TX002289,C0110,2026-01-10T16:34:00,188.08,retail,City-0,D2,card,527
TX002290,C0299,2026-01-30T09:57:00,123.36,grocery,City-4,D2,card,843
TX002291,C0105,2026-01-10T17:11:00,501.25,travel,City-0,D0,card,1082
TX002292,C0165,2026-01-14T22:00:00,5340.08,cash,City-14,D1302,card,450
TX002293,C0238,2026-03-13T21:04:00,68.68,travel,City-3,D1,card,825
TX002294,C0149,2026-01-11T03:26:00,32.62,grocery,City-4,D2,card,289
TX002295,C0085,2026-02-04T03:28:00,53.54,travel,City-0,D1,card,1248
TX002296,C0270,2026-01-28T12:10:00,66.86,travel,City-0,D0,card,818
TX002297,C0092,2026-01-22T16:42:00,3366.86,retail,City-11,D9731,card,38
TX002298,C0173,2026-03-31T11:46:00,149.54,grocery,City-3,D2,card,1370
TX002299,C0185,2026-02-12T21:26:00,254.32,retail,City-0,D2,card,909
TX002300,C0036,2026-01-31T04:45:00,50.56,travel,City-1,D0,card,311
TX002301,C0033,2026-01-07T22:42:00,2315.21,grocery,City-16,D2616,card,407
TX002302,C0159,2026-03-21T00:29:00,708.67,cash,City-4,D0,card,1177
TX002303,C0101,2026-02-16T08:55:00,123.25,travel,City-1,D2,card,717
TX002304,C0252,2026-02-07T15:57:00,194.93,grocery,City-2,D0,card,1385
TX002305,C0003,2026-03-30T22:12:00,396.72,travel,City-3,D0,card,1517
TX002306,C0287,2026-02-27T18:40:00,115.03,grocery,City-2,D2,card,1129
TX002307,C0100,2026-02-26T08:13:00,581.88,grocery,City-0,D1,card,997
TX002308,C0042,2026-01-02T22:30:00,435.98,grocery,City-2,D0,card,1466
TX002309,C0049,2026-01-04T01:47:00,93.22,travel,City-4,D1,card,451
TX002310,C0213,2026-03-05T03:53:00,263.78,grocery,City-3,D0,card,785
TX002311,C0047,2026-01-26T04:23:00,79.44,retail,City-2,D2,card,1109
TX002312,C0095,2026-01-02T22:49:00,247.4,retail,City-0,D2,card,212
TX002313,C0048,2026-03-31T04:56:00,656.35,travel,City-3,D0,card,1120
TX002314,C0237,2026-03-03T10:36:00,501.4,retail,City-2,D0,card,1878
TX002315,C0085,2026-02-22T23:46:00,25.86,retail,City-0,D1,card,30
TX002316,C0038,2026-03-17T09:39:00,142.91,cash,City-3,D2,card,441
TX002317,C0195,2026-03-21T06:55:00,91.78,travel,City-0,D0,card,1809
TX002318,C0033,2026-02-01T08:29:00,244.88,cash,City-3,D0,card,1879
TX002319,C0186,2026-03-28T14:51:00,247.0,retail,City-1,D0,card,434
TX002320,C0149,2026-01-10T13:39:00,24.46,grocery,City-4,D2,card,1394
TX002321,C0141,2026-03-28T19:44:00,268.95,cash,City-1,D0,card,100
TX002322,C0211,2026-03-04T03:02:00,1718.39,cash,City-16,D5027,card,370
TX002323,C0197,2026-01-02T05:51:00,1401.76,grocery,City-2,D2,card,1944
TX002324,C0238,2026-03-21T12:41:00,26.61,grocery,City-3,D1,card,168
TX002325,C0084,2026-02-21T12:06:00,30.75,grocery,City-4,D0,card,1921
TX002326,C0049,2026-01-20T20:40:00,65.18,travel,City-4,D1,card,1817
TX002327,C0129,2026-01-29T00:21:00,219.04,travel,City-4,D0,card,1498
TX002328,C0074,2026-02-20T03:10:00,65.59,travel,City-4,D2,card,1436
TX002329,C0113,2026-02-16T09:20:00,240.39,retail,City-3,D2,card,1915
TX002330,C0038,2026-03-01T00:33:00,141.87,cash,City-3,D2,card,1664
TX002331,C0216,2026-01-15T14:58:00,91.05,cash,City-1,D0,card,233
TX002332,C0052,2026-01-14T11:54:00,136.81,grocery,City-2,D1,card,1331
TX002333,C0225,2026-01-04T06:12:00,391.97,grocery,City-0,D0,card,488
TX002334,C0135,2026-03-29T17:55:00,19.52,cash,City-0,D0,card,1619
TX002335,C0244,2026-02-28T15:44:00,202.52,retail,City-4,D1,card,1896
TX002336,C0146,2026-03-19T10:57:00,58.98,grocery,City-1,D2,card,616
TX002337,C0244,2026-01-30T08:26:00,280.34,retail,City-4,D1,card,889
TX002338,C0194,2026-03-26T20:32:00,40.82,grocery,City-4,D2,card,645
TX002339,C0005,2026-01-07T15:39:00,279.02,retail,City-0,D2,card,279
TX002340,C0113,2026-01-15T17:11:00,250.74,retail,City-3,D2,card,1901
TX002341,C0200,2026-01-12T03:26:00,310.7,cash,City-0,D2,card,239
TX002342,C0147,2026-02-13T12:35:00,246.51,grocery,City-2,D0,card,444
TX002343,C0093,2026-03-08T04:42:00,583.25,cash,City-3,D0,card,121
TX002344,C0269,2026-01-01T16:59:00,18.9,cash,City-4,D2,card,301
TX002345,C0201,2026-02-16T16:04:00,435.4,retail,City-1,D0,card,140
TX002346,C0124,2026-02-07T12:49:00,19.36,cash,City-4,D1,card,1798
TX002347,C0087,2026-01-04T23:13:00,462.81,retail,City-2,D0,card,700
TX002348,C0086,2026-02-13T21:24:00,437.86,cash,City-1,D2,card,1496
TX002349,C0041,2026-01-14T04:21:00,337.33,travel,City-1,D2,card,1092
TX002350,C0000,2026-01-10T16:44:00,280.38,grocery,City-0,D0,card,1658
TX002351,C0264,2026-03-22T08:24:00,362.82,cash,City-4,D0,card,656
TX002352,C0249,2026-03-21T20:45:00,238.6,travel,City-4,D0,card,1382
TX002353,C0122,2026-01-09T00:01:00,64.37,travel,City-2,D2,card,1332
TX002354,C0177,2026-03-20T13:45:00,672.13,grocery,City-2,D0,card,126
TX002355,C0112,2026-01-05T00:21:00,199.88,cash,City-2,D1,card,715
TX002356,C0103,2026-01-22T21:06:00,517.25,travel,City-3,D1,card,264
TX002357,C0185,2026-01-28T10:23:00,274.01,grocery,City-0,D2,card,1844
TX002358,C0118,2026-01-09T22:03:00,179.83,retail,City-3,D1,card,1623
TX002359,C0234,2026-02-28T14:59:00,321.7,travel,City-4,D0,card,992
TX002360,C0191,2026-03-05T03:35:00,106.95,grocery,City-1,D2,card,434
TX002361,C0297,2026-01-24T05:30:00,307.29,grocery,City-2,D0,card,852
TX002362,C0259,2026-01-01T05:58:00,139.32,grocery,City-4,D1,card,1137
TX002363,C0011,2026-01-05T00:51:00,6869.0,travel,City-5,D7458,card,1241
TX002364,C0198,2026-02-10T05:31:00,119.46,travel,City-3,D0,card,1689
TX002365,C0221,2026-01-10T08:14:00,157.02,grocery,City-1,D2,card,944
TX002366,C0158,2026-03-06T03:11:00,493.72,grocery,City-3,D2,card,1770
TX002367,C0234,2026-01-07T11:25:00,237.39,retail,City-4,D0,card,1044
TX002368,C0107,2026-02-02T10:02:00,184.57,retail,City-2,D2,card,517
TX002369,C0070,2026-02-20T15:19:00,49.3,cash,City-0,D1,card,1958
TX002370,C0014,2026-02-26T08:21:00,229.04,cash,City-4,D2,card,107
TX002371,C0237,2026-03-22T18:59:00,347.74,grocery,City-2,D0,card,849
TX002372,C0207,2026-01-23T07:24:00,250.07,grocery,City-2,D0,card,921
TX002373,C0112,2026-01-10T23:23:00,245.08,cash,City-2,D1,card,258
TX002374,C0019,2026-03-13T04:20:00,189.94,grocery,City-4,D1,card,234
TX002375,C0141,2026-02-22T19:31:00,267.83,retail,City-1,D0,card,1443
TX002376,C0208,2026-01-27T15:41:00,44.06,grocery,City-3,D1,card,895
TX002377,C0056,2026-01-12T13:14:00,346.32,grocery,City-1,D2,card,875
TX002378,C0013,2026-01-21T22:38:00,284.12,cash,City-3,D1,card,1574
TX002379,C0131,2026-01-30T17:46:00,264.79,retail,City-1,D2,card,683
TX002380,C0267,2026-02-17T13:17:00,48.56,retail,City-2,D0,card,392
TX002381,C0091,2026-03-19T16:20:00,196.92,grocery,City-1,D1,card,1639
TX002382,C0018,2026-01-25T16:49:00,391.44,travel,City-3,D0,card,1740
TX002383,C0296,2026-02-06T04:43:00,210.71,travel,City-1,D2,card,1848
TX002384,C0164,2026-01-13T04:14:00,149.42,travel,City-4,D2,card,869
TX002385,C0036,2026-01-06T04:18:00,78.38,retail,City-1,D0,card,885
TX002386,C0146,2026-01-23T11:56:00,48.25,travel,City-1,D2,card,186
TX002387,C0254,2026-02-05T23:08:00,120.88,cash,City-4,D2,card,380
TX002388,C0125,2026-03-20T14:11:00,223.05,retail,City-0,D2,card,1624
TX002389,C0174,2026-03-06T07:47:00,84.04,retail,City-4,D0,card,796
TX002390,C0057,2026-03-10T08:17:00,224.56,grocery,City-2,D0,card,143
TX002391,C0253,2026-02-12T15:31:00,122.2,retail,City-3,D1,card,1313
TX002392,C0279,2026-01-04T10:28:00,266.97,grocery,City-4,D0,card,558
TX002393,C0214,2026-03-11T00:40:00,135.28,retail,City-4,D1,card,1977
TX002394,C0285,2026-02-12T03:28:00,98.59,travel,City-0,D0,card,88
TX002395,C0169,2026-02-10T09:08:00,235.38,grocery,City-4,D1,card,768
TX002396,C0147,2026-01-21T19:41:00,159.66,grocery,City-2,D0,card,1101
TX002397,C0204,2026-01-12T07:37:00,36.45,travel,City-4,D0,card,1795
TX002398,C0212,2026-03-18T16:34:00,84.72,retail,City-2,D2,card,1566
TX002399,C0203,2026-03-22T14:16:00,43.19,cash,City-3,D2,card,746
TX002400,C0130,2026-02-27T14:40:00,165.6,retail,City-0,D1,card,1613
TX002401,C0005,2026-01-27T11:48:00,233.53,travel,City-0,D2,card,1784
TX002402,C0232,2026-03-27T02:54:00,376.12,travel,City-2,D1,card,1141
TX002403,C0004,2026-03-14T20:57:00,87.71,retail,City-4,D1,card,1811
TX002404,C0245,2026-01-10T16:47:00,267.95,travel,City-0,D2,card,1716
TX002405,C0180,2026-02-17T08:53:00,439.69,travel,City-0,D0,card,1717
TX002406,C0280,2026-03-02T17:39:00,58.34,travel,City-0,D1,card,1196
TX002407,C0132,2026-03-23T00:32:00,3034.89,travel,City-18,D9454,card,331
TX002408,C0191,2026-02-15T12:52:00,167.42,retail,City-1,D2,card,425
TX002409,C0028,2026-03-12T09:11:00,67.02,grocery,City-3,D1,card,555
TX002410,C0226,2026-03-03T03:47:00,332.97,travel,City-19,D9957,card,958
TX002411,C0201,2026-03-29T01:37:00,1576.76,retail,City-9,D6189,card,550
TX002412,C0291,2026-02-25T11:48:00,26.12,travel,City-1,D0,card,1575
TX002413,C0126,2026-02-08T07:51:00,143.53,cash,City-1,D0,card,1264
TX002414,C0187,2026-01-26T10:57:00,50.18,travel,City-2,D1,card,1992
TX002415,C0065,2026-01-21T18:37:00,294.94,cash,City-0,D2,card,859
TX002416,C0016,2026-01-28T08:38:00,155.72,grocery,City-1,D1,card,1249
TX002417,C0284,2026-03-24T01:30:00,807.39,cash,City-6,D5782,card,967
TX002418,C0206,2026-03-22T13:49:00,42.83,retail,City-1,D2,card,762
TX002419,C0168,2026-03-12T05:19:00,165.14,cash,City-3,D0,card,810
TX002420,C0229,2026-02-26T08:01:00,79.6,retail,City-4,D1,card,61
TX002421,C0163,2026-03-05T10:49:00,25.54,retail,City-3,D1,card,786
TX002422,C0283,2026-01-18T23:10:00,119.96,cash,City-3,D1,card,494
TX002423,C0110,2026-02-21T14:14:00,365.07,grocery,City-0,D2,card,813
TX002424,C0269,2026-01-07T00:17:00,37.13,travel,City-4,D2,card,418
TX002425,C0267,2026-03-22T15:40:00,104.85,grocery,City-2,D0,card,1597
TX002426,C0253,2026-02-28T02:44:00,111.8,retail,City-3,D1,card,283
TX002427,C0080,2026-01-07T05:55:00,277.91,cash,City-0,D2,card,528
TX002428,C0208,2026-02-10T12:04:00,51.02,cash,City-3,D1,card,1803
TX002429,C0234,2026-03-20T04:37:00,485.48,cash,City-4,D0,card,1331
TX002430,C0179,2026-03-11T09:49:00,438.64,cash,City-4,D2,card,366
TX002431,C0236,2026-02-25T11:45:00,195.3,grocery,City-1,D2,card,1179
TX002432,C0274,2026-01-04T11:16:00,1779.31,travel,City-5,D2464,card,216
TX002433,C0122,2026-03-04T21:52:00,44.6,retail,City-2,D2,card,710
TX002434,C0196,2026-01-26T20:53:00,557.3,cash,City-1,D1,card,1262
TX002435,C0224,2026-03-22T15:34:00,1694.99,travel,City-19,D9089,card,1315
TX002436,C0033,2026-01-10T20:25:00,292.08,cash,City-3,D0,card,158
TX002437,C0247,2026-02-01T00:26:00,231.39,cash,City-2,D1,card,716
TX002438,C0050,2026-03-04T02:12:00,108.17,grocery,City-0,D2,card,1915
TX002439,C0156,2026-03-25T06:42:00,90.76,cash,City-1,D0,card,1552
TX002440,C0203,2026-01-22T21:10:00,42.89,retail,City-3,D2,card,806
TX002441,C0045,2026-02-20T01:47:00,257.66,retail,City-0,D0,card,452
TX002442,C0064,2026-02-22T23:59:00,3668.9,travel,City-2,D9265,card,1615
TX002443,C0043,2026-03-17T20:35:00,147.07,retail,City-3,D1,card,1624
TX002444,C0214,2026-01-18T06:48:00,250.73,cash,City-4,D1,card,373
TX002445,C0216,2026-03-16T19:54:00,43.49,grocery,City-1,D0,card,1150
TX002446,C0153,2026-02-16T07:20:00,215.69,travel,City-3,D0,card,1641
TX002447,C0166,2026-03-02T23:24:00,490.08,retail,City-1,D1,card,545
TX002448,C0221,2026-01-08T19:37:00,250.43,grocery,City-1,D2,card,1033
TX002449,C0231,2026-02-12T05:46:00,146.76,retail,City-1,D0,card,1229
TX002450,C0038,2026-03-29T11:38:00,80.34,travel,City-3,D2,card,154
TX002451,C0056,2026-03-14T17:06:00,210.23,grocery,City-1,D2,card,1610
TX002452,C0019,2026-02-10T22:48:00,205.71,retail,City-4,D1,card,169
TX002453,C0075,2026-03-22T19:22:00,125.24,grocery,City-0,D0,card,1752
TX002454,C0111,2026-03-13T05:47:00,209.41,grocery,City-1,D0,card,765
TX002455,C0286,2026-03-26T01:37:00,46.42,travel,City-1,D1,card,432
TX002456,C0244,2026-01-18T12:00:00,238.66,travel,City-4,D1,card,1180
TX002457,C0013,2026-02-04T01:01:00,237.91,grocery,City-3,D1,card,1920
TX002458,C0002,2026-03-11T23:41:00,461.33,travel,City-2,D2,card,1818
TX002459,C0159,2026-02-22T00:42:00,170.04,travel,City-4,D0,card,497
TX002460,C0218,2026-01-06T17:40:00,875.85,travel,City-3,D2,card,354
TX002461,C0288,2026-01-27T19:47:00,229.32,retail,City-3,D0,card,1283
TX002462,C0132,2026-01-07T11:52:00,222.25,cash,City-2,D0,card,1109
TX002463,C0270,2026-01-28T20:16:00,36.43,cash,City-0,D0,card,1578
TX002464,C0176,2026-03-29T22:25:00,269.04,cash,City-1,D2,card,1010
TX002465,C0153,2026-03-15T11:14:00,121.58,travel,City-3,D0,card,1457
TX002466,C0098,2026-02-09T23:57:00,73.84,travel,City-3,D2,card,691
TX002467,C0259,2026-01-25T03:05:00,263.29,travel,City-4,D1,card,928
TX002468,C0048,2026-02-13T00:32:00,133.85,travel,City-3,D0,card,1984
TX002469,C0065,2026-03-12T00:18:00,521.7,travel,City-0,D2,card,611
TX002470,C0264,2026-01-03T17:10:00,588.24,cash,City-4,D0,card,415
TX002471,C0202,2026-03-13T14:30:00,223.99,grocery,City-2,D1,card,1899
TX002472,C0056,2026-02-21T16:25:00,197.16,travel,City-1,D2,card,221
TX002473,C0149,2026-02-08T12:56:00,24.48,travel,City-4,D2,card,1634
TX002474,C0265,2026-03-18T08:15:00,70.76,retail,City-0,D1,card,1660
TX002475,C0207,2026-03-20T14:17:00,156.36,travel,City-2,D0,card,1753
TX002476,C0175,2026-01-08T23:07:00,590.55,grocery,City-9,D1033,card,1221
TX002477,C0119,2026-03-21T01:13:00,293.9,cash,City-4,D2,card,833
TX002478,C0084,2026-01-13T19:15:00,50.82,retail,City-4,D0,card,1135
TX002479,C0174,2026-03-30T06:15:00,106.62,grocery,City-4,D0,card,1364
TX002480,C0058,2026-03-16T17:38:00,249.84,cash,City-3,D1,card,376
TX002481,C0102,2026-02-25T07:42:00,119.26,travel,City-2,D0,card,1540
TX002482,C0000,2026-01-02T13:57:00,529.95,grocery,City-0,D0,card,580
TX002483,C0213,2026-01-04T02:58:00,180.05,travel,City-3,D0,card,1997
TX002484,C0005,2026-03-06T18:52:00,442.66,retail,City-0,D2,card,1796
TX002485,C0144,2026-03-28T23:23:00,1309.99,grocery,City-9,D4574,card,741
TX002486,C0260,2026-02-05T03:24:00,81.45,travel,City-0,D2,card,1883
TX002487,C0277,2026-03-18T00:58:00,2224.49,cash,City-3,D5470,card,657
TX002488,C0250,2026-01-04T21:14:00,240.44,grocery,City-0,D1,card,504
TX002489,C0079,2026-03-17T16:52:00,441.91,travel,City-4,D1,card,1044
TX002490,C0139,2026-03-02T02:04:00,80.89,cash,City-4,D1,card,672
TX002491,C0270,2026-02-04T17:37:00,31.71,retail,City-0,D0,card,1834
TX002492,C0246,2026-02-21T02:55:00,287.21,retail,City-1,D0,card,1039
TX002493,C0128,2026-01-21T00:18:00,117.05,retail,City-3,D2,card,909
TX002494,C0090,2026-03-07T12:07:00,111.02,retail,City-0,D0,card,179
TX002495,C0100,2026-02-05T16:27:00,233.1,travel,City-0,D1,card,434
TX002496,C0145,2026-02-23T18:23:00,48.1,grocery,City-0,D1,card,1985
TX002497,C0074,2026-03-06T08:35:00,89.16,travel,City-4,D2,card,164
TX002498,C0041,2026-03-26T09:29:00,1239.64,cash,City-10,D9339,card,1938
TX002499,C0043,2026-01-14T04:37:00,225.96,retail,City-3,D1,card,633
TX002500,C0081,2026-03-26T14:41:00,115.59,cash,City-1,D0,card,521
TX002501,C0024,2026-02-17T03:05:00,3946.05,grocery,City-6,D6030,card,481
TX002502,C0189,2026-03-26T05:03:00,61.45,travel,City-4,D0,card,624
TX002503,C0011,2026-03-05T05:45:00,537.46,travel,City-1,D2,card,1496
TX002504,C0004,2026-03-07T09:36:00,132.13,cash,City-4,D1,card,1915
TX002505,C0296,2026-01-10T09:21:00,283.57,travel,City-1,D2,card,585
TX002506,C0059,2026-02-28T09:51:00,55.37,cash,City-4,D2,card,1234
TX002507,C0279,2026-02-09T00:11:00,362.14,retail,City-4,D0,card,646
TX002508,C0057,2026-03-03T14:22:00,475.36,cash,City-2,D0,card,709
TX002509,C0032,2026-03-06T00:49:00,93.0,grocery,City-2,D2,card,1557
TX002510,C0125,2026-02-27T04:14:00,262.67,retail,City-0,D2,card,452
TX002511,C0182,2026-03-23T12:34:00,153.58,cash,City-2,D2,card,1604
TX002512,C0132,2026-02-15T13:53:00,318.43,retail,City-2,D0,card,1225
TX002513,C0074,2026-03-07T05:05:00,39.79,retail,City-4,D2,card,1272
TX002514,C0032,2026-03-03T18:30:00,276.16,travel,City-2,D2,card,800
TX002515,C0139,2026-03-10T14:44:00,25.67,grocery,City-4,D1,card,1105
TX002516,C0214,2026-01-19T15:55:00,2786.6,travel,City-11,D5091,card,1801
TX002517,C0044,2026-02-25T21:04:00,318.47,cash,City-4,D2,card,494
TX002518,C0168,2026-01-18T22:19:00,300.29,grocery,City-3,D0,card,268
TX002519,C0233,2026-02-03T14:42:00,399.34,cash,City-3,D2,card,1776
TX002520,C0068,2026-01-13T19:42:00,149.25,grocery,City-3,D2,card,1542
TX002521,C0018,2026-03-08T18:20:00,744.46,cash,City-3,D0,card,190
TX002522,C0139,2026-02-01T22:38:00,98.5,grocery,City-4,D1,card,640
TX002523,C0228,2026-01-15T03:37:00,7341.65,grocery,City-7,D5292,card,1942
TX002524,C0073,2026-01-03T03:06:00,1047.57,cash,City-18,D3368,card,1429
TX002525,C0120,2026-02-23T15:16:00,279.59,cash,City-0,D0,card,1865
TX002526,C0035,2026-03-28T18:54:00,31.96,cash,City-0,D2,card,1611
TX002527,C0030,2026-01-01T02:14:00,248.31,retail,City-0,D0,card,1442
TX002528,C0140,2026-02-03T04:35:00,167.97,grocery,City-0,D2,card,1128
TX002529,C0187,2026-03-24T17:41:00,24.94,retail,City-2,D1,card,537
TX002530,C0197,2026-03-12T23:47:00,341.5,cash,City-2,D2,card,796
TX002531,C0269,2026-01-12T03:24:00,80.5,cash,City-4,D2,card,772
TX002532,C0049,2026-03-24T16:34:00,105.59,cash,City-4,D1,card,964
TX002533,C0159,2026-02-10T21:58:00,238.59,travel,City-4,D0,card,1922
TX002534,C0183,2026-03-15T16:49:00,283.98,retail,City-3,D0,card,785
TX002535,C0296,2026-03-26T10:43:00,413.44,retail,City-1,D2,card,1848
TX002536,C0261,2026-03-29T08:02:00,217.08,retail,City-1,D0,card,999
TX002537,C0108,2026-03-30T21:18:00,48.02,cash,City-3,D0,card,1927
TX002538,C0092,2026-03-04T00:39:00,186.62,travel,City-2,D2,card,1041
TX002539,C0169,2026-03-26T23:31:00,446.19,retail,City-4,D1,card,1115
TX002540,C0075,2026-03-21T18:04:00,160.43,grocery,City-0,D0,card,1227
TX002541,C0129,2026-01-26T03:04:00,412.64,grocery,City-4,D0,card,1077
TX002542,C0272,2026-02-22T00:59:00,37.01,grocery,City-2,D2,card,327
TX002543,C0215,2026-01-13T13:24:00,181.72,grocery,City-0,D2,card,262
TX002544,C0131,2026-03-31T21:33:00,350.51,travel,City-1,D2,card,1230
TX002545,C0234,2026-03-06T08:33:00,401.04,grocery,City-4,D0,card,1698
TX002546,C0011,2026-03-16T12:25:00,336.59,retail,City-1,D2,card,1099
TX002547,C0048,2026-03-23T19:32:00,241.42,travel,City-3,D0,card,1762
TX002548,C0066,2026-03-29T04:06:00,119.56,grocery,City-1,D0,card,1620
TX002549,C0175,2026-02-28T06:34:00,40.67,travel,City-0,D1,card,1144
TX002550,C0171,2026-03-18T18:19:00,296.44,travel,City-1,D0,card,1950
TX002551,C0070,2026-02-21T09:22:00,135.3,retail,City-0,D1,card,298
TX002552,C0254,2026-03-03T18:13:00,145.96,travel,City-4,D2,card,1931
TX002553,C0240,2026-03-11T02:06:00,454.04,travel,City-0,D0,card,70
TX002554,C0288,2026-03-16T09:01:00,433.97,retail,City-3,D0,card,774
TX002555,C0128,2026-01-24T16:27:00,51.15,retail,City-3,D2,card,1730
TX002556,C0077,2026-03-23T23:53:00,158.68,retail,City-2,D2,card,1119
TX002557,C0120,2026-03-18T07:07:00,386.59,retail,City-0,D0,card,1485
TX002558,C0022,2026-01-26T16:24:00,335.58,cash,City-2,D1,card,1776
TX002559,C0199,2026-02-10T09:13:00,146.03,travel,City-4,D1,card,292
TX002560,C0018,2026-02-02T20:13:00,282.45,grocery,City-3,D0,card,655
TX002561,C0275,2026-03-08T12:31:00,174.69,travel,City-0,D2,card,1873
TX002562,C0144,2026-01-08T08:14:00,163.66,retail,City-4,D0,card,483
TX002563,C0166,2026-01-26T06:59:00,239.04,grocery,City-1,D1,card,1800
TX002564,C0267,2026-02-08T20:13:00,77.42,cash,City-2,D0,card,1929
TX002565,C0121,2026-01-11T13:22:00,178.05,travel,City-1,D1,card,1914
TX002566,C0127,2026-01-29T08:53:00,88.22,retail,City-2,D1,card,478
TX002567,C0203,2026-03-09T18:27:00,99.8,travel,City-3,D2,card,411
TX002568,C0191,2026-03-05T18:38:00,210.83,retail,City-1,D2,card,1471
TX002569,C0150,2026-02-23T03:17:00,220.92,travel,City-0,D0,card,1118
TX002570,C0263,2026-01-22T08:36:00,62.82,cash,City-3,D2,card,1637
TX002571,C0088,2026-01-05T16:02:00,69.54,cash,City-3,D1,card,882
TX002572,C0217,2026-03-19T07:38:00,51.65,cash,City-2,D1,card,1236
TX002573,C0272,2026-03-20T01:51:00,49.32,retail,City-2,D2,card,916
TX002574,C0236,2026-02-08T13:52:00,193.72,travel,City-1,D2,card,1054
TX002575,C0202,2026-01-10T14:41:00,224.44,retail,City-2,D1,card,1011
TX002576,C0126,2026-01-15T22:11:00,174.19,cash,City-1,D0,card,1347
TX002577,C0191,2026-03-23T01:39:00,197.02,cash,City-1,D2,card,182
TX002578,C0047,2026-03-27T21:38:00,36.46,retail,City-2,D2,card,469
TX002579,C0054,2026-01-08T14:53:00,160.3,grocery,City-4,D0,card,586
TX002580,C0167,2026-01-17T08:40:00,279.09,retail,City-2,D2,card,1861
TX002581,C0208,2026-03-19T13:19:00,41.62,retail,City-3,D1,card,365
TX002582,C0231,2026-01-30T10:03:00,120.51,retail,City-1,D0,card,80
TX002583,C0217,2026-01-13T18:48:00,33.08,travel,City-2,D1,card,125
TX002584,C0069,2026-01-10T19:54:00,180.2,grocery,City-4,D0,card,318
TX002585,C0102,2026-01-21T17:26:00,204.02,retail,City-2,D0,card,99
TX002586,C0253,2026-03-23T12:39:00,83.25,grocery,City-3,D1,card,552
TX002587,C0229,2026-01-17T23:17:00,64.71,cash,City-4,D1,card,1864
TX002588,C0166,2026-03-16T11:42:00,347.38,retail,City-1,D1,card,1770
TX002589,C0042,2026-03-07T11:57:00,339.95,grocery,City-2,D0,card,1425
TX002590,C0276,2026-03-14T09:54:00,83.72,grocery,City-1,D0,card,1030
TX002591,C0238,2026-02-08T06:51:00,48.93,cash,City-3,D1,card,1211
TX002592,C0058,2026-01-21T23:12:00,347.71,grocery,City-8,D3005,card,1881
TX002593,C0108,2026-02-15T03:37:00,113.89,retail,City-3,D0,card,834
TX002594,C0175,2026-01-11T13:20:00,21.63,grocery,City-0,D1,card,1306
TX002595,C0046,2026-02-14T01:57:00,1489.73,cash,City-14,D2958,card,266
TX002596,C0255,2026-03-02T03:17:00,161.23,grocery,City-0,D0,card,350
TX002597,C0001,2026-02-15T18:09:00,79.28,cash,City-1,D1,card,283
TX002598,C0075,2026-02-25T10:57:00,221.39,grocery,City-0,D0,card,187
TX002599,C0094,2026-01-15T00:50:00,140.91,cash,City-4,D1,card,772
TX002600,C0139,2026-02-17T02:25:00,17.15,grocery,City-4,D1,card,1308
TX002601,C0250,2026-01-07T21:37:00,550.16,grocery,City-0,D1,card,519
TX002602,C0031,2026-01-27T09:36:00,288.48,grocery,City-1,D1,card,1501
TX002603,C0074,2026-01-06T13:23:00,74.5,cash,City-4,D2,card,1656
TX002604,C0163,2026-03-08T14:58:00,67.02,retail,City-3,D1,card,1521
TX002605,C0219,2026-03-08T14:05:00,230.28,cash,City-4,D0,card,184
TX002606,C0174,2026-02-15T01:10:00,56.2,retail,City-4,D0,card,942
TX002607,C0280,2026-01-22T07:36:00,41.25,cash,City-0,D1,card,1071
TX002608,C0172,2026-02-11T15:01:00,267.07,cash,City-2,D1,card,423
TX002609,C0204,2026-03-20T08:32:00,383.26,grocery,City-2,D3424,card,1441
TX002610,C0168,2026-01-06T05:49:00,108.29,grocery,City-3,D0,card,1456
TX002611,C0018,2026-02-28T00:03:00,225.58,travel,City-3,D0,card,471
TX002612,C0014,2026-03-12T09:07:00,220.27,grocery,City-4,D2,card,328
TX002613,C0287,2026-03-22T22:46:00,127.32,grocery,City-2,D2,card,1571
TX002614,C0040,2026-03-19T15:27:00,174.62,grocery,City-0,D1,card,1516
TX002615,C0027,2026-03-03T01:05:00,41.92,retail,City-2,D0,card,1400
TX002616,C0258,2026-03-13T02:21:00,40.68,cash,City-3,D0,card,1829
TX002617,C0130,2026-01-25T20:41:00,173.05,grocery,City-0,D1,card,1707
TX002618,C0049,2026-02-16T21:51:00,251.08,cash,City-4,D1,card,1983
TX002619,C0218,2026-01-27T07:31:00,213.26,travel,City-3,D2,card,495
TX002620,C0150,2026-03-14T17:34:00,385.36,cash,City-0,D0,card,363
TX002621,C0232,2026-03-30T15:18:00,362.3,cash,City-2,D1,card,1161
TX002622,C0003,2026-01-05T04:56:00,323.81,travel,City-3,D0,card,1902
TX002623,C0168,2026-03-26T00:25:00,238.69,retail,City-3,D0,card,302
TX002624,C0104,2026-01-23T02:05:00,5810.6,grocery,City-17,D5605,card,1027
TX002625,C0257,2026-01-09T19:25:00,43.71,travel,City-2,D2,card,1005
TX002626,C0013,2026-03-25T00:46:00,859.34,travel,City-3,D1,card,1856
TX002627,C0286,2026-01-15T23:22:00,37.8,retail,City-1,D1,card,1147
TX002628,C0010,2026-02-16T00:11:00,487.65,travel,City-0,D1,card,1988
TX002629,C0065,2026-01-05T04:46:00,286.78,grocery,City-0,D2,card,530
TX002630,C0058,2026-01-06T23:43:00,87.83,travel,City-3,D1,card,329
TX002631,C0017,2026-01-09T05:02:00,84.76,retail,City-2,D2,card,1187
TX002632,C0125,2026-02-11T23:03:00,1020.94,travel,City-10,D9303,card,678
TX002633,C0060,2026-03-29T22:17:00,544.44,grocery,City-0,D0,card,1255
TX002634,C0264,2026-03-03T03:00:00,373.36,cash,City-4,D0,card,993
TX002635,C0051,2026-02-20T15:46:00,26.29,cash,City-1,D0,card,460
TX002636,C0051,2026-01-25T11:15:00,27.36,cash,City-1,D0,card,1692
TX002637,C0018,2026-01-28T01:38:00,2258.94,retail,City-6,D3936,card,1308
TX002638,C0148,2026-01-18T07:44:00,165.1,grocery,City-3,D1,card,687
TX002639,C0235,2026-01-23T15:40:00,222.96,travel,City-0,D1,card,361
TX002640,C0135,2026-01-27T06:59:00,15.91,cash,City-0,D0,card,1414
TX002641,C0245,2026-02-08T12:21:00,299.65,cash,City-0,D2,card,1681
TX002642,C0082,2026-03-06T11:19:00,862.13,cash,City-2,D1,card,1579
TX002643,C0297,2026-02-21T13:04:00,395.19,cash,City-2,D0,card,1240
TX002644,C0279,2026-02-07T10:59:00,185.06,grocery,City-4,D0,card,1040
TX002645,C0022,2026-01-17T21:59:00,258.45,retail,City-2,D1,card,1644
TX002646,C0054,2026-02-19T23:38:00,140.62,travel,City-4,D0,card,1032
TX002647,C0231,2026-03-15T09:22:00,492.73,cash,City-1,D0,card,238
TX002648,C0162,2026-02-28T14:12:00,73.75,grocery,City-2,D0,card,1395
TX002649,C0087,2026-03-17T03:08:00,108.07,travel,City-2,D0,card,1776
TX002650,C0180,2026-01-14T12:02:00,3521.49,cash,City-13,D5858,card,971
TX002651,C0101,2026-03-21T10:24:00,294.44,cash,City-1,D2,card,681
TX002652,C0096,2026-03-08T00:17:00,139.35,retail,City-1,D0,card,841
TX002653,C0084,2026-01-24T00:48:00,414.8,grocery,City-11,D4073,card,1679
TX002654,C0189,2026-03-28T10:25:00,94.06,travel,City-4,D0,card,1506
TX002655,C0106,2026-01-02T22:00:00,158.68,retail,City-1,D1,card,1799
TX002656,C0201,2026-01-01T11:26:00,324.9,cash,City-1,D0,card,1315
TX002657,C0184,2026-01-27T01:50:00,516.36,cash,City-4,D1,card,881
TX002658,C0229,2026-02-02T05:20:00,66.5,grocery,City-4,D1,card,816
TX002659,C0205,2026-01-24T01:32:00,1253.74,cash,City-3,D9747,card,1718
TX002660,C0208,2026-03-13T20:01:00,35.44,grocery,City-3,D1,card,1259
TX002661,C0114,2026-01-12T03:41:00,65.81,cash,City-4,D0,card,1052
TX002662,C0022,2026-03-27T22:12:00,160.55,retail,City-2,D1,card,1481
TX002663,C0267,2026-03-29T18:44:00,451.93,retail,City-17,D4269,card,1961
TX002664,C0004,2026-02-10T00:14:00,52.64,grocery,City-4,D1,card,1542
TX002665,C0155,2026-03-13T15:31:00,177.01,travel,City-0,D2,card,1608
TX002666,C0265,2026-02-14T06:26:00,46.89,retail,City-0,D1,card,1793
TX002667,C0257,2026-01-28T12:33:00,52.4,cash,City-2,D2,card,1850
TX002668,C0175,2026-03-03T07:57:00,43.05,grocery,City-0,D1,card,1008
TX002669,C0295,2026-02-20T02:01:00,461.74,travel,City-0,D1,card,217
TX002670,C0121,2026-01-02T09:53:00,1446.59,retail,City-16,D8553,card,179
TX002671,C0069,2026-03-07T02:59:00,317.82,travel,City-4,D0,card,1168
TX002672,C0231,2026-01-05T01:42:00,422.92,travel,City-10,D4218,card,353
TX002673,C0194,2026-03-13T02:03:00,60.81,travel,City-4,D2,card,127
TX002674,C0100,2026-02-08T12:12:00,783.75,cash,City-0,D1,card,1400
TX002675,C0239,2026-02-23T00:46:00,58.76,grocery,City-4,D2,card,1315
TX002676,C0115,2026-01-13T00:37:00,320.01,cash,City-0,D1,card,249
TX002677,C0281,2026-03-05T07:37:00,177.07,grocery,City-1,D2,card,1923
TX002678,C0082,2026-03-06T18:26:00,192.6,cash,City-2,D1,card,1101
TX002679,C0034,2026-02-09T17:34:00,180.19,travel,City-4,D1,card,880
TX002680,C0219,2026-02-11T00:54:00,249.38,travel,City-4,D0,card,1198
TX002681,C0066,2026-03-16T22:14:00,134.06,retail,City-1,D0,card,1806
TX002682,C0157,2026-03-23T16:40:00,2154.56,retail,City-11,D5997,card,548
TX002683,C0148,2026-03-20T07:38:00,103.84,grocery,City-3,D1,card,1873
TX002684,C0259,2026-02-22T02:42:00,214.44,retail,City-4,D1,card,1969
TX002685,C0033,2026-01-22T06:51:00,180.72,retail,City-3,D0,card,659
TX002686,C0270,2026-03-23T03:13:00,39.32,grocery,City-0,D0,card,1887
TX002687,C0114,2026-03-11T00:06:00,126.46,retail,City-4,D0,card,347
TX002688,C0254,2026-03-30T03:16:00,103.27,cash,City-4,D2,card,1284
TX002689,C0057,2026-01-07T01:58:00,216.93,grocery,City-2,D0,card,1600
TX002690,C0027,2026-02-17T23:06:00,178.73,cash,City-2,D8716,card,952
TX002691,C0043,2026-03-21T18:22:00,129.24,grocery,City-3,D1,card,1197
TX002692,C0071,2026-02-28T22:55:00,289.77,grocery,City-1,D2,card,1883
TX002693,C0202,2026-02-09T05:51:00,169.12,retail,City-2,D1,card,1886
TX002694,C0293,2026-02-23T19:11:00,78.78,travel,City-3,D2,card,91
TX002695,C0154,2026-01-03T19:59:00,59.15,grocery,City-4,D1,card,1479
TX002696,C0153,2026-01-19T04:27:00,136.23,cash,City-3,D0,card,588
TX002697,C0291,2026-01-09T20:15:00,72.41,grocery,City-1,D0,card,410
TX002698,C0182,2026-02-03T00:51:00,331.39,travel,City-2,D2,card,816
TX002699,C0104,2026-02-22T00:26:00,397.64,grocery,City-4,D2,card,1506
TX002700,C0158,2026-03-11T14:58:00,194.75,retail,City-3,D2,card,428
TX002701,C0179,2026-03-01T17:12:00,251.91,retail,City-4,D2,card,808
TX002702,C0298,2026-01-05T14:30:00,214.0,grocery,City-3,D1,card,1733
TX002703,C0116,2026-03-14T19:27:00,248.15,travel,City-1,D2,card,1280
TX002704,C0266,2026-02-12T21:11:00,214.08,grocery,City-1,D2,card,355
TX002705,C0191,2026-02-12T21:22:00,142.03,retail,City-1,D2,card,1026
TX002706,C0064,2026-01-23T19:41:00,423.35,travel,City-4,D1,card,1661
TX002707,C0109,2026-01-02T07:09:00,282.6,cash,City-4,D1,card,1732
TX002708,C0288,2026-03-28T17:11:00,91.43,retail,City-3,D0,card,761
TX002709,C0080,2026-03-02T16:40:00,351.71,retail,City-0,D2,card,116
TX002710,C0223,2026-01-18T01:50:00,431.98,grocery,City-3,D1,card,1059
TX002711,C0253,2026-02-06T17:59:00,93.59,cash,City-3,D1,card,625
TX002712,C0243,2026-03-12T12:22:00,186.12,retail,City-3,D0,card,1926
TX002713,C0150,2026-01-10T17:10:00,420.79,travel,City-0,D0,card,1211
TX002714,C0023,2026-01-08T19:57:00,445.07,travel,City-3,D2,card,1808
TX002715,C0016,2026-03-07T18:30:00,132.39,cash,City-1,D1,card,1708
TX002716,C0260,2026-01-16T03:41:00,32.52,travel,City-0,D2,card,1074
TX002717,C0295,2026-02-19T13:39:00,254.26,travel,City-0,D1,card,506
TX002718,C0092,2026-02-10T19:48:00,1741.24,grocery,City-14,D2055,card,386
TX002719,C0149,2026-03-19T05:13:00,16.49,travel,City-4,D2,card,262
TX002720,C0067,2026-03-17T06:44:00,84.11,retail,City-2,D1,card,1623
TX002721,C0264,2026-02-02T12:25:00,244.91,grocery,City-4,D0,card,866
TX002722,C0247,2026-03-31T09:07:00,166.66,retail,City-2,D1,card,1808
TX002723,C0297,2026-01-27T00:15:00,369.61,travel,City-2,D0,card,1525
TX002724,C0001,2026-03-19T09:17:00,116.52,cash,City-1,D1,card,1147
TX002725,C0125,2026-03-02T04:36:00,113.23,grocery,City-0,D2,card,712
TX002726,C0083,2026-01-27T23:29:00,109.85,cash,City-3,D2,card,963
TX002727,C0140,2026-01-07T05:38:00,165.41,travel,City-0,D2,card,164
TX002728,C0132,2026-02-23T02:42:00,230.45,travel,City-2,D0,card,468
TX002729,C0220,2026-02-03T22:28:00,171.42,cash,City-0,D1,card,1308
TX002730,C0146,2026-03-04T02:29:00,1027.3,retail,City-19,D7893,card,118
TX002731,C0009,2026-02-17T16:56:00,153.13,grocery,City-4,D0,card,1288
TX002732,C0105,2026-01-01T17:34:00,197.29,retail,City-0,D0,card,1552
TX002733,C0045,2026-01-17T22:52:00,325.32,cash,City-0,D0,card,1315
TX002734,C0254,2026-01-16T20:02:00,185.35,grocery,City-4,D2,card,994
TX002735,C0033,2026-01-31T15:11:00,131.69,grocery,City-3,D0,card,1534
TX002736,C0265,2026-02-06T20:18:00,158.64,travel,City-0,D1,card,1358
TX002737,C0095,2026-03-02T14:50:00,273.06,travel,City-0,D2,card,419
TX002738,C0236,2026-03-17T20:27:00,455.27,cash,City-1,D2,card,1868
TX002739,C0032,2026-03-31T19:40:00,189.1,grocery,City-2,D2,card,1298
TX002740,C0064,2026-01-06T23:52:00,1318.72,retail,City-15,D4569,card,1319
TX002741,C0021,2026-03-04T14:22:00,87.33,travel,City-1,D0,card,387
TX002742,C0279,2026-01-23T04:36:00,347.04,cash,City-4,D0,card,444
TX002743,C0263,2026-02-22T05:18:00,70.85,travel,City-3,D2,card,1726
TX002744,C0265,2026-02-17T06:19:00,94.79,cash,City-0,D1,card,61
TX002745,C0181,2026-03-24T05:06:00,353.32,travel,City-1,D1,card,1083
TX002746,C0122,2026-02-10T18:19:00,49.87,grocery,City-2,D2,card,1040
TX002747,C0064,2026-01-30T02:20:00,1583.68,travel,City-17,D2698,card,501
TX002748,C0140,2026-01-29T18:19:00,276.64,grocery,City-0,D2,card,1245
TX002749,C0239,2026-02-17T21:23:00,426.94,travel,City-4,D2,card,751
TX002750,C0217,2026-02-22T04:19:00,48.77,cash,City-2,D1,card,368
TX002751,C0259,2026-02-18T03:38:00,978.38,travel,City-10,D5577,card,772
TX002752,C0267,2026-03-05T20:03:00,812.27,travel,City-16,D8478,card,886
TX002753,C0177,2026-03-21T19:47:00,221.88,grocery,City-2,D0,card,1522
TX002754,C0293,2026-01-12T02:25:00,75.33,retail,City-3,D2,card,538
TX002755,C0145,2026-03-03T22:43:00,103.04,retail,City-0,D1,card,740
TX002756,C0102,2026-03-15T08:34:00,119.66,cash,City-2,D0,card,1035
TX002757,C0030,2026-01-27T23:32:00,190.2,grocery,City-0,D0,card,1979
TX002758,C0083,2026-03-22T14:19:00,37.82,cash,City-3,D2,card,86
TX002759,C0121,2026-01-16T19:09:00,290.97,cash,City-1,D1,card,704
TX002760,C0276,2026-03-08T01:18:00,63.01,cash,City-1,D0,card,1119
TX002761,C0238,2026-02-21T19:46:00,75.73,grocery,City-3,D1,card,1316
TX002762,C0222,2026-03-27T15:37:00,340.46,cash,City-2,D0,card,1773
TX002763,C0057,2026-02-11T05:19:00,203.13,travel,City-2,D0,card,1095
TX002764,C0214,2026-01-26T16:44:00,221.17,travel,City-4,D1,card,1188
TX002765,C0041,2026-02-04T14:33:00,369.34,travel,City-1,D2,card,374
TX002766,C0268,2026-03-10T04:58:00,37.85,travel,City-3,D1,card,447
TX002767,C0161,2026-02-07T01:00:00,933.36,retail,City-1,D2,card,621
TX002768,C0055,2026-03-14T02:25:00,277.23,grocery,City-0,D1,card,1180
TX002769,C0156,2026-03-23T08:23:00,188.23,grocery,City-1,D0,card,701
TX002770,C0024,2026-03-10T02:18:00,282.52,travel,City-4,D0,card,1143
TX002771,C0226,2026-02-08T21:14:00,36.67,retail,City-1,D1,card,118
TX002772,C0146,2026-03-12T03:21:00,146.35,retail,City-1,D2,card,1002
TX002773,C0075,2026-03-23T02:18:00,100.46,grocery,City-0,D0,card,1749
TX002774,C0155,2026-03-06T19:42:00,358.42,retail,City-0,D2,card,1306
TX002775,C0282,2026-03-31T19:15:00,262.43,retail,City-2,D0,card,383
TX002776,C0022,2026-02-27T16:21:00,388.37,cash,City-2,D1,card,1352
TX002777,C0155,2026-01-05T04:19:00,574.61,retail,City-0,D2,card,881
TX002778,C0053,2026-02-15T06:58:00,134.79,retail,City-3,D2,card,1271
TX002779,C0281,2026-03-03T08:35:00,78.89,grocery,City-1,D2,card,1016
TX002780,C0257,2026-02-03T22:22:00,66.58,cash,City-2,D2,card,1118
TX002781,C0017,2026-02-03T22:13:00,115.71,travel,City-2,D2,card,1844
TX002782,C0155,2026-01-25T20:55:00,230.92,cash,City-0,D2,card,983
TX002783,C0052,2026-02-05T22:33:00,100.79,cash,City-2,D1,card,192
TX002784,C0229,2026-01-23T12:10:00,127.85,retail,City-4,D1,card,1509
TX002785,C0268,2026-01-05T20:39:00,592.62,retail,City-18,D5657,card,1182
TX002786,C0280,2026-01-20T14:32:00,83.73,travel,City-0,D1,card,665
TX002787,C0237,2026-01-02T22:02:00,140.67,travel,City-2,D0,card,1811
TX002788,C0065,2026-02-12T22:00:00,253.68,travel,City-0,D2,card,413
TX002789,C0124,2026-02-26T07:10:00,44.09,grocery,City-4,D1,card,657
TX002790,C0244,2026-03-20T02:27:00,307.64,travel,City-4,D1,card,1453
TX002791,C0290,2026-02-19T23:11:00,5745.54,travel,City-3,D1756,card,1412
TX002792,C0130,2026-02-24T09:39:00,118.3,travel,City-0,D1,card,1415
TX002793,C0114,2026-02-15T09:40:00,146.77,retail,City-4,D0,card,894
TX002794,C0281,2026-03-25T01:25:00,55.78,cash,City-1,D2,card,1820
TX002795,C0288,2026-02-04T23:26:00,392.91,retail,City-3,D0,card,1482
TX002796,C0067,2026-03-05T00:39:00,153.83,retail,City-2,D1,card,889
TX002797,C0168,2026-01-16T03:37:00,277.97,cash,City-3,D0,card,1308
TX002798,C0275,2026-03-05T11:21:00,80.21,cash,City-0,D2,card,114
TX002799,C0005,2026-02-20T02:16:00,554.39,grocery,City-0,D2,card,1980
TX002800,C0054,2026-01-12T08:38:00,352.02,grocery,City-4,D0,card,1757
TX002801,C0063,2026-01-30T02:57:00,272.93,retail,City-3,D0,card,1540
TX002802,C0042,2026-02-26T13:30:00,144.81,travel,City-2,D0,card,1240
TX002803,C0035,2026-02-15T00:35:00,80.68,grocery,City-0,D2,card,802
TX002804,C0105,2026-02-14T14:19:00,285.03,travel,City-0,D0,card,257
TX002805,C0041,2026-03-19T21:40:00,408.72,cash,City-1,D2,card,865
TX002806,C0266,2026-02-07T12:06:00,241.16,cash,City-1,D2,card,1301
TX002807,C0021,2026-03-04T19:28:00,125.89,retail,City-1,D0,card,64
TX002808,C0236,2026-02-10T22:01:00,74.53,grocery,City-1,D2,card,359
TX002809,C0287,2026-02-26T20:01:00,157.2,grocery,City-2,D2,card,1446
TX002810,C0214,2026-01-07T10:32:00,257.88,travel,City-4,D1,card,1440
TX002811,C0088,2026-01-18T22:19:00,59.11,retail,City-3,D1,card,1643
TX002812,C0296,2026-01-27T23:22:00,238.22,travel,City-1,D2,card,1746
TX002813,C0009,2026-02-16T10:32:00,332.63,retail,City-4,D0,card,1607
TX002814,C0060,2026-03-20T07:41:00,202.43,grocery,City-0,D0,card,1508
TX002815,C0003,2026-03-16T08:34:00,302.54,travel,City-3,D0,card,1294
TX002816,C0277,2026-03-19T03:53:00,230.18,travel,City-2,D1,card,141
TX002817,C0031,2026-02-06T19:10:00,617.15,retail,City-1,D1,card,1097
TX002818,C0164,2026-01-04T07:01:00,286.9,grocery,City-4,D2,card,1063
TX002819,C0192,2026-03-05T12:29:00,105.26,retail,City-2,D0,card,1439
TX002820,C0156,2026-01-11T19:07:00,112.89,retail,City-1,D0,card,1268
TX002821,C0277,2026-01-16T10:59:00,359.64,grocery,City-2,D1,card,189
TX002822,C0034,2026-02-11T23:11:00,222.62,grocery,City-4,D1,card,1236
TX002823,C0051,2026-02-16T16:10:00,23.69,grocery,City-1,D0,card,1123
TX002824,C0055,2026-03-27T13:20:00,216.98,retail,City-0,D1,card,1780
TX002825,C0233,2026-01-30T22:11:00,408.37,retail,City-3,D2,card,1624
TX002826,C0196,2026-03-25T17:38:00,711.46,cash,City-1,D1,card,798
TX002827,C0042,2026-01-02T02:57:00,247.11,grocery,City-2,D0,card,258
TX002828,C0145,2026-02-28T20:44:00,61.11,travel,City-0,D1,card,783
TX002829,C0122,2026-01-23T09:53:00,63.23,travel,City-2,D2,card,534
TX002830,C0169,2026-02-18T07:35:00,268.67,grocery,City-4,D1,card,1510
TX002831,C0102,2026-02-26T12:56:00,140.67,retail,City-2,D0,card,1277
TX002832,C0011,2026-02-07T01:06:00,349.68,travel,City-1,D2,card,1599
TX002833,C0136,2026-01-05T23:35:00,523.48,grocery,City-1,D1,card,1009
TX002834,C0048,2026-01-07T07:38:00,180.35,grocery,City-3,D0,card,1971
TX002835,C0244,2026-03-04T05:07:00,275.64,retail,City-4,D1,card,1427
TX002836,C0018,2026-02-12T20:26:00,9389.13,retail,City-7,D8881,card,1300
TX002837,C0182,2026-02-24T09:10:00,164.01,retail,City-2,D2,card,1365
TX002838,C0022,2026-02-01T17:14:00,468.64,travel,City-2,D1,card,1409
TX002839,C0073,2026-02-10T07:00:00,121.3,travel,City-3,D1,card,1122
TX002840,C0066,2026-01-25T17:31:00,179.46,cash,City-1,D0,card,731
TX002841,C0168,2026-02-12T11:13:00,100.81,travel,City-3,D0,card,1313
TX002842,C0125,2026-03-20T13:34:00,212.12,cash,City-0,D2,card,1896
TX002843,C0007,2026-03-05T23:38:00,5032.95,grocery,City-14,D7869,card,1380
TX002844,C0125,2026-02-05T11:09:00,94.34,retail,City-0,D2,card,793
TX002845,C0216,2026-03-05T05:34:00,77.58,retail,City-1,D0,card,670
TX002846,C0013,2026-02-14T21:31:00,186.41,retail,City-3,D1,card,1845
TX002847,C0083,2026-02-05T17:45:00,52.79,grocery,City-3,D2,card,700
TX002848,C0283,2026-03-21T15:35:00,134.6,travel,City-3,D1,card,1633
TX002849,C0012,2026-02-21T02:18:00,142.08,grocery,City-2,D0,card,1224
TX002850,C0188,2026-01-14T07:39:00,163.36,cash,City-3,D2,card,245
TX002851,C0281,2026-01-08T23:46:00,143.69,travel,City-1,D2,card,1117
TX002852,C0066,2026-02-07T00:16:00,267.99,cash,City-1,D0,card,999
TX002853,C0299,2026-01-14T03:22:00,1434.98,grocery,City-19,D8905,card,1212
TX002854,C0134,2026-03-31T07:05:00,244.45,grocery,City-4,D2,card,56
TX002855,C0250,2026-02-02T08:16:00,396.89,cash,City-0,D1,card,1720
TX002856,C0149,2026-02-19T20:20:00,19.13,travel,City-4,D2,card,1616
TX002857,C0110,2026-01-04T12:36:00,243.96,grocery,City-0,D2,card,1249
TX002858,C0257,2026-01-02T11:21:00,58.83,retail,City-2,D2,card,1519
TX002859,C0108,2026-01-17T22:13:00,47.45,travel,City-3,D0,card,1611
TX002860,C0043,2026-02-28T21:10:00,88.26,grocery,City-3,D1,card,599
TX002861,C0191,2026-01-10T03:37:00,180.06,retail,City-1,D2,card,546
TX002862,C0146,2026-03-06T09:38:00,156.75,travel,City-1,D2,card,230
TX002863,C0186,2026-02-19T04:14:00,186.98,retail,City-1,D0,card,1246
TX002864,C0264,2026-03-27T02:27:00,341.19,retail,City-4,D0,card,911
TX002865,C0046,2026-03-07T11:38:00,101.57,cash,City-1,D1,card,1672
TX002866,C0150,2026-02-04T22:39:00,555.39,retail,City-0,D0,card,1314
TX002867,C0128,2026-03-24T18:49:00,167.36,cash,City-3,D2,card,625
TX002868,C0298,2026-01-16T11:07:00,1947.49,travel,City-19,D3055,card,1796
TX002869,C0106,2026-03-25T05:40:00,163.94,travel,City-1,D1,card,492
TX002870,C0078,2026-03-22T22:45:00,189.73,grocery,City-3,D0,card,53
TX002871,C0194,2026-01-17T09:00:00,46.63,travel,City-4,D2,card,1739
TX002872,C0090,2026-03-12T04:47:00,63.99,retail,City-0,D0,card,861
TX002873,C0010,2026-03-11T19:07:00,115.48,travel,City-0,D1,card,781
TX002874,C0109,2026-01-17T21:22:00,360.93,travel,City-4,D1,card,1513
TX002875,C0177,2026-02-02T01:35:00,402.82,retail,City-2,D0,card,137
TX002876,C0147,2026-01-07T11:16:00,410.16,travel,City-2,D0,card,768
TX002877,C0268,2026-01-09T10:30:00,40.22,retail,City-3,D1,card,1589
TX002878,C0099,2026-02-28T13:07:00,272.49,cash,City-4,D0,card,1460
TX002879,C0161,2026-02-17T11:47:00,419.5,travel,City-1,D2,card,1195
TX002880,C0243,2026-03-03T11:59:00,284.32,cash,City-3,D0,card,1899
TX002881,C0012,2026-02-26T17:12:00,284.04,cash,City-2,D0,card,35
TX002882,C0265,2026-02-27T09:15:00,71.58,grocery,City-0,D1,card,616
TX002883,C0290,2026-03-11T08:45:00,2365.06,retail,City-5,D9002,card,616
TX002884,C0299,2026-01-06T05:55:00,280.71,cash,City-4,D2,card,227
TX002885,C0033,2026-01-07T15:17:00,262.39,travel,City-3,D0,card,1898
TX002886,C0028,2026-02-07T05:55:00,966.23,grocery,City-13,D5147,card,880
TX002887,C0239,2026-01-21T08:10:00,59.06,grocery,City-4,D2,card,1344
TX002888,C0143,2026-02-24T12:22:00,133.46,grocery,City-3,D2,card,578
TX002889,C0133,2026-03-17T06:36:00,94.38,travel,City-3,D1,card,1070
TX002890,C0280,2026-03-20T20:06:00,52.49,grocery,City-0,D1,card,1598
TX002891,C0180,2026-01-12T23:11:00,169.91,cash,City-0,D0,card,277
TX002892,C0260,2026-01-08T02:57:00,89.76,grocery,City-0,D2,card,597
TX002893,C0079,2026-01-11T11:20:00,482.56,retail,City-4,D1,card,1474
TX002894,C0161,2026-01-20T09:36:00,324.17,travel,City-1,D2,card,1205
TX002895,C0111,2026-03-04T00:11:00,63.7,cash,City-1,D0,card,1933
TX002896,C0108,2026-02-12T13:06:00,73.94,cash,City-3,D0,card,195
TX002897,C0227,2026-03-14T21:47:00,211.45,cash,City-2,D2,card,385
TX002898,C0199,2026-02-09T08:58:00,71.75,grocery,City-4,D1,card,30
TX002899,C0293,2026-01-24T04:13:00,27.72,cash,City-3,D2,card,1297
TX002900,C0035,2026-03-24T17:10:00,88.92,cash,City-0,D2,card,485
TX002901,C0173,2026-01-20T15:00:00,283.29,retail,City-3,D2,card,508
TX002902,C0121,2026-03-21T17:32:00,216.53,travel,City-1,D1,card,1417
TX002903,C0287,2026-02-15T14:26:00,102.39,cash,City-2,D2,card,38
TX002904,C0277,2026-01-19T12:23:00,162.79,grocery,City-2,D1,card,1033
TX002905,C0145,2026-03-09T06:29:00,104.49,grocery,City-0,D1,card,234
TX002906,C0068,2026-01-19T05:39:00,57.14,travel,City-3,D2,card,1879
TX002907,C0207,2026-01-22T13:47:00,223.63,retail,City-2,D0,card,1436
TX002908,C0132,2026-01-02T00:29:00,309.19,cash,City-2,D0,card,385
TX002909,C0171,2026-02-20T07:14:00,148.41,travel,City-1,D0,card,638
TX002910,C0161,2026-03-27T19:29:00,564.96,retail,City-1,D2,card,1713
TX002911,C0087,2026-03-01T18:37:00,133.75,retail,City-2,D0,card,193
TX002912,C0150,2026-02-19T02:40:00,324.27,grocery,City-0,D0,card,1700
TX002913,C0065,2026-01-18T23:10:00,196.86,grocery,City-0,D2,card,1082
TX002914,C0024,2026-02-03T21:53:00,294.19,grocery,City-4,D0,card,1875
TX002915,C0279,2026-02-06T20:17:00,229.06,travel,City-4,D0,card,1223
TX002916,C0141,2026-01-24T01:00:00,382.0,cash,City-1,D0,card,1499
TX002917,C0052,2026-03-26T14:41:00,352.06,retail,City-2,D1,card,858
TX002918,C0234,2026-02-01T15:58:00,864.29,retail,City-4,D0,card,1368
TX002919,C0214,2026-03-24T05:46:00,638.96,travel,City-4,D1,card,1226
TX002920,C0130,2026-02-06T04:03:00,30.82,grocery,City-0,D1,card,578
TX002921,C0020,2026-02-12T04:53:00,441.47,retail,City-0,D2,card,1218
TX002922,C0089,2026-03-09T14:11:00,98.34,grocery,City-4,D2,card,147
TX002923,C0125,2026-02-12T07:46:00,248.04,retail,City-0,D2,card,1291
TX002924,C0271,2026-03-20T09:55:00,186.36,cash,City-1,D1,card,1275
TX002925,C0225,2026-03-09T06:08:00,404.02,travel,City-0,D0,card,1307
TX002926,C0256,2026-02-05T08:09:00,392.77,retail,City-1,D1,card,1840
TX002927,C0236,2026-01-15T03:18:00,201.72,travel,City-1,D2,card,1273
TX002928,C0123,2026-03-23T11:01:00,310.28,travel,City-3,D0,card,1377
TX002929,C0275,2026-01-18T14:11:00,231.1,cash,City-0,D2,card,342
TX002930,C0287,2026-03-13T11:45:00,393.21,grocery,City-2,D2,card,572
TX002931,C0154,2026-03-30T13:06:00,75.45,grocery,City-4,D1,card,1544
TX002932,C0098,2026-02-22T13:28:00,37.69,grocery,City-3,D2,card,1054
TX002933,C0233,2026-01-25T15:12:00,445.27,travel,City-3,D2,card,689
TX002934,C0194,2026-03-07T14:00:00,43.53,retail,City-4,D2,card,221
TX002935,C0172,2026-03-06T22:59:00,1795.99,travel,City-13,D6124,card,1161
TX002936,C0154,2026-02-14T05:35:00,75.45,grocery,City-4,D1,card,1436
TX002937,C0268,2026-01-05T10:54:00,81.3,retail,City-3,D1,card,1998
TX002938,C0128,2026-02-01T18:47:00,70.92,retail,City-3,D2,card,728
TX002939,C0199,2026-01-16T08:22:00,182.22,retail,City-4,D1,card,252
TX002940,C0219,2026-01-19T08:50:00,243.39,cash,City-4,D0,card,1191
TX002941,C0097,2026-01-11T17:26:00,43.6,retail,City-2,D1,card,1435
TX002942,C0133,2026-02-07T11:53:00,1502.31,cash,City-6,D5621,card,1849
TX002943,C0103,2026-01-13T16:38:00,319.66,retail,City-3,D1,card,388
TX002944,C0123,2026-01-09T10:54:00,405.67,travel,City-3,D0,card,1158
TX002945,C0200,2026-03-30T03:32:00,223.65,cash,City-0,D2,card,311
TX002946,C0034,2026-01-11T17:44:00,102.28,retail,City-4,D1,card,613
TX002947,C0039,2026-01-14T03:01:00,482.47,cash,City-4,D0,card,1163
TX002948,C0071,2026-03-26T00:58:00,187.39,retail,City-1,D2,card,1619
TX002949,C0068,2026-03-04T06:06:00,40.08,cash,City-3,D2,card,1093
TX002950,C0019,2026-02-18T05:53:00,190.78,grocery,City-4,D1,card,1350
TX002951,C0125,2026-02-04T09:24:00,96.84,grocery,City-0,D2,card,336
TX002952,C0275,2026-02-01T01:33:00,187.05,grocery,City-0,D2,card,485
TX002953,C0261,2026-03-01T02:01:00,247.81,cash,City-1,D0,card,539
TX002954,C0008,2026-02-16T22:55:00,84.81,travel,City-3,D2,card,488
TX002955,C0246,2026-01-27T13:22:00,231.88,cash,City-1,D0,card,1947
TX002956,C0033,2026-01-09T16:14:00,370.09,retail,City-3,D0,card,1337
TX002957,C0114,2026-02-09T05:55:00,70.82,travel,City-4,D0,card,225
TX002958,C0117,2026-01-22T22:24:00,366.76,cash,City-2,D0,card,1988
TX002959,C0198,2026-01-29T06:02:00,55.42,travel,City-3,D0,card,1438
TX002960,C0242,2026-03-21T10:43:00,63.33,travel,City-2,D2,card,1174
TX002961,C0257,2026-03-17T22:39:00,157.5,cash,City-2,D2,card,705
TX002962,C0233,2026-02-06T13:26:00,330.8,retail,City-3,D2,card,287
TX002963,C0173,2026-02-21T16:25:00,263.34,retail,City-3,D2,card,1601
TX002964,C0037,2026-01-22T01:02:00,195.05,travel,City-2,D1,card,828
TX002965,C0133,2026-03-15T13:27:00,210.53,cash,City-3,D1,card,1447
TX002966,C0265,2026-02-11T04:59:00,123.4,travel,City-0,D1,card,672
TX002967,C0086,2026-02-24T06:11:00,192.53,retail,City-1,D2,card,561
TX002968,C0071,2026-03-11T01:54:00,2606.3,grocery,City-1,D3486,card,954
TX002969,C0187,2026-03-11T00:45:00,34.29,travel,City-2,D1,card,1180
TX002970,C0152,2026-02-15T09:56:00,57.33,grocery,City-2,D2,card,1429
TX002971,C0257,2026-03-12T04:04:00,69.33,retail,City-2,D2,card,1318
TX002972,C0226,2026-01-14T07:53:00,33.95,cash,City-1,D1,card,411
TX002973,C0080,2026-02-26T20:32:00,412.17,grocery,City-0,D2,card,1130
TX002974,C0078,2026-02-27T07:26:00,187.92,travel,City-3,D0,card,232
TX002975,C0181,2026-01-14T04:58:00,779.12,grocery,City-1,D1,card,1858
TX002976,C0066,2026-03-24T20:41:00,213.87,travel,City-1,D0,card,1442
TX002977,C0023,2026-03-20T01:14:00,3980.98,cash,City-19,D7929,card,1695
TX002978,C0230,2026-01-27T09:47:00,73.68,travel,City-0,D2,card,158
TX002979,C0190,2026-02-27T20:01:00,605.87,grocery,City-0,D1,card,1746
TX002980,C0286,2026-01-15T09:43:00,45.33,grocery,City-1,D1,card,766
TX002981,C0221,2026-03-20T02:45:00,2259.12,grocery,City-18,D6790,card,597
TX002982,C0224,2026-02-15T02:31:00,281.8,retail,City-4,D2,card,840
TX002983,C0154,2026-03-25T16:21:00,56.48,grocery,City-4,D1,card,1084
TX002984,C0152,2026-02-08T10:58:00,98.48,travel,City-2,D2,card,1246
TX002985,C0208,2026-03-05T23:04:00,59.65,retail,City-3,D1,card,515
TX002986,C0289,2026-03-25T22:04:00,76.48,retail,City-4,D1,card,182
TX002987,C0254,2026-03-12T16:33:00,185.79,cash,City-4,D2,card,1763
TX002988,C0249,2026-01-22T16:46:00,96.56,travel,City-4,D0,card,1768
TX002989,C0027,2026-01-24T20:56:00,46.19,grocery,City-2,D0,card,368
TX002990,C0160,2026-03-23T03:15:00,58.36,cash,City-0,D1,card,1556
TX002991,C0121,2026-02-02T15:01:00,344.28,retail,City-1,D1,card,384
TX002992,C0162,2026-02-28T12:42:00,191.23,grocery,City-2,D0,card,1384
TX002993,C0091,2026-01-29T16:18:00,216.92,retail,City-1,D1,card,1702
TX002994,C0013,2026-01-30T00:16:00,288.8,travel,City-3,D1,card,922
TX002995,C0228,2026-03-05T16:43:00,244.12,retail,City-3,D0,card,264
TX002996,C0059,2026-02-26T05:37:00,62.71,retail,City-4,D2,card,1181
TX002997,C0042,2026-03-13T03:10:00,623.02,retail,City-2,D0,card,1458
TX002998,C0146,2026-03-12T17:29:00,128.27,retail,City-1,D2,card,1781
TX002999,C0080,2026-03-10T20:36:00,172.34,travel,City-0,D2,card,73
TX003000,C0093,2026-02-15T16:18:00,117.42,cash,City-3,D0,card,1856
TX003001,C0202,2026-01-14T18:24:00,205.58,travel,City-2,D1,card,1681
TX003002,C0268,2026-01-26T12:32:00,58.24,retail,City-3,D1,card,1850
TX003003,C0153,2026-01-17T03:17:00,108.77,grocery,City-3,D0,card,222
TX003004,C0266,2026-02-24T22:28:00,2642.52,travel,City-8,D6156,card,746
TX003005,C0142,2026-01-09T16:51:00,977.21,grocery,City-2,D1,card,713
TX003006,C0097,2026-03-16T11:19:00,52.34,grocery,City-2,D1,card,539
TX003007,C0203,2026-01-08T01:06:00,48.69,cash,City-3,D2,card,561
TX003008,C0154,2026-03-11T12:39:00,56.77,travel,City-4,D1,card,455
TX003009,C0078,2026-02-05T13:29:00,247.49,retail,City-3,D0,card,1104
TX003010,C0071,2026-03-15T09:19:00,231.27,grocery,City-1,D2,card,266
TX003011,C0079,2026-03-09T06:07:00,205.22,cash,City-4,D1,card,276
TX003012,C0044,2026-01-16T17:55:00,362.79,cash,City-4,D2,card,1769
TX003013,C0146,2026-01-27T09:56:00,273.96,retail,City-1,D2,card,730
TX003014,C0016,2026-01-29T23:14:00,216.17,grocery,City-1,D1,card,202
TX003015,C0248,2026-03-19T21:09:00,190.81,retail,City-3,D2,card,1746
TX003016,C0200,2026-01-11T16:26:00,289.46,cash,City-0,D2,card,1081
TX003017,C0064,2026-03-31T14:43:00,157.27,grocery,City-4,D1,card,685
TX003018,C0207,2026-01-17T20:25:00,336.61,travel,City-2,D0,card,1484
TX003019,C0065,2026-02-10T21:10:00,323.91,grocery,City-0,D2,card,339
TX003020,C0057,2026-03-19T00:14:00,240.91,cash,City-2,D0,card,490
TX003021,C0106,2026-01-22T03:52:00,149.03,grocery,City-1,D1,card,86
TX003022,C0211,2026-03-28T04:25:00,103.97,grocery,City-1,D1,card,1683
TX003023,C0173,2026-02-25T02:44:00,361.59,grocery,City-3,D2,card,1650
TX003024,C0135,2026-01-30T10:18:00,85.08,grocery,City-0,D0,card,1676
TX003025,C0069,2026-02-16T21:26:00,107.51,grocery,City-4,D0,card,1285
TX003026,C0116,2026-03-09T10:16:00,272.67,grocery,City-1,D2,card,1668
TX003027,C0182,2026-03-03T13:17:00,343.94,retail,City-2,D2,card,1043
TX003028,C0110,2026-03-22T02:10:00,425.07,grocery,City-0,D2,card,825
TX003029,C0001,2026-03-25T16:31:00,457.63,retail,City-1,D1,card,1316
TX003030,C0001,2026-03-17T01:25:00,166.79,travel,City-1,D1,card,1681
TX003031,C0028,2026-02-15T14:23:00,134.97,grocery,City-3,D1,card,621
TX003032,C0032,2026-01-17T13:04:00,321.66,cash,City-2,D2,card,920
TX003033,C0187,2026-02-01T03:36:00,113.55,retail,City-2,D1,card,151
TX003034,C0044,2026-01-03T20:50:00,319.3,grocery,City-4,D2,card,1218
TX003035,C0084,2026-01-19T01:29:00,25.81,travel,City-4,D0,card,1689
TX003036,C0120,2026-03-25T00:04:00,160.53,cash,City-0,D0,card,539
TX003037,C0177,2026-01-03T06:54:00,549.31,retail,City-2,D0,card,39
TX003038,C0234,2026-01-16T08:05:00,320.0,travel,City-4,D0,card,47
TX003039,C0198,2026-03-26T23:23:00,121.21,retail,City-3,D0,card,476
TX003040,C0004,2026-03-07T04:04:00,101.8,cash,City-4,D1,card,1862
TX003041,C0216,2026-02-06T15:11:00,59.07,grocery,City-1,D0,card,1902
TX003042,C0084,2026-01-18T12:36:00,45.43,travel,City-4,D0,card,911
TX003043,C0106,2026-01-27T04:50:00,591.62,cash,City-1,D1,card,1117
TX003044,C0105,2026-02-01T04:40:00,570.39,cash,City-0,D0,card,1064
TX003045,C0117,2026-03-01T19:54:00,240.47,retail,City-2,D0,card,1077
TX003046,C0234,2026-03-10T00:21:00,455.94,retail,City-4,D0,card,1814
TX003047,C0123,2026-02-15T05:02:00,90.24,travel,City-3,D0,card,855
TX003048,C0257,2026-03-01T20:06:00,47.6,retail,City-2,D2,card,1508
TX003049,C0124,2026-03-31T16:44:00,31.15,retail,City-4,D1,card,1025
TX003050,C0031,2026-01-11T16:58:00,336.59,cash,City-1,D1,card,769
TX003051,C0161,2026-02-11T09:46:00,441.55,travel,City-1,D2,card,376
TX003052,C0115,2026-03-31T20:45:00,270.2,retail,City-0,D1,card,1715
TX003053,C0186,2026-03-10T10:27:00,238.41,retail,City-1,D0,card,1023
TX003054,C0196,2026-03-27T14:47:00,109.29,travel,City-1,D1,card,386
TX003055,C0034,2026-02-03T18:29:00,86.66,retail,City-4,D1,card,268
TX003056,C0089,2026-03-16T01:59:00,156.06,retail,City-4,D2,card,1710
TX003057,C0055,2026-03-01T08:33:00,246.18,retail,City-0,D1,card,910
TX003058,C0289,2026-02-10T22:40:00,68.31,retail,City-4,D1,card,367
TX003059,C0221,2026-01-21T17:03:00,223.94,travel,City-1,D2,card,590
TX003060,C0272,2026-02-10T18:53:00,39.45,grocery,City-2,D2,card,973
TX003061,C0266,2026-01-19T12:31:00,1896.18,retail,City-3,D1714,card,592
TX003062,C0026,2026-02-26T14:47:00,124.58,retail,City-1,D2,card,949
TX003063,C0209,2026-01-21T12:42:00,159.91,grocery,City-4,D2,card,1704
TX003064,C0042,2026-02-12T07:24:00,146.39,retail,City-2,D0,card,1015
TX003065,C0280,2026-02-01T19:36:00,46.73,travel,City-0,D1,card,942
TX003066,C0047,2026-03-25T14:13:00,236.62,retail,City-2,D2,card,1204
TX003067,C0007,2026-01-25T06:55:00,641.97,travel,City-2,D1,card,180
TX003068,C0219,2026-03-09T18:50:00,118.08,travel,City-4,D0,card,390
TX003069,C0008,2026-02-01T21:36:00,73.11,cash,City-3,D2,card,1745
TX003070,C0141,2026-03-29T23:07:00,2593.51,travel,City-11,D7617,card,541
TX003071,C0243,2026-02-07T03:34:00,205.72,travel,City-3,D0,card,1787
TX003072,C0005,2026-02-18T06:45:00,550.78,cash,City-0,D2,card,721
TX003073,C0223,2026-02-14T10:05:00,504.46,retail,City-3,D1,card,399
TX003074,C0265,2026-03-26T06:39:00,54.72,travel,City-0,D1,card,1048
TX003075,C0196,2026-02-19T21:42:00,328.36,retail,City-1,D1,card,451
TX003076,C0248,2026-02-22T10:04:00,153.08,cash,City-3,D2,card,1109
TX003077,C0012,2026-01-17T04:06:00,169.0,travel,City-2,D0,card,1116
TX003078,C0221,2026-03-02T12:54:00,72.91,cash,City-1,D2,card,437
TX003079,C0200,2026-01-10T22:26:00,176.54,grocery,City-0,D2,card,255
TX003080,C0187,2026-01-12T19:28:00,24.52,retail,City-2,D1,card,339
TX003081,C0219,2026-01-27T20:50:00,258.12,retail,City-4,D0,card,480
TX003082,C0152,2026-03-21T05:46:00,74.61,travel,City-2,D2,card,55
TX003083,C0150,2026-02-06T14:17:00,564.84,retail,City-0,D0,card,61
TX003084,C0103,2026-02-11T20:11:00,317.62,travel,City-3,D1,card,1797
TX003085,C0050,2026-02-02T12:11:00,69.75,travel,City-0,D2,card,697
TX003086,C0200,2026-01-18T20:29:00,296.2,cash,City-0,D2,card,883
TX003087,C0042,2026-02-08T10:23:00,330.02,travel,City-2,D0,card,1256
TX003088,C0196,2026-03-22T08:42:00,367.05,cash,City-1,D1,card,1897
TX003089,C0182,2026-02-17T16:21:00,209.59,grocery,City-2,D2,card,642
TX003090,C0007,2026-01-01T08:02:00,159.85,grocery,City-2,D1,card,1947
TX003091,C0199,2026-02-28T18:33:00,93.92,cash,City-4,D1,card,1148
TX003092,C0260,2026-03-31T23:19:00,87.34,grocery,City-0,D2,card,1320
TX003093,C0080,2026-03-13T02:52:00,1970.2,cash,City-10,D5046,card,1326
TX003094,C0240,2026-03-01T00:30:00,664.4,retail,City-0,D0,card,1784
TX003095,C0057,2026-02-25T19:34:00,388.15,cash,City-2,D0,card,374
TX003096,C0180,2026-01-14T15:04:00,459.1,grocery,City-0,D0,card,1372
TX003097,C0142,2026-01-02T04:42:00,292.34,retail,City-2,D1,card,614
TX003098,C0230,2026-01-29T23:42:00,82.46,travel,City-0,D2,card,110
TX003099,C0022,2026-02-26T01:21:00,3117.38,cash,City-3,D6310,card,239
TX003100,C0272,2026-03-13T23:46:00,32.4,travel,City-2,D2,card,1384
TX003101,C0078,2026-01-27T16:11:00,302.0,grocery,City-3,D0,card,305
TX003102,C0145,2026-01-19T19:51:00,73.86,retail,City-0,D1,card,1726
TX003103,C0034,2026-03-17T19:29:00,108.86,retail,City-4,D1,card,1525
TX003104,C0047,2026-01-27T20:24:00,202.81,cash,City-2,D2,card,466
TX003105,C0184,2026-03-21T11:58:00,217.66,cash,City-4,D1,card,1486
TX003106,C0219,2026-01-17T04:44:00,310.91,travel,City-4,D0,card,698
TX003107,C0063,2026-02-06T07:24:00,219.22,retail,City-3,D0,card,1225
TX003108,C0050,2026-03-29T23:11:00,1274.77,retail,City-18,D4630,card,646
TX003109,C0090,2026-02-28T15:56:00,90.89,retail,City-0,D0,card,1758
TX003110,C0153,2026-03-26T05:20:00,1417.1,cash,City-4,D9967,card,1493
TX003111,C0056,2026-03-13T09:01:00,191.56,grocery,City-1,D2,card,918
TX003112,C0189,2026-01-24T02:11:00,981.63,cash,City-17,D9738,card,1006
TX003113,C0103,2026-03-31T12:27:00,729.34,travel,City-3,D1,card,1553
TX003114,C0247,2026-01-03T01:02:00,1260.31,retail,City-12,D9148,card,447
TX003115,C0000,2026-01-21T06:36:00,150.86,retail,City-0,D0,card,1362
TX003116,C0140,2026-01-07T18:09:00,271.45,grocery,City-0,D2,card,1225
TX003117,C0141,2026-01-11T11:01:00,246.22,grocery,City-1,D0,card,493
TX003118,C0040,2026-03-08T08:03:00,112.88,cash,City-0,D1,card,619
TX003119,C0028,2026-03-21T06:48:00,31.7,grocery,City-3,D1,card,1087
TX003120,C0180,2026-02-04T16:59:00,746.59,retail,City-0,D0,card,1067
TX003121,C0126,2026-02-10T15:46:00,202.57,retail,City-1,D0,card,982
TX003122,C0064,2026-01-17T00:28:00,131.29,cash,City-4,D1,card,888
TX003123,C0270,2026-02-01T08:04:00,17.82,retail,City-0,D0,card,1012
TX003124,C0199,2026-01-30T18:33:00,170.27,travel,City-4,D1,card,262
TX003125,C0042,2026-03-12T01:49:00,307.4,retail,City-2,D0,card,1674
TX003126,C0035,2026-02-06T08:52:00,59.64,cash,City-0,D2,card,279
TX003127,C0059,2026-02-20T03:09:00,1301.45,grocery,City-11,D3892,card,431
TX003128,C0244,2026-02-21T05:06:00,315.47,cash,City-4,D1,card,1180
TX003129,C0011,2026-01-26T03:25:00,3272.54,cash,City-4,D2087,card,1482
TX003130,C0159,2026-01-14T05:59:00,288.29,cash,City-4,D0,card,1465
TX003131,C0210,2026-01-05T15:13:00,409.87,grocery,City-0,D0,card,1197
TX003132,C0015,2026-02-10T20:10:00,114.5,retail,City-0,D0,card,1900
TX003133,C0117,2026-02-01T11:44:00,267.11,cash,City-2,D0,card,321
TX003134,C0259,2026-02-05T11:34:00,220.47,cash,City-4,D1,card,323
TX003135,C0030,2026-02-17T00:53:00,479.36,retail,City-0,D0,card,1562
TX003136,C0156,2026-03-16T02:27:00,317.13,travel,City-1,D0,card,881
TX003137,C0089,2026-01-24T14:37:00,185.06,cash,City-4,D2,card,1422
TX003138,C0275,2026-03-16T15:03:00,125.43,cash,City-0,D2,card,487
TX003139,C0007,2026-01-12T11:18:00,335.54,grocery,City-2,D1,card,1570
TX003140,C0127,2026-01-25T10:59:00,44.7,cash,City-2,D1,card,756
TX003141,C0107,2026-03-09T13:14:00,93.04,retail,City-2,D2,card,1705
TX003142,C0089,2026-01-31T14:43:00,277.34,cash,City-4,D2,card,1160
TX003143,C0173,2026-02-24T21:21:00,316.23,travel,City-3,D2,card,470
TX003144,C0292,2026-01-24T13:11:00,652.34,travel,City-2,D1,card,238
TX003145,C0037,2026-02-24T12:33:00,278.51,grocery,City-2,D1,card,177
TX003146,C0110,2026-01-19T06:17:00,398.75,retail,City-0,D2,card,931
TX003147,C0046,2026-03-09T06:58:00,163.0,cash,City-1,D1,card,1805
TX003148,C0028,2026-01-10T18:46:00,115.88,retail,City-3,D1,card,554
TX003149,C0205,2026-01-09T16:38:00,48.59,cash,City-0,D1,card,615
TX003150,C0033,2026-01-30T07:19:00,179.85,grocery,City-3,D0,card,1581
TX003151,C0017,2026-01-06T11:09:00,62.67,cash,City-2,D2,card,263
TX003152,C0120,2026-02-17T15:46:00,492.89,grocery,City-0,D0,card,1438
TX003153,C0031,2026-02-14T19:01:00,1396.04,grocery,City-19,D7651,card,737
TX003154,C0126,2026-03-31T02:43:00,140.02,cash,City-1,D0,card,252
TX003155,C0099,2026-03-03T06:15:00,1987.65,cash,City-16,D8453,card,839
TX003156,C0014,2026-03-30T15:51:00,242.74,retail,City-4,D2,card,760
TX003157,C0100,2026-01-25T19:36:00,393.0,travel,City-0,D1,card,1059
TX003158,C0284,2026-03-28T22:12:00,306.25,cash,City-4,D2,card,1326
TX003159,C0060,2026-02-18T03:23:00,2086.43,travel,City-16,D8396,card,949
TX003160,C0299,2026-01-30T04:09:00,210.13,travel,City-4,D2,card,1255
TX003161,C0290,2026-01-19T01:16:00,2907.0,cash,City-13,D6397,card,52
TX003162,C0201,2026-03-29T05:12:00,601.69,cash,City-1,D0,card,1842
TX003163,C0066,2026-02-13T19:12:00,134.67,cash,City-1,D0,card,1746
TX003164,C0054,2026-01-12T16:14:00,674.64,grocery,City-4,D0,card,47
TX003165,C0292,2026-03-05T17:42:00,548.4,cash,City-2,D1,card,1578
TX003166,C0077,2026-03-21T03:14:00,10569.17,retail,City-17,D5793,card,930
TX003167,C0293,2026-01-15T19:16:00,89.75,cash,City-3,D2,card,226
TX003168,C0137,2026-03-09T15:37:00,198.87,retail,City-2,D2,card,543
TX003169,C0090,2026-03-18T22:36:00,78.62,grocery,City-0,D0,card,1485
TX003170,C0014,2026-02-06T13:44:00,455.9,retail,City-4,D2,card,1595
TX003171,C0275,2026-02-26T02:15:00,74.28,cash,City-0,D2,card,932
TX003172,C0162,2026-03-13T17:44:00,69.32,retail,City-2,D0,card,782
TX003173,C0233,2026-01-31T00:06:00,507.4,grocery,City-3,D2,card,981
TX003174,C0288,2026-02-24T17:26:00,98.13,retail,City-3,D0,card,1123
TX003175,C0290,2026-03-25T20:58:00,306.2,travel,City-0,D2,card,629
TX003176,C0228,2026-02-22T02:30:00,262.89,retail,City-3,D0,card,1430
TX003177,C0164,2026-03-20T20:07:00,88.65,retail,City-4,D2,card,415
TX003178,C0090,2026-02-19T13:01:00,37.95,travel,City-0,D0,card,681
TX003179,C0073,2026-01-19T01:27:00,654.34,grocery,City-14,D2412,card,671
TX003180,C0291,2026-01-16T04:02:00,27.98,grocery,City-1,D0,card,804
TX003181,C0038,2026-01-13T01:21:00,1642.14,cash,City-4,D2178,card,682
TX003182,C0099,2026-01-15T10:01:00,162.82,retail,City-4,D0,card,150
TX003183,C0015,2026-03-20T08:24:00,359.81,travel,City-0,D0,card,1057
TX003184,C0237,2026-01-12T02:16:00,230.94,travel,City-2,D0,card,945
TX003185,C0285,2026-03-26T22:39:00,356.08,cash,City-0,D0,card,1212
TX003186,C0106,2026-03-30T04:29:00,244.19,grocery,City-1,D1,card,330
TX003187,C0035,2026-02-27T17:25:00,59.46,retail,City-0,D2,card,204
TX003188,C0191,2026-02-17T05:55:00,73.79,travel,City-1,D2,card,1502
TX003189,C0029,2026-03-18T07:59:00,133.9,cash,City-4,D2,card,1351
TX003190,C0232,2026-01-02T15:47:00,214.25,grocery,City-2,D1,card,860
TX003191,C0117,2026-02-09T02:06:00,426.88,retail,City-2,D0,card,1621
TX003192,C0202,2026-02-15T22:51:00,151.37,retail,City-2,D1,card,1279
TX003193,C0296,2026-02-18T22:17:00,404.85,cash,City-1,D2,card,1434
TX003194,C0254,2026-02-19T18:52:00,63.03,travel,City-4,D2,card,901
TX003195,C0232,2026-01-16T04:02:00,714.23,travel,City-2,D1,card,1061
TX003196,C0166,2026-03-22T03:38:00,446.91,retail,City-1,D1,card,1735
TX003197,C0257,2026-03-26T13:07:00,96.59,retail,City-2,D2,card,858
TX003198,C0188,2026-02-11T01:19:00,335.37,grocery,City-3,D2,card,645
TX003199,C0088,2026-03-01T00:04:00,102.98,retail,City-3,D1,card,773
TX003200,C0261,2026-01-31T06:44:00,504.55,cash,City-1,D0,card,808
TX003201,C0095,2026-02-24T13:14:00,263.54,cash,City-0,D2,card,757
TX003202,C0074,2026-02-09T01:45:00,44.28,grocery,City-4,D2,card,1200
TX003203,C0069,2026-02-05T23:48:00,244.8,travel,City-4,D0,card,50
TX003204,C0079,2026-03-17T13:15:00,520.94,travel,City-4,D1,card,495
TX003205,C0074,2026-01-14T10:31:00,64.32,travel,City-4,D2,card,1727
TX003206,C0203,2026-01-24T14:43:00,40.91,travel,City-3,D2,card,1283
TX003207,C0075,2026-01-05T08:25:00,153.73,grocery,City-0,D0,card,1223
TX003208,C0037,2026-01-29T12:07:00,144.15,retail,City-2,D1,card,1125
TX003209,C0208,2026-02-11T14:26:00,1012.12,grocery,City-8,D9662,card,852
TX003210,C0027,2026-02-02T13:25:00,71.86,travel,City-2,D0,card,1602
TX003211,C0154,2026-02-14T08:42:00,64.96,cash,City-4,D1,card,1749
TX003212,C0078,2026-01-04T06:05:00,93.99,cash,City-3,D0,card,1365
TX003213,C0091,2026-03-13T02:28:00,355.37,travel,City-1,D1,card,281
TX003214,C0102,2026-01-08T03:59:00,134.23,retail,City-2,D0,card,1936
TX003215,C0069,2026-03-17T14:33:00,2122.33,grocery,City-15,D9630,card,1620
TX003216,C0218,2026-02-03T11:23:00,383.51,cash,City-3,D2,card,253
TX003217,C0270,2026-02-23T19:59:00,17.68,travel,City-0,D0,card,1499
TX003218,C0112,2026-01-11T16:48:00,250.76,grocery,City-2,D1,card,1757
TX003219,C0093,2026-01-23T01:03:00,57.92,travel,City-3,D0,card,559
TX003220,C0219,2026-02-02T13:17:00,138.06,retail,City-4,D0,card,1828
TX003221,C0287,2026-01-29T11:52:00,538.32,retail,City-2,D2,card,921
TX003222,C0056,2026-03-16T19:31:00,143.85,retail,City-1,D2,card,339
TX003223,C0181,2026-01-12T05:57:00,569.28,travel,City-1,D1,card,296
TX003224,C0245,2026-03-23T21:48:00,470.73,grocery,City-0,D2,card,1792
TX003225,C0195,2026-03-22T16:00:00,76.71,travel,City-0,D0,card,368
TX003226,C0288,2026-01-25T10:36:00,590.66,retail,City-3,D0,card,1398
TX003227,C0252,2026-01-18T13:38:00,160.66,travel,City-2,D0,card,1022
TX003228,C0003,2026-02-21T07:04:00,257.53,grocery,City-3,D0,card,1400
TX003229,C0270,2026-01-14T20:05:00,44.21,grocery,City-0,D0,card,1776
TX003230,C0188,2026-02-13T02:40:00,310.79,grocery,City-3,D2,card,795
TX003231,C0140,2026-02-01T00:16:00,164.62,travel,City-0,D2,card,687
TX003232,C0021,2026-03-04T02:13:00,150.43,cash,City-1,D0,card,136
TX003233,C0027,2026-03-26T06:55:00,27.45,cash,City-2,D0,card,928
TX003234,C0227,2026-02-02T20:27:00,260.23,retail,City-2,D2,card,1750
TX003235,C0110,2026-01-10T05:16:00,200.29,cash,City-0,D2,card,160
TX003236,C0089,2026-02-20T14:51:00,147.46,travel,City-4,D2,card,1518
TX003237,C0131,2026-02-15T15:09:00,909.12,cash,City-1,D2,card,1344
TX003238,C0003,2026-02-16T06:05:00,349.24,retail,City-3,D0,card,1419
TX003239,C0094,2026-02-22T21:49:00,226.58,retail,City-4,D1,card,1177
TX003240,C0265,2026-02-12T23:05:00,80.05,grocery,City-0,D1,card,1708
TX003241,C0146,2026-01-30T10:25:00,163.3,cash,City-1,D2,card,1545
TX003242,C0134,2026-01-31T20:02:00,206.51,retail,City-4,D2,card,144
TX003243,C0127,2026-03-13T05:23:00,63.2,cash,City-2,D1,card,1897
TX003244,C0254,2026-02-10T03:08:00,139.43,cash,City-4,D2,card,1804
TX003245,C0156,2026-03-17T00:05:00,128.51,cash,City-1,D0,card,477
TX003246,C0067,2026-02-05T01:27:00,158.07,grocery,City-2,D1,card,1861
TX003247,C0178,2026-01-19T11:24:00,237.5,travel,City-3,D1,card,1686
TX003248,C0169,2026-03-28T05:55:00,612.84,retail,City-4,D1,card,476
TX003249,C0071,2026-03-14T01:41:00,193.62,grocery,City-1,D2,card,77
TX003250,C0077,2026-02-08T19:24:00,191.13,retail,City-2,D2,card,544
TX003251,C0137,2026-03-26T22:22:00,240.6,cash,City-2,D2,card,1211
TX003252,C0046,2026-01-25T01:38:00,258.14,grocery,City-1,D1,card,1955
TX003253,C0232,2026-03-15T23:21:00,1502.63,retail,City-14,D3985,card,31
TX003254,C0006,2026-02-20T04:52:00,323.77,travel,City-1,D0,card,511
TX003255,C0182,2026-01-25T17:39:00,92.34,grocery,City-2,D2,card,948
TX003256,C0081,2026-02-21T23:04:00,225.87,cash,City-1,D0,card,506
TX003257,C0069,2026-01-04T12:38:00,376.74,travel,City-4,D0,card,1958
TX003258,C0276,2026-03-28T08:58:00,133.89,grocery,City-1,D0,card,912
TX003259,C0178,2026-03-12T20:38:00,441.77,travel,City-3,D1,card,849
TX003260,C0274,2026-02-03T23:57:00,480.67,grocery,City-4,D1,card,1646
TX003261,C0230,2026-03-05T03:14:00,93.13,cash,City-0,D2,card,777
TX003262,C0099,2026-02-20T04:47:00,367.19,cash,City-4,D0,card,1467
TX003263,C0155,2026-03-07T19:14:00,270.18,grocery,City-0,D2,card,1390
TX003264,C0072,2026-01-22T11:37:00,185.54,travel,City-2,D0,card,1382
TX003265,C0200,2026-03-24T01:54:00,816.06,grocery,City-0,D2,card,642
TX003266,C0033,2026-02-19T16:07:00,258.91,travel,City-3,D0,card,1729
TX003267,C0294,2026-03-15T08:08:00,813.17,travel,City-4,D0,card,1875
TX003268,C0236,2026-02-04T03:16:00,2382.08,cash,City-11,D8484,card,278
TX003269,C0119,2026-02-03T23:59:00,1870.07,retail,City-8,D2377,card,1861
TX003270,C0061,2026-02-20T17:33:00,209.55,grocery,City-1,D1,card,599
TX003271,C0179,2026-01-22T02:22:00,316.66,travel,City-4,D2,card,1132
TX003272,C0223,2026-03-09T19:26:00,618.32,grocery,City-3,D1,card,97
TX003273,C0170,2026-03-31T11:13:00,146.07,grocery,City-0,D2,card,1072
TX003274,C0106,2026-02-21T11:00:00,338.21,grocery,City-1,D1,card,538
TX003275,C0032,2026-03-18T20:34:00,146.07,travel,City-2,D2,card,825
TX003276,C0099,2026-02-14T02:30:00,5740.38,grocery,City-6,D6167,card,782
TX003277,C0280,2026-02-26T00:40:00,45.44,grocery,City-0,D1,card,601
TX003278,C0238,2026-02-16T07:33:00,42.99,travel,City-3,D1,card,1935
TX003279,C0027,2026-02-23T15:35:00,52.88,cash,City-2,D0,card,1024
TX003280,C0258,2026-02-16T04:12:00,47.49,retail,City-3,D0,card,370
TX003281,C0115,2026-01-22T05:06:00,567.41,grocery,City-0,D1,card,1022
TX003282,C0148,2026-01-09T07:15:00,252.57,retail,City-3,D1,card,1062
TX003283,C0257,2026-01-25T14:09:00,360.89,retail,City-6,D3379,card,818
TX003284,C0103,2026-02-19T05:02:00,463.22,cash,City-3,D1,card,684
TX003285,C0012,2026-02-22T15:17:00,338.51,grocery,City-2,D0,card,1734
TX003286,C0033,2026-03-28T04:19:00,256.74,retail,City-3,D0,card,1452
TX003287,C0194,2026-02-13T07:06:00,30.69,retail,City-4,D2,card,524
TX003288,C0255,2026-03-13T07:54:00,418.27,cash,City-0,D0,card,1297
TX003289,C0011,2026-03-13T07:38:00,340.45,retail,City-1,D2,card,750
TX003290,C0081,2026-03-24T05:44:00,229.29,travel,City-1,D0,card,567
TX003291,C0132,2026-02-10T03:38:00,145.66,cash,City-2,D0,card,825
TX003292,C0239,2026-03-12T05:29:00,120.69,grocery,City-4,D2,card,1486
TX003293,C0293,2026-03-27T05:43:00,21.28,travel,City-3,D2,card,1412
TX003294,C0269,2026-01-10T04:26:00,21.37,travel,City-4,D2,card,1516
TX003295,C0072,2026-02-18T22:06:00,786.1,retail,City-2,D0,card,552
TX003296,C0256,2026-02-25T10:46:00,648.11,grocery,City-1,D1,card,995
TX003297,C0253,2026-02-19T08:54:00,235.6,grocery,City-3,D1,card,189
TX003298,C0024,2026-02-13T20:33:00,200.91,cash,City-4,D0,card,658
TX003299,C0047,2026-03-24T21:17:00,104.01,retail,City-2,D2,card,891
TX003300,C0243,2026-03-08T10:01:00,134.77,retail,City-3,D0,card,1590
TX003301,C0102,2026-03-06T20:20:00,149.14,grocery,City-2,D0,card,1561
TX003302,C0157,2026-01-18T02:50:00,359.02,retail,City-2,D1,card,1208
TX003303,C0171,2026-02-18T11:43:00,207.62,retail,City-1,D0,card,254
TX003304,C0248,2026-03-10T04:17:00,239.12,cash,City-3,D2,card,469
TX003305,C0070,2026-03-13T10:58:00,86.21,cash,City-0,D1,card,557
TX003306,C0186,2026-01-30T03:58:00,169.4,retail,City-1,D0,card,1334
TX003307,C0258,2026-02-18T04:56:00,862.66,grocery,City-5,D9583,card,102
TX003308,C0127,2026-03-09T08:54:00,86.92,grocery,City-2,D1,card,1723
TX003309,C0232,2026-02-24T07:50:00,572.96,retail,City-2,D1,card,797
TX003310,C0238,2026-02-12T05:21:00,42.04,grocery,City-3,D1,card,1097
TX003311,C0283,2026-03-27T23:38:00,115.51,retail,City-3,D1,card,719
TX003312,C0016,2026-01-22T02:36:00,6302.0,travel,City-13,D6255,card,226
TX003313,C0123,2026-03-08T23:59:00,867.59,travel,City-11,D1136,card,116
TX003314,C0272,2026-03-14T12:01:00,46.15,grocery,City-2,D2,card,1393
TX003315,C0124,2026-01-26T02:39:00,26.57,travel,City-4,D1,card,1014
TX003316,C0060,2026-03-24T21:28:00,186.87,travel,City-0,D0,card,1959
TX003317,C0249,2026-01-19T01:46:00,179.77,travel,City-4,D0,card,1368
TX003318,C0274,2026-01-10T13:05:00,262.67,cash,City-4,D1,card,431
TX003319,C0121,2026-02-24T02:19:00,419.53,retail,City-1,D1,card,1992
TX003320,C0190,2026-01-18T03:09:00,562.25,retail,City-0,D1,card,1405
TX003321,C0223,2026-03-29T08:13:00,449.42,retail,City-3,D1,card,823
TX003322,C0167,2026-01-19T08:13:00,197.58,grocery,City-2,D2,card,853
TX003323,C0265,2026-01-25T19:16:00,45.64,cash,City-0,D1,card,854
TX003324,C0127,2026-01-16T10:15:00,75.86,grocery,City-2,D1,card,1567
TX003325,C0028,2026-03-09T16:20:00,60.56,travel,City-3,D1,card,691
TX003326,C0187,2026-02-18T10:05:00,41.0,grocery,City-2,D1,card,1599
TX003327,C0080,2026-03-27T03:56:00,344.99,grocery,City-0,D2,card,1360
TX003328,C0010,2026-01-19T11:57:00,142.93,grocery,City-0,D1,card,1843
TX003329,C0286,2026-01-31T07:52:00,13.73,travel,City-1,D1,card,1985
TX003330,C0186,2026-03-25T20:52:00,139.39,travel,City-1,D0,card,1511
TX003331,C0258,2026-03-08T00:38:00,88.77,travel,City-3,D0,card,273
TX003332,C0094,2026-03-28T23:07:00,245.53,retail,City-4,D1,card,915
TX003333,C0069,2026-02-27T18:22:00,107.37,retail,City-4,D0,card,1690
TX003334,C0019,2026-02-18T14:11:00,213.66,cash,City-4,D1,card,1993
TX003335,C0102,2026-03-07T01:09:00,79.15,grocery,City-2,D0,card,1191
TX003336,C0129,2026-03-24T08:41:00,277.78,grocery,City-4,D0,card,1263
TX003337,C0003,2026-01-06T02:50:00,463.77,cash,City-3,D0,card,557
TX003338,C0001,2026-03-21T09:06:00,212.71,retail,City-1,D1,card,192
TX003339,C0279,2026-02-17T00:55:00,284.84,cash,City-4,D0,card,261
TX003340,C0037,2026-03-26T01:18:00,238.26,retail,City-2,D1,card,424
TX003341,C0290,2026-02-15T14:33:00,321.36,cash,City-0,D2,card,52
TX003342,C0262,2026-02-28T13:47:00,175.76,cash,City-2,D1,card,1723
TX003343,C0191,2026-02-27T04:02:00,85.17,retail,City-1,D2,card,451
TX003344,C0050,2026-01-15T21:38:00,108.66,travel,City-0,D2,card,303
TX003345,C0271,2026-03-14T17:58:00,56.69,grocery,City-1,D1,card,1517
TX003346,C0212,2026-02-02T03:02:00,127.22,travel,City-2,D2,card,1545
TX003347,C0160,2026-03-18T21:52:00,33.74,retail,City-0,D1,card,1328
TX003348,C0204,2026-02-23T10:17:00,35.33,cash,City-4,D0,card,1354
TX003349,C0221,2026-03-04T13:47:00,245.66,retail,City-1,D2,card,1527
TX003350,C0058,2026-03-02T18:47:00,77.87,grocery,City-3,D1,card,1657
TX003351,C0269,2026-01-23T02:49:00,45.22,cash,City-4,D2,card,1579
TX003352,C0093,2026-01-22T01:36:00,171.33,travel,City-3,D0,card,132
TX003353,C0104,2026-03-11T23:23:00,8122.73,travel,City-16,D8719,card,546
TX003354,C0222,2026-01-17T15:55:00,210.34,cash,City-2,D0,card,1471
TX003355,C0169,2026-03-31T01:27:00,250.36,retail,City-4,D1,card,1609
TX003356,C0132,2026-03-27T22:05:00,384.61,grocery,City-2,D0,card,1444
TX003357,C0206,2026-02-06T08:56:00,74.99,retail,City-1,D2,card,1979
TX003358,C0232,2026-03-23T05:54:00,665.84,grocery,City-2,D1,card,1857
TX003359,C0212,2026-01-11T15:35:00,82.08,retail,City-2,D2,card,1660
TX003360,C0050,2026-03-01T21:55:00,45.62,travel,City-0,D2,card,1212
TX003361,C0205,2026-03-13T07:25:00,67.63,cash,City-0,D1,card,88
TX003362,C0273,2026-02-06T04:26:00,158.8,travel,City-3,D0,card,1101
TX003363,C0065,2026-03-23T12:00:00,200.16,travel,City-0,D2,card,655
TX003364,C0109,2026-03-31T07:09:00,608.98,travel,City-4,D1,card,818
TX003365,C0075,2026-02-13T20:14:00,101.9,retail,City-0,D0,card,1298
TX003366,C0060,2026-01-22T01:57:00,152.1,grocery,City-0,D0,card,1846
TX003367,C0005,2026-01-13T15:25:00,478.49,grocery,City-0,D2,card,148
TX003368,C0239,2026-03-18T02:09:00,85.86,retail,City-4,D2,card,1379
TX003369,C0140,2026-01-20T01:47:00,161.86,cash,City-0,D2,card,1410
TX003370,C0082,2026-02-06T13:58:00,217.05,retail,City-2,D1,card,808
TX003371,C0244,2026-03-30T13:27:00,357.14,cash,City-4,D1,card,110
TX003372,C0211,2026-03-20T08:31:00,257.03,grocery,City-1,D1,card,881
TX003373,C0192,2026-02-15T01:30:00,19.87,grocery,City-2,D0,card,128
TX003374,C0273,2026-01-01T04:53:00,168.76,grocery,City-3,D0,card,1824
TX003375,C0267,2026-03-01T03:35:00,74.91,cash,City-2,D0,card,922
TX003376,C0020,2026-01-31T09:31:00,280.76,cash,City-0,D2,card,49
TX003377,C0290,2026-03-31T04:24:00,317.11,travel,City-0,D2,card,288
TX003378,C0182,2026-02-27T09:01:00,179.29,retail,City-2,D2,card,675
TX003379,C0185,2026-02-21T18:16:00,337.76,retail,City-0,D2,card,1068
TX003380,C0240,2026-02-25T13:24:00,341.13,cash,City-0,D0,card,1339
TX003381,C0265,2026-01-11T00:06:00,109.96,retail,City-0,D1,card,563
TX003382,C0028,2026-03-25T16:22:00,96.7,cash,City-3,D1,card,272
TX003383,C0184,2026-02-22T10:49:00,237.34,cash,City-4,D1,card,1646
TX003384,C0233,2026-03-24T15:34:00,437.37,travel,City-3,D2,card,1430
TX003385,C0264,2026-02-15T02:26:00,6436.44,retail,City-9,D1196,card,1611
TX003386,C0088,2026-03-15T03:31:00,975.87,travel,City-13,D7669,card,92
TX003387,C0128,2026-03-17T13:22:00,58.7,travel,City-3,D2,card,1048
TX003388,C0208,2026-03-25T16:47:00,89.31,grocery,City-3,D1,card,1466
TX003389,C0025,2026-02-17T11:47:00,92.7,retail,City-0,D1,card,560
TX003390,C0287,2026-03-30T14:49:00,244.95,cash,City-2,D2,card,504
TX003391,C0054,2026-01-21T15:45:00,866.37,grocery,City-4,D0,card,1307
TX003392,C0257,2026-01-07T17:36:00,52.98,cash,City-2,D2,card,1561
TX003393,C0097,2026-01-30T02:18:00,47.83,grocery,City-2,D1,card,1583
TX003394,C0139,2026-01-28T15:21:00,48.31,grocery,City-4,D1,card,1299
TX003395,C0038,2026-02-10T13:54:00,219.65,travel,City-3,D2,card,1555
TX003396,C0072,2026-03-24T09:24:00,423.32,travel,City-2,D0,card,420
TX003397,C0263,2026-01-25T22:15:00,35.3,cash,City-3,D2,card,1451
TX003398,C0272,2026-03-20T06:01:00,27.17,cash,City-2,D2,card,1779
TX003399,C0222,2026-03-18T09:57:00,221.58,grocery,City-2,D0,card,1480
TX003400,C0220,2026-02-27T02:29:00,3657.39,grocery,City-16,D4304,card,118
TX003401,C0099,2026-02-02T08:22:00,501.52,travel,City-4,D0,card,313
TX003402,C0054,2026-02-24T23:26:00,152.03,grocery,City-4,D0,card,1504
TX003403,C0269,2026-03-30T18:08:00,35.02,cash,City-4,D2,card,1116
TX003404,C0047,2026-03-06T03:01:00,291.71,cash,City-2,D2,card,120
TX003405,C0251,2026-03-17T10:42:00,277.76,travel,City-1,D2,card,1301
TX003406,C0282,2026-03-08T09:30:00,66.62,grocery,City-2,D0,card,1765
TX003407,C0258,2026-02-27T19:40:00,59.87,grocery,City-3,D0,card,1450
TX003408,C0065,2026-01-14T01:20:00,183.33,grocery,City-0,D2,card,1678
TX003409,C0107,2026-03-22T09:42:00,84.9,travel,City-2,D2,card,244
TX003410,C0249,2026-02-09T06:14:00,83.2,retail,City-4,D0,card,249
TX003411,C0262,2026-03-31T09:55:00,293.56,cash,City-2,D1,card,525
TX003412,C0164,2026-02-28T03:24:00,272.79,retail,City-4,D2,card,1039
TX003413,C0046,2026-01-02T09:17:00,160.89,cash,City-1,D1,card,1658
TX003414,C0280,2026-01-11T05:30:00,34.92,travel,City-0,D1,card,414
TX003415,C0119,2026-02-18T12:42:00,376.22,grocery,City-4,D2,card,204
TX003416,C0260,2026-02-21T21:44:00,81.46,cash,City-0,D2,card,1283
TX003417,C0175,2026-03-19T18:45:00,78.32,grocery,City-0,D1,card,1449
TX003418,C0149,2026-02-05T11:00:00,13.18,cash,City-4,D2,card,1179
TX003419,C0031,2026-03-10T21:49:00,424.29,grocery,City-1,D1,card,197
TX003420,C0230,2026-03-07T08:17:00,72.89,grocery,City-0,D2,card,1410
TX003421,C0072,2026-01-17T07:43:00,209.49,retail,City-2,D0,card,1101
TX003422,C0204,2026-03-29T10:13:00,23.72,retail,City-4,D0,card,63
TX003423,C0181,2026-02-10T14:32:00,1557.94,grocery,City-13,D7207,card,1980
TX003424,C0053,2026-03-05T14:50:00,453.06,retail,City-3,D2,card,374
TX003425,C0197,2026-03-08T23:43:00,4315.85,grocery,City-11,D8900,card,1743
TX003426,C0067,2026-01-05T21:56:00,359.48,retail,City-2,D1,card,1506
TX003427,C0222,2026-03-12T09:02:00,732.68,cash,City-2,D0,card,119
TX003428,C0147,2026-03-27T16:20:00,95.83,retail,City-2,D0,card,1568
TX003429,C0222,2026-01-08T18:53:00,310.93,travel,City-2,D0,card,1620
TX003430,C0151,2026-02-08T18:32:00,247.05,travel,City-1,D1,card,315
TX003431,C0152,2026-02-25T18:29:00,59.36,cash,City-2,D2,card,1662
TX003432,C0245,2026-02-08T08:11:00,216.92,cash,City-0,D2,card,1754
TX003433,C0268,2026-02-28T14:10:00,74.03,grocery,City-3,D1,card,1320
TX003434,C0263,2026-01-06T09:10:00,94.19,grocery,City-3,D2,card,1863
TX003435,C0266,2026-02-03T23:40:00,2517.65,retail,City-11,D4278,card,474
TX003436,C0202,2026-01-19T09:50:00,225.72,travel,City-2,D1,card,407
TX003437,C0230,2026-01-29T18:15:00,59.87,grocery,City-0,D2,card,928
TX003438,C0000,2026-01-27T22:47:00,428.67,grocery,City-0,D0,card,1539
TX003439,C0108,2026-01-23T08:21:00,59.98,cash,City-3,D0,card,1126
TX003440,C0253,2026-02-26T00:05:00,84.44,travel,City-3,D1,card,250
TX003441,C0027,2026-02-07T09:36:00,39.1,retail,City-2,D0,card,1011
TX003442,C0126,2026-02-20T05:12:00,145.33,cash,City-1,D0,card,1692
TX003443,C0135,2026-02-07T07:09:00,15.93,grocery,City-0,D0,card,262
TX003444,C0050,2026-03-15T22:49:00,182.94,retail,City-0,D2,card,1363
TX003445,C0192,2026-01-30T23:52:00,1333.79,travel,City-5,D1050,card,1597
TX003446,C0173,2026-01-25T01:22:00,2776.54,travel,City-1,D2755,card,221
TX003447,C0123,2026-02-10T15:02:00,128.47,grocery,City-3,D0,card,1056
TX003448,C0063,2026-02-21T07:02:00,1548.39,grocery,City-5,D5320,card,747
TX003449,C0229,2026-02-03T18:54:00,83.29,grocery,City-4,D1,card,154
TX003450,C0268,2026-03-01T03:14:00,118.21,cash,City-3,D1,card,211
TX003451,C0069,2026-01-03T14:00:00,175.75,travel,City-4,D0,card,561
TX003452,C0098,2026-02-04T22:38:00,49.55,retail,City-3,D2,card,874
TX003453,C0124,2026-02-27T12:20:00,58.66,retail,City-4,D1,card,195
TX003454,C0050,2026-03-26T00:25:00,51.77,retail,City-0,D2,card,864
TX003455,C0041,2026-03-21T20:22:00,690.34,travel,City-1,D2,card,1622
TX003456,C0082,2026-03-11T00:55:00,163.01,travel,City-2,D1,card,279
TX003457,C0063,2026-02-25T19:52:00,351.84,retail,City-3,D0,card,641
TX003458,C0206,2026-02-21T23:35:00,91.73,retail,City-1,D2,card,1423
TX003459,C0038,2026-02-16T10:40:00,107.06,travel,City-3,D2,card,504
TX003460,C0089,2026-02-06T10:50:00,153.57,cash,City-4,D2,card,1949
TX003461,C0172,2026-01-25T14:56:00,70.68,cash,City-2,D1,card,1316
TX003462,C0146,2026-01-24T22:50:00,138.89,retail,City-1,D2,card,660
TX003463,C0229,2026-03-10T05:20:00,108.82,cash,City-4,D1,card,833
TX003464,C0206,2026-02-13T23:34:00,111.29,cash,City-1,D2,card,1138
TX003465,C0137,2026-02-28T04:04:00,356.03,retail,City-2,D2,card,791
TX003466,C0253,2026-01-07T13:11:00,279.86,retail,City-3,D1,card,1763
TX003467,C0012,2026-03-30T06:54:00,335.57,grocery,City-2,D0,card,489
TX003468,C0027,2026-03-10T01:03:00,59.2,travel,City-2,D0,card,1435
TX003469,C0195,2026-03-22T05:40:00,77.64,travel,City-0,D0,card,1358
TX003470,C0077,2026-02-02T17:01:00,742.55,grocery,City-2,D2,card,1205
TX003471,C0009,2026-01-14T20:37:00,168.82,retail,City-4,D0,card,842
TX003472,C0245,2026-03-21T17:40:00,155.88,cash,City-0,D2,card,369
TX003473,C0114,2026-01-01T09:13:00,121.18,travel,City-4,D0,card,836
TX003474,C0140,2026-02-28T11:49:00,388.06,grocery,City-0,D2,card,901
TX003475,C0089,2026-02-08T03:09:00,342.16,retail,City-4,D2,card,1232
TX003476,C0270,2026-01-06T05:59:00,595.77,retail,City-5,D1035,card,1144
TX003477,C0052,2026-03-24T11:31:00,216.98,grocery,City-2,D1,card,1599
TX003478,C0027,2026-02-01T05:52:00,836.11,cash,City-4,D7825,card,1126
TX003479,C0211,2026-03-27T01:44:00,170.24,travel,City-1,D1,card,184
TX003480,C0110,2026-02-12T22:19:00,132.2,cash,City-0,D2,card,1354
TX003481,C0085,2026-03-21T09:26:00,57.18,retail,City-0,D1,card,1095
TX003482,C0293,2026-03-29T23:21:00,97.59,cash,City-3,D2,card,324
TX003483,C0105,2026-01-19T07:39:00,464.08,travel,City-0,D0,card,1008
TX003484,C0213,2026-03-15T13:18:00,267.99,retail,City-3,D0,card,863
TX003485,C0224,2026-01-20T20:29:00,80.73,cash,City-4,D2,card,906
TX003486,C0181,2026-03-25T14:41:00,1934.46,cash,City-17,D7490,card,1655
TX003487,C0213,2026-03-19T12:23:00,160.01,retail,City-3,D0,card,1700
TX003488,C0196,2026-03-23T22:27:00,303.27,travel,City-1,D1,card,713
TX003489,C0063,2026-03-11T07:50:00,408.75,cash,City-3,D0,card,253
TX003490,C0278,2026-01-28T08:05:00,671.57,cash,City-3,D2,card,232
TX003491,C0032,2026-01-28T04:28:00,326.79,cash,City-2,D2,card,367
TX003492,C0270,2026-01-29T03:17:00,37.71,grocery,City-0,D0,card,899
TX003493,C0237,2026-01-14T18:37:00,221.19,retail,City-2,D0,card,1578
TX003494,C0272,2026-02-09T04:40:00,42.68,grocery,City-2,D2,card,1732
TX003495,C0132,2026-01-03T20:10:00,455.06,retail,City-2,D0,card,1805
TX003496,C0284,2026-03-10T01:52:00,156.22,grocery,City-4,D2,card,1423
TX003497,C0115,2026-01-23T21:07:00,401.25,grocery,City-0,D1,card,1187
TX003498,C0108,2026-03-21T15:48:00,39.15,cash,City-3,D0,card,452
TX003499,C0260,2026-03-06T01:20:00,524.97,cash,City-16,D8189,card,833
TX003500,C0096,2026-03-16T00:16:00,179.61,retail,City-1,D0,card,1177
TX003501,C0050,2026-03-22T04:16:00,80.97,grocery,City-0,D2,card,1328
TX003502,C0286,2026-03-30T04:38:00,25.08,cash,City-1,D1,card,1048
TX003503,C0156,2026-02-20T18:53:00,290.9,retail,City-1,D0,card,1610
TX003504,C0108,2026-03-15T16:06:00,97.83,grocery,City-3,D0,card,606
TX003505,C0154,2026-03-29T20:24:00,103.33,travel,City-4,D1,card,1021
TX003506,C0060,2026-02-28T02:53:00,374.94,grocery,City-0,D0,card,127
TX003507,C0289,2026-03-25T12:54:00,609.05,retail,City-3,D6134,card,968
TX003508,C0187,2026-03-11T05:24:00,110.9,travel,City-2,D1,card,1411
TX003509,C0027,2026-03-29T20:16:00,65.83,grocery,City-2,D0,card,787
TX003510,C0228,2026-03-17T05:27:00,387.06,retail,City-3,D0,card,817
TX003511,C0230,2026-02-10T14:03:00,93.82,grocery,City-0,D2,card,297
TX003512,C0191,2026-02-20T03:19:00,136.46,travel,City-1,D2,card,358
TX003513,C0287,2026-03-01T12:14:00,351.41,cash,City-2,D2,card,105
TX003514,C0065,2026-02-14T10:32:00,209.96,travel,City-0,D2,card,1049
TX003515,C0007,2026-01-25T07:40:00,384.26,grocery,City-2,D1,card,1935
TX003516,C0071,2026-03-16T21:40:00,497.12,retail,City-1,D2,card,1588
TX003517,C0110,2026-02-17T23:58:00,215.15,retail,City-0,D2,card,1751
TX003518,C0159,2026-02-09T17:44:00,2490.56,grocery,City-6,D2155,card,1150
TX003519,C0065,2026-01-14T01:11:00,119.59,travel,City-0,D2,card,1145
TX003520,C0149,2026-03-17T16:08:00,22.47,retail,City-4,D2,card,858
TX003521,C0117,2026-03-07T23:40:00,4771.27,travel,City-5,D6078,card,1359
TX003522,C0016,2026-02-05T02:10:00,239.0,grocery,City-1,D1,card,1259
TX003523,C0168,2026-01-21T00:20:00,221.56,grocery,City-3,D0,card,960
TX003524,C0108,2026-02-05T14:26:00,40.29,cash,City-3,D0,card,689
TX003525,C0093,2026-01-25T10:28:00,259.83,cash,City-3,D0,card,334
TX003526,C0250,2026-03-13T10:37:00,551.45,cash,City-0,D1,card,148
TX003527,C0095,2026-01-18T13:47:00,254.52,retail,City-0,D2,card,1601
TX003528,C0035,2026-01-16T21:19:00,72.43,grocery,City-0,D2,card,721
TX003529,C0152,2026-01-05T23:56:00,47.83,travel,City-2,D2,card,957
TX003530,C0032,2026-03-08T22:29:00,182.97,travel,City-2,D2,card,1410
TX003531,C0114,2026-03-17T10:06:00,127.96,cash,City-4,D0,card,1886
TX003532,C0080,2026-01-21T04:36:00,1437.1,retail,City-16,D7011,card,1589
TX003533,C0277,2026-02-24T00:49:00,357.56,grocery,City-2,D1,card,107
TX003534,C0286,2026-03-15T17:57:00,37.78,retail,City-1,D1,card,167
TX003535,C0086,2026-01-30T12:15:00,224.16,travel,City-1,D2,card,1198
TX003536,C0248,2026-03-09T15:19:00,269.3,grocery,City-3,D2,card,326
TX003537,C0148,2026-02-23T02:03:00,387.73,cash,City-3,D1,card,1260
TX003538,C0198,2026-03-12T05:58:00,81.98,grocery,City-3,D0,card,1302
TX003539,C0118,2026-03-19T08:46:00,186.98,grocery,City-3,D1,card,1511
TX003540,C0070,2026-01-22T12:39:00,93.84,grocery,City-0,D1,card,570
TX003541,C0127,2026-02-10T15:53:00,67.42,travel,City-2,D1,card,31
TX003542,C0189,2026-02-15T02:13:00,136.71,travel,City-4,D0,card,1370
TX003543,C0299,2026-02-15T02:25:00,238.57,travel,City-4,D2,card,647
TX003544,C0224,2026-03-09T01:27:00,123.33,grocery,City-4,D2,card,1320
TX003545,C0220,2026-03-21T14:27:00,134.4,cash,City-0,D1,card,106
TX003546,C0073,2026-03-24T03:00:00,251.57,grocery,City-3,D1,card,1473
TX003547,C0027,2026-01-26T14:09:00,60.16,retail,City-2,D0,card,207
TX003548,C0106,2026-03-28T07:02:00,146.3,retail,City-1,D1,card,1622
TX003549,C0263,2026-01-27T11:42:00,51.89,retail,City-3,D2,card,1515
TX003550,C0242,2026-01-14T19:51:00,290.36,travel,City-2,D2,card,346
TX003551,C0058,2026-01-07T09:09:00,123.91,grocery,City-3,D1,card,419
TX003552,C0249,2026-01-16T06:32:00,218.28,retail,City-4,D0,card,988
TX003553,C0169,2026-01-24T11:29:00,344.41,grocery,City-4,D1,card,749
TX003554,C0105,2026-03-29T23:51:00,1099.67,grocery,City-1,D1602,card,389
TX003555,C0203,2026-01-25T20:57:00,75.77,retail,City-3,D2,card,345
TX003556,C0238,2026-03-22T11:12:00,16.97,cash,City-3,D1,card,1612
TX003557,C0037,2026-02-01T12:00:00,142.46,retail,City-2,D1,card,1469
TX003558,C0049,2026-03-26T20:41:00,58.76,cash,City-4,D1,card,939
TX003559,C0121,2026-02-17T17:50:00,488.37,travel,City-1,D1,card,100
TX003560,C0153,2026-02-16T22:20:00,396.88,retail,City-3,D0,card,1613
TX003561,C0058,2026-02-04T17:26:00,67.17,retail,City-3,D1,card,1408
TX003562,C0060,2026-01-22T07:50:00,614.85,retail,City-0,D0,card,1274
TX003563,C0201,2026-03-01T09:58:00,277.94,travel,City-1,D0,card,234
TX003564,C0086,2026-02-16T23:41:00,198.38,grocery,City-1,D2,card,833
TX003565,C0220,2026-02-12T02:16:00,102.63,travel,City-0,D1,card,598
TX003566,C0018,2026-03-25T08:50:00,194.46,travel,City-3,D0,card,569
TX003567,C0182,2026-03-29T17:31:00,167.82,cash,City-2,D2,card,1744
TX003568,C0094,2026-01-28T22:35:00,108.04,travel,City-4,D1,card,1936
TX003569,C0079,2026-02-07T15:34:00,189.9,retail,City-4,D1,card,587
TX003570,C0169,2026-01-23T06:20:00,370.9,travel,City-4,D1,card,1139
TX003571,C0061,2026-01-06T04:41:00,111.73,retail,City-1,D1,card,173
TX003572,C0293,2026-03-30T22:35:00,51.8,travel,City-3,D2,card,1047
TX003573,C0287,2026-01-25T01:07:00,206.93,grocery,City-2,D2,card,1412
TX003574,C0084,2026-03-30T01:53:00,23.57,cash,City-4,D0,card,347
TX003575,C0220,2026-03-31T18:58:00,162.52,retail,City-0,D1,card,1020
TX003576,C0092,2026-03-22T12:03:00,145.63,cash,City-2,D2,card,1574
TX003577,C0143,2026-01-02T21:13:00,227.45,travel,City-3,D2,card,522
TX003578,C0269,2026-03-19T17:41:00,46.79,grocery,City-4,D2,card,1070
TX003579,C0089,2026-03-16T06:23:00,123.12,cash,City-4,D2,card,1333
TX003580,C0098,2026-03-30T21:37:00,106.74,cash,City-3,D2,card,1362
TX003581,C0010,2026-03-18T08:12:00,377.57,grocery,City-0,D1,card,244
TX003582,C0082,2026-03-01T02:44:00,409.03,retail,City-2,D1,card,1379
TX003583,C0174,2026-02-22T02:14:00,142.74,travel,City-4,D0,card,364
TX003584,C0037,2026-01-04T12:41:00,211.48,cash,City-2,D1,card,1688
TX003585,C0166,2026-01-08T23:57:00,369.45,cash,City-1,D1,card,629
TX003586,C0079,2026-02-23T04:46:00,289.42,grocery,City-4,D1,card,411
TX003587,C0115,2026-01-25T08:12:00,212.39,travel,City-0,D1,card,1536
TX003588,C0268,2026-01-13T12:33:00,48.09,grocery,City-3,D1,card,677
TX003589,C0043,2026-01-06T23:10:00,83.35,cash,City-3,D1,card,747
TX003590,C0224,2026-03-16T16:07:00,140.62,grocery,City-4,D2,card,1566
TX003591,C0248,2026-03-30T18:52:00,167.47,travel,City-3,D2,card,919
TX003592,C0060,2026-02-12T05:01:00,300.72,travel,City-0,D0,card,1602
TX003593,C0118,2026-01-04T21:13:00,127.32,retail,City-3,D1,card,75
TX003594,C0236,2026-03-30T17:16:00,270.23,cash,City-1,D2,card,1453
TX003595,C0240,2026-02-12T18:20:00,351.45,grocery,City-0,D0,card,230
TX003596,C0151,2026-03-18T12:58:00,641.47,grocery,City-1,D1,card,1939
TX003597,C0282,2026-02-07T01:53:00,100.73,cash,City-2,D0,card,1850
TX003598,C0103,2026-02-05T15:12:00,211.15,cash,City-3,D1,card,764
TX003599,C0079,2026-01-13T02:10:00,355.81,cash,City-4,D1,card,529
TX003600,C0034,2026-03-04T07:51:00,100.63,cash,City-4,D1,card,1004
TX003601,C0103,2026-02-14T21:47:00,575.4,travel,City-3,D1,card,402
TX003602,C0168,2026-01-18T11:29:00,189.15,cash,City-3,D0,card,552
TX003603,C0017,2026-01-13T14:39:00,74.0,retail,City-2,D2,card,432
TX003604,C0054,2026-02-28T21:24:00,317.29,travel,City-4,D0,card,1198
TX003605,C0267,2026-01-13T14:20:00,67.63,grocery,City-2,D0,card,1883
TX003606,C0240,2026-01-30T15:38:00,472.63,retail,City-0,D0,card,599
TX003607,C0064,2026-01-05T17:17:00,261.32,retail,City-4,D1,card,1105
TX003608,C0247,2026-02-02T02:32:00,57.39,grocery,City-2,D1,card,500
TX003609,C0268,2026-01-23T08:35:00,94.6,cash,City-3,D1,card,1769
TX003610,C0124,2026-01-07T18:57:00,49.28,travel,City-4,D1,card,319
TX003611,C0090,2026-03-20T22:27:00,109.97,travel,City-0,D0,card,632
TX003612,C0287,2026-03-18T04:14:00,111.0,retail,City-2,D2,card,1897
TX003613,C0238,2026-01-17T11:43:00,42.5,retail,City-3,D1,card,1069
TX003614,C0097,2026-03-21T02:32:00,107.97,cash,City-2,D1,card,1745
TX003615,C0112,2026-01-23T12:20:00,130.15,travel,City-2,D1,card,280
TX003616,C0170,2026-02-24T21:36:00,134.8,retail,City-0,D2,card,1137
TX003617,C0186,2026-01-30T20:54:00,162.27,travel,City-1,D0,card,1485
TX003618,C0201,2026-02-01T19:28:00,458.51,travel,City-1,D0,card,915
TX003619,C0085,2026-01-11T04:30:00,77.17,retail,City-0,D1,card,1808
TX003620,C0283,2026-02-23T05:47:00,97.47,travel,City-3,D1,card,1479
TX003621,C0010,2026-02-21T04:34:00,102.45,grocery,City-0,D1,card,959
TX003622,C0152,2026-03-18T13:41:00,60.94,cash,City-2,D2,card,1515
TX003623,C0064,2026-03-24T15:38:00,641.38,travel,City-4,D1,card,1278
TX003624,C0210,2026-02-08T12:13:00,279.55,travel,City-0,D0,card,1691
TX003625,C0195,2026-02-26T02:21:00,83.31,cash,City-0,D0,card,534
TX003626,C0074,2026-01-06T11:11:00,881.38,retail,City-12,D4965,card,1839
TX003627,C0153,2026-02-20T20:18:00,429.75,cash,City-3,D0,card,1064
TX003628,C0214,2026-03-15T23:59:00,2361.91,travel,City-15,D5554,card,1031
TX003629,C0131,2026-01-28T18:23:00,268.44,retail,City-1,D2,card,1176
TX003630,C0080,2026-02-11T12:52:00,572.8,grocery,City-0,D2,card,1397
TX003631,C0054,2026-01-10T17:59:00,289.48,travel,City-4,D0,card,228
TX003632,C0165,2026-01-26T19:31:00,148.89,retail,City-0,D0,card,1079
TX003633,C0194,2026-01-01T06:06:00,246.69,travel,City-4,D2,card,1296
TX003634,C0232,2026-01-06T17:34:00,4308.57,travel,City-8,D3504,card,1260
TX003635,C0064,2026-02-22T16:54:00,303.34,travel,City-4,D1,card,1719
TX003636,C0127,2026-03-26T22:49:00,85.52,retail,City-2,D1,card,542
TX003637,C0169,2026-01-14T14:44:00,326.29,travel,City-4,D1,card,1404
TX003638,C0009,2026-03-17T22:12:00,193.57,cash,City-4,D0,card,1587
TX003639,C0060,2026-01-30T17:30:00,306.05,cash,City-0,D0,card,432
TX003640,C0122,2026-01-24T20:50:00,22.47,retail,City-2,D2,card,1289
TX003641,C0164,2026-02-22T09:29:00,167.75,travel,City-4,D2,card,1155
TX003642,C0157,2026-03-06T12:00:00,286.73,cash,City-2,D1,card,1481
TX003643,C0276,2026-01-03T15:31:00,249.8,grocery,City-1,D0,card,307
TX003644,C0116,2026-02-01T02:25:00,2159.11,cash,City-3,D2294,card,1566
TX003645,C0150,2026-02-20T00:59:00,631.89,retail,City-0,D0,card,1517
TX003646,C0185,2026-03-15T19:29:00,637.48,grocery,City-0,D2,card,1875
TX003647,C0010,2026-01-18T22:58:00,56.58,cash,City-0,D1,card,1755
TX003648,C0203,2026-01-12T05:56:00,59.03,travel,City-3,D2,card,701
TX003649,C0271,2026-02-07T11:09:00,72.56,cash,City-1,D1,card,577
TX003650,C0208,2026-03-23T05:37:00,32.17,grocery,City-3,D1,card,452
TX003651,C0246,2026-02-18T01:37:00,1911.23,retail,City-12,D8290,card,988
TX003652,C0004,2026-02-03T05:57:00,102.22,travel,City-4,D1,card,164
TX003653,C0122,2026-01-12T23:31:00,508.02,cash,City-16,D3716,card,1754
TX003654,C0076,2026-03-21T18:58:00,256.58,retail,City-1,D1,card,1372
TX003655,C0131,2026-02-25T01:29:00,394.86,cash,City-1,D2,card,1814
TX003656,C0292,2026-01-11T11:18:00,1193.16,grocery,City-18,D8226,card,626
TX003657,C0069,2026-03-16T11:51:00,347.67,grocery,City-4,D0,card,1217
TX003658,C0021,2026-03-29T20:16:00,159.17,travel,City-1,D0,card,1954
TX003659,C0010,2026-02-07T06:12:00,87.85,cash,City-0,D1,card,1220
TX003660,C0212,2026-01-28T04:17:00,85.31,retail,City-2,D2,card,982
TX003661,C0184,2026-03-02T12:32:00,265.07,retail,City-4,D1,card,1722
TX003662,C0282,2026-03-09T15:52:00,167.89,cash,City-2,D0,card,665
TX003663,C0155,2026-03-01T12:47:00,892.39,grocery,City-0,D2,card,850
TX003664,C0075,2026-02-18T12:44:00,101.74,cash,City-0,D0,card,1679
TX003665,C0276,2026-03-13T21:04:00,112.49,travel,City-1,D0,card,267
TX003666,C0012,2026-02-14T10:58:00,237.85,travel,City-2,D0,card,1523
TX003667,C0268,2026-02-24T20:45:00,90.8,grocery,City-3,D1,card,1078
TX003668,C0024,2026-03-04T12:13:00,284.25,retail,City-4,D0,card,1578
TX003669,C0036,2026-02-14T17:56:00,103.22,cash,City-1,D0,card,552
TX003670,C0167,2026-03-12T02:33:00,3421.87,grocery,City-19,D6859,card,790
TX003671,C0138,2026-02-15T23:06:00,370.82,grocery,City-3,D0,card,41
TX003672,C0147,2026-03-18T22:33:00,279.81,travel,City-2,D0,card,1918
TX003673,C0151,2026-01-01T06:06:00,567.39,grocery,City-1,D1,card,932
TX003674,C0080,2026-03-18T05:02:00,661.34,retail,City-0,D2,card,1174
TX003675,C0054,2026-01-02T02:19:00,2207.31,retail,City-10,D7467,card,55
TX003676,C0101,2026-03-31T22:52:00,380.0,grocery,City-1,D2,card,1576
TX003677,C0009,2026-03-06T03:36:00,141.46,retail,City-4,D0,card,402
TX003678,C0270,2026-02-05T03:15:00,31.67,retail,City-0,D0,card,1442
TX003679,C0029,2026-01-01T10:32:00,543.0,travel,City-4,D2,card,1144
TX003680,C0076,2026-02-08T14:25:00,328.29,cash,City-1,D1,card,1620
TX003681,C0200,2026-01-31T13:07:00,3416.87,retail,City-1,D6614,card,1472
TX003682,C0097,2026-02-10T09:53:00,44.68,cash,City-2,D1,card,902
TX003683,C0144,2026-03-13T22:38:00,177.18,travel,City-4,D0,card,303
TX003684,C0231,2026-01-19T22:45:00,166.14,travel,City-1,D0,card,1269
TX003685,C0110,2026-03-28T01:23:00,103.92,cash,City-0,D2,card,777
TX003686,C0215,2026-01-06T03:58:00,183.54,grocery,City-0,D2,card,1601
TX003687,C0280,2026-03-15T00:04:00,46.19,travel,City-0,D1,card,411
TX003688,C0039,2026-01-11T05:23:00,493.68,travel,City-4,D0,card,1849
TX003689,C0159,2026-01-24T12:32:00,384.58,retail,City-4,D0,card,1203
TX003690,C0278,2026-01-11T11:39:00,634.43,retail,City-3,D2,card,78
TX003691,C0297,2026-03-26T19:35:00,239.94,grocery,City-2,D0,card,385
TX003692,C0241,2026-01-26T05:10:00,717.25,cash,City-1,D1,card,1824
TX003693,C0227,2026-02-05T23:59:00,111.54,cash,City-2,D2,card,42
TX003694,C0111,2026-03-20T00:01:00,119.91,cash,City-1,D0,card,1835
TX003695,C0196,2026-02-16T06:20:00,602.75,retail,City-1,D1,card,1360
TX003696,C0118,2026-02-14T07:33:00,343.65,cash,City-3,D1,card,1654
TX003697,C0029,2026-03-09T03:00:00,220.99,travel,City-4,D2,card,726
TX003698,C0269,2026-03-28T01:35:00,28.97,cash,City-4,D2,card,503
TX003699,C0009,2026-02-02T10:57:00,167.59,cash,City-4,D0,card,1065
TX003700,C0203,2026-02-14T06:55:00,95.72,retail,City-3,D2,card,1481
TX003701,C0286,2026-03-17T01:21:00,75.2,travel,City-1,D1,card,1946
TX003702,C0102,2026-01-13T21:43:00,107.41,cash,City-2,D0,card,278
TX003703,C0053,2026-01-26T18:21:00,146.79,grocery,City-3,D2,card,116
TX003704,C0041,2026-01-03T17:38:00,191.45,cash,City-1,D2,card,1376
TX003705,C0246,2026-01-15T02:59:00,949.88,grocery,City-17,D9485,card,1367
TX003706,C0190,2026-01-26T16:43:00,346.53,cash,City-0,D1,card,493
TX003707,C0017,2026-03-20T12:01:00,20.92,retail,City-2,D2,card,342
TX003708,C0269,2026-01-08T20:24:00,280.54,travel,City-12,D4040,card,1729
TX003709,C0023,2026-03-16T00:49:00,341.63,grocery,City-3,D2,card,357
TX003710,C0066,2026-02-27T05:04:00,113.49,cash,City-1,D0,card,1912
TX003711,C0073,2026-01-16T12:40:00,721.32,travel,City-6,D2373,card,1444
TX003712,C0121,2026-03-09T00:01:00,269.84,travel,City-1,D1,card,1491
TX003713,C0070,2026-03-15T06:47:00,98.65,grocery,City-0,D1,card,991
TX003714,C0074,2026-01-06T03:41:00,31.61,retail,City-4,D2,card,1378
TX003715,C0170,2026-01-12T14:38:00,176.19,cash,City-0,D2,card,557
TX003716,C0215,2026-02-07T01:59:00,251.71,retail,City-0,D2,card,275
TX003717,C0225,2026-02-26T11:18:00,179.11,cash,City-0,D0,card,1272
TX003718,C0104,2026-03-15T08:17:00,273.22,retail,City-4,D2,card,468
TX003719,C0015,2026-01-20T00:52:00,92.55,travel,City-0,D0,card,198
TX003720,C0210,2026-01-09T13:41:00,201.47,travel,City-0,D0,card,749
TX003721,C0140,2026-03-12T09:13:00,123.34,cash,City-0,D2,card,1054
TX003722,C0010,2026-01-30T20:53:00,200.01,retail,City-0,D1,card,1374
TX003723,C0078,2026-01-22T13:11:00,333.9,travel,City-3,D0,card,1878
TX003724,C0019,2026-03-06T18:02:00,179.33,cash,City-4,D1,card,707
TX003725,C0032,2026-03-25T22:32:00,119.16,travel,City-2,D2,card,1292
TX003726,C0286,2026-03-24T05:44:00,35.77,grocery,City-1,D1,card,1515
TX003727,C0068,2026-03-21T05:08:00,92.36,cash,City-3,D2,card,1641
TX003728,C0236,2026-03-15T11:41:00,247.94,travel,City-1,D2,card,1411
TX003729,C0105,2026-01-18T21:24:00,189.78,retail,City-0,D0,card,125
TX003730,C0157,2026-03-19T23:36:00,278.9,travel,City-2,D1,card,1376
TX003731,C0212,2026-03-25T00:23:00,58.48,travel,City-2,D2,card,642
TX003732,C0284,2026-02-21T07:25:00,112.9,cash,City-4,D2,card,590
TX003733,C0240,2026-01-06T23:21:00,338.63,grocery,City-0,D0,card,313
TX003734,C0275,2026-03-10T07:59:00,95.18,grocery,City-0,D2,card,244
TX003735,C0078,2026-01-27T15:21:00,310.3,grocery,City-3,D0,card,1480
TX003736,C0155,2026-02-15T10:05:00,187.02,grocery,City-0,D2,card,1529
TX003737,C0057,2026-03-15T15:44:00,365.79,travel,City-2,D0,card,1822
TX003738,C0139,2026-02-24T09:02:00,64.17,cash,City-4,D1,card,584
TX003739,C0215,2026-02-20T05:42:00,398.64,travel,City-0,D2,card,1201
TX003740,C0127,2026-02-10T14:38:00,102.44,travel,City-2,D1,card,1048
TX003741,C0230,2026-03-13T21:58:00,76.37,retail,City-0,D2,card,1466
TX003742,C0178,2026-01-03T23:04:00,228.29,cash,City-3,D1,card,912
TX003743,C0049,2026-02-13T20:36:00,61.4,retail,City-4,D1,card,1133
TX003744,C0012,2026-01-16T19:14:00,153.12,grocery,City-2,D0,card,287
TX003745,C0200,2026-03-16T21:27:00,283.85,grocery,City-0,D2,card,613
TX003746,C0030,2026-03-05T01:14:00,1009.53,retail,City-17,D3787,card,1520
TX003747,C0280,2026-02-18T04:40:00,43.0,retail,City-0,D1,card,1304
TX003748,C0007,2026-01-27T01:46:00,172.07,retail,City-2,D1,card,373
TX003749,C0272,2026-01-03T22:03:00,60.94,retail,City-2,D2,card,805
TX003750,C0162,2026-01-08T06:49:00,190.54,cash,City-2,D0,card,1397
TX003751,C0177,2026-02-12T15:27:00,904.89,grocery,City-2,D0,card,1234
TX003752,C0106,2026-01-23T21:36:00,279.55,travel,City-1,D1,card,1742
TX003753,C0221,2026-03-23T03:19:00,256.08,cash,City-1,D2,card,1583
TX003754,C0120,2026-01-04T02:05:00,2893.21,retail,City-17,D9365,card,388
TX003755,C0240,2026-02-11T10:43:00,431.51,retail,City-0,D0,card,1689
TX003756,C0056,2026-03-20T02:46:00,292.47,cash,City-1,D2,card,282
TX003757,C0090,2026-02-10T15:01:00,59.05,retail,City-0,D0,card,1228
TX003758,C0259,2026-02-27T00:27:00,333.01,grocery,City-4,D1,card,1855
TX003759,C0213,2026-01-26T10:18:00,787.58,retail,City-3,D0,card,641
TX003760,C0283,2026-03-28T03:00:00,171.88,retail,City-3,D1,card,1522
TX003761,C0298,2026-03-30T12:52:00,180.86,retail,City-3,D1,card,57
TX003762,C0059,2026-03-04T17:40:00,119.95,retail,City-4,D2,card,1061
TX003763,C0035,2026-02-23T13:50:00,262.5,grocery,City-0,D2,card,174
TX003764,C0248,2026-01-30T22:18:00,154.35,cash,City-3,D2,card,1538
TX003765,C0287,2026-02-09T12:48:00,88.5,travel,City-2,D2,card,1794
TX003766,C0042,2026-02-03T15:35:00,195.17,travel,City-2,D0,card,1485
TX003767,C0241,2026-03-29T01:57:00,243.42,cash,City-1,D1,card,1562
TX003768,C0023,2026-01-20T04:46:00,571.21,cash,City-3,D2,card,1820
TX003769,C0222,2026-01-04T00:44:00,428.12,grocery,City-2,D0,card,271
TX003770,C0280,2026-02-13T04:29:00,21.2,grocery,City-0,D1,card,1750
TX003771,C0014,2026-02-23T14:51:00,2110.83,cash,City-19,D5046,card,375
TX003772,C0046,2026-01-15T19:59:00,590.8,cash,City-14,D6179,card,667
TX003773,C0168,2026-02-23T20:09:00,65.03,grocery,City-3,D0,card,945
TX003774,C0074,2026-02-22T02:20:00,56.6,travel,City-4,D2,card,1448
TX003775,C0170,2026-02-03T22:23:00,89.6,grocery,City-0,D2,card,1507
TX003776,C0190,2026-02-15T02:29:00,2495.49,retail,City-10,D7361,card,1578
TX003777,C0198,2026-02-24T04:43:00,77.77,travel,City-3,D0,card,1157
TX003778,C0171,2026-02-28T02:03:00,208.62,travel,City-1,D0,card,422
TX003779,C0247,2026-01-15T12:51:00,247.09,cash,City-2,D1,card,783
TX003780,C0268,2026-03-27T00:30:00,85.85,retail,City-3,D1,card,1974
TX003781,C0256,2026-01-12T04:53:00,468.44,cash,City-1,D1,card,1218
TX003782,C0029,2026-01-13T19:44:00,157.73,retail,City-4,D2,card,1956
TX003783,C0285,2026-02-20T08:52:00,189.24,cash,City-0,D0,card,268
TX003784,C0004,2026-02-06T15:09:00,85.78,travel,City-4,D1,card,1924
TX003785,C0021,2026-03-24T06:12:00,268.79,retail,City-1,D0,card,1526
TX003786,C0210,2026-01-04T03:25:00,495.33,retail,City-0,D0,card,1069
TX003787,C0042,2026-02-16T13:36:00,137.91,cash,City-2,D0,card,805
TX003788,C0241,2026-03-21T12:38:00,341.83,cash,City-1,D1,card,242
TX003789,C0013,2026-02-03T18:24:00,303.43,travel,City-3,D1,card,1829
TX003790,C0052,2026-02-27T17:55:00,703.74,cash,City-2,D1,card,442
TX003791,C0297,2026-01-16T00:32:00,422.95,grocery,City-2,D0,card,798
TX003792,C0037,2026-02-26T13:42:00,126.85,travel,City-2,D1,card,300
TX003793,C0015,2026-02-03T06:52:00,134.41,grocery,City-0,D0,card,1629
TX003794,C0141,2026-03-14T20:21:00,136.03,grocery,City-1,D0,card,627
TX003795,C0153,2026-01-31T03:55:00,2334.33,grocery,City-19,D6839,card,1126
TX003796,C0128,2026-03-15T19:37:00,60.65,cash,City-3,D2,card,507
TX003797,C0067,2026-02-08T11:29:00,227.18,travel,City-2,D1,card,1792
TX003798,C0130,2026-03-17T01:10:00,88.95,cash,City-0,D1,card,355
TX003799,C0155,2026-01-19T22:05:00,382.91,cash,City-0,D2,card,1697
TX003800,C0211,2026-03-06T00:20:00,327.63,cash,City-1,D1,card,855
TX003801,C0024,2026-01-06T12:32:00,298.3,grocery,City-4,D0,card,200
TX003802,C0100,2026-01-21T09:11:00,301.99,retail,City-0,D1,card,1921
TX003803,C0182,2026-01-10T02:39:00,134.86,travel,City-2,D2,card,884
TX003804,C0190,2026-01-07T12:10:00,676.12,grocery,City-0,D1,card,1606
TX003805,C0182,2026-03-22T20:53:00,266.02,travel,City-2,D2,card,1914
TX003806,C0099,2026-01-13T00:07:00,341.27,travel,City-4,D0,card,700
TX003807,C0030,2026-01-12T19:59:00,497.22,grocery,City-0,D0,card,235
TX003808,C0002,2026-01-20T19:07:00,291.91,grocery,City-2,D2,card,730
TX003809,C0247,2026-01-08T20:39:00,237.8,retail,City-2,D1,card,1850
TX003810,C0147,2026-03-01T06:10:00,214.57,travel,City-2,D0,card,1080
TX003811,C0121,2026-01-28T16:04:00,163.75,travel,City-1,D1,card,1936
TX003812,C0276,2026-02-02T01:40:00,89.48,cash,City-1,D0,card,548
TX003813,C0138,2026-03-31T14:29:00,360.78,grocery,City-3,D0,card,1350
TX003814,C0150,2026-02-04T06:13:00,268.15,grocery,City-0,D0,card,568
TX003815,C0192,2026-02-06T23:48:00,83.58,travel,City-2,D0,card,290
TX003816,C0245,2026-02-01T11:03:00,432.74,retail,City-0,D2,card,61
TX003817,C0104,2026-03-24T08:51:00,149.48,cash,City-4,D2,card,141
TX003818,C0025,2026-01-02T04:01:00,67.73,retail,City-0,D1,card,1240
TX003819,C0111,2026-03-26T14:48:00,194.09,cash,City-1,D0,card,108
TX003820,C0271,2026-01-03T00:46:00,49.91,retail,City-1,D1,card,505
TX003821,C0082,2026-03-18T20:35:00,142.51,travel,City-2,D1,card,683
TX003822,C0170,2026-03-24T15:27:00,111.02,cash,City-0,D2,card,282
TX003823,C0167,2026-02-22T22:16:00,270.69,grocery,City-2,D2,card,49
TX003824,C0116,2026-01-18T21:18:00,463.56,retail,City-1,D2,card,270
TX003825,C0227,2026-02-14T17:51:00,358.66,travel,City-2,D2,card,1280
TX003826,C0196,2026-03-02T12:16:00,410.66,grocery,City-1,D1,card,1432
TX003827,C0041,2026-03-19T16:33:00,483.73,travel,City-1,D2,card,1335
TX003828,C0144,2026-03-14T12:58:00,205.0,grocery,City-4,D0,card,737
TX003829,C0037,2026-01-27T12:34:00,179.42,cash,City-2,D1,card,1731
TX003830,C0068,2026-02-07T20:12:00,28.41,retail,City-3,D2,card,312
TX003831,C0212,2026-03-31T20:05:00,74.79,grocery,City-2,D2,card,1172
TX003832,C0113,2026-01-16T10:51:00,203.54,retail,City-3,D2,card,775
TX003833,C0248,2026-03-28T19:50:00,146.6,grocery,City-3,D2,card,176
TX003834,C0031,2026-01-28T02:13:00,347.72,cash,City-1,D1,card,969
TX003835,C0218,2026-03-17T05:54:00,314.89,retail,City-3,D2,card,1703
TX003836,C0214,2026-01-19T20:58:00,329.64,cash,City-4,D1,card,1531
TX003837,C0101,2026-03-17T09:24:00,362.25,retail,City-1,D2,card,288
TX003838,C0017,2026-01-18T19:03:00,51.13,travel,City-2,D2,card,1536
TX003839,C0296,2026-03-14T11:27:00,446.14,grocery,City-1,D2,card,1872
TX003840,C0234,2026-03-14T03:36:00,204.67,travel,City-4,D0,card,1758
TX003841,C0234,2026-01-02T18:05:00,677.41,travel,City-4,D0,card,699
TX003842,C0109,2026-01-27T08:38:00,494.18,travel,City-4,D1,card,1740
TX003843,C0065,2026-02-02T03:28:00,367.13,travel,City-0,D2,card,1035
TX003844,C0295,2026-02-09T14:33:00,362.89,grocery,City-0,D1,card,1534
TX003845,C0013,2026-02-08T20:56:00,275.26,retail,City-3,D1,card,762
TX003846,C0076,2026-01-13T10:58:00,147.26,cash,City-1,D1,card,962
TX003847,C0075,2026-03-31T02:40:00,163.28,retail,City-0,D0,card,572
TX003848,C0218,2026-03-28T14:16:00,538.44,grocery,City-3,D2,card,1705
TX003849,C0063,2026-03-21T03:02:00,116.78,grocery,City-3,D0,card,1208
TX003850,C0049,2026-02-19T12:39:00,70.89,retail,City-4,D1,card,581
TX003851,C0183,2026-01-08T16:17:00,176.64,grocery,City-3,D0,card,210
TX003852,C0199,2026-01-22T04:05:00,124.63,cash,City-4,D1,card,1917
TX003853,C0018,2026-03-26T05:18:00,314.42,retail,City-3,D0,card,1679
TX003854,C0026,2026-03-14T10:18:00,139.17,travel,City-1,D2,card,1390
TX003855,C0046,2026-01-13T20:56:00,214.59,grocery,City-1,D1,card,125
TX003856,C0049,2026-03-10T18:17:00,72.41,grocery,City-4,D1,card,716
TX003857,C0032,2026-02-06T14:08:00,63.35,cash,City-2,D2,card,777
TX003858,C0278,2026-03-28T16:08:00,219.7,grocery,City-3,D2,card,1761
TX003859,C0065,2026-01-29T04:18:00,486.43,travel,City-0,D2,card,578
TX003860,C0227,2026-02-14T02:47:00,126.05,retail,City-2,D2,card,1419
TX003861,C0063,2026-02-26T01:46:00,323.34,retail,City-3,D0,card,393
TX003862,C0226,2026-03-30T01:41:00,43.24,travel,City-1,D1,card,697
TX003863,C0293,2026-01-05T01:38:00,51.33,travel,City-3,D2,card,1677
TX003864,C0270,2026-03-06T21:56:00,555.94,grocery,City-3,D1719,card,1817
TX003865,C0132,2026-01-20T02:03:00,2624.52,grocery,City-15,D3254,card,1735
TX003866,C0108,2026-01-02T04:53:00,27.67,cash,City-3,D0,card,89
TX003867,C0093,2026-03-07T05:55:00,124.36,cash,City-3,D0,card,1025
TX003868,C0241,2026-03-21T15:13:00,255.55,cash,City-1,D1,card,471
TX003869,C0124,2026-02-16T03:05:00,31.46,cash,City-4,D1,card,380
TX003870,C0116,2026-03-18T01:49:00,198.59,travel,City-1,D2,card,498
TX003871,C0224,2026-01-12T12:46:00,132.61,retail,City-4,D2,card,244
TX003872,C0056,2026-03-28T10:03:00,166.4,retail,City-1,D2,card,1714
TX003873,C0179,2026-02-03T01:59:00,621.08,travel,City-4,D2,card,1331
TX003874,C0299,2026-02-02T06:59:00,257.3,travel,City-4,D2,card,1763
TX003875,C0095,2026-02-26T00:43:00,316.97,retail,City-0,D2,card,941
TX003876,C0022,2026-03-03T23:32:00,400.82,travel,City-2,D1,card,1406
TX003877,C0199,2026-01-24T14:15:00,486.51,grocery,City-4,D1,card,75
TX003878,C0214,2026-01-02T08:39:00,258.93,travel,City-4,D1,card,290
TX003879,C0240,2026-02-20T07:48:00,545.61,travel,City-0,D0,card,1623
TX003880,C0112,2026-01-14T05:02:00,230.14,cash,City-2,D1,card,743
TX003881,C0069,2026-02-14T14:28:00,161.19,grocery,City-4,D0,card,733
TX003882,C0183,2026-03-05T10:53:00,398.51,cash,City-3,D0,card,1929
TX003883,C0237,2026-01-27T12:37:00,500.8,travel,City-2,D0,card,996
TX003884,C0258,2026-01-08T21:32:00,63.38,travel,City-3,D0,card,439
TX003885,C0263,2026-02-26T09:33:00,55.11,travel,City-3,D2,card,1967
TX003886,C0083,2026-01-23T00:28:00,98.54,retail,City-3,D2,card,256
TX003887,C0139,2026-03-08T13:07:00,138.91,travel,City-4,D1,card,1070
TX003888,C0071,2026-03-27T22:21:00,282.18,grocery,City-1,D2,card,756
TX003889,C0287,2026-02-16T12:13:00,78.86,cash,City-2,D2,card,791
TX003890,C0012,2026-03-21T18:12:00,227.8,retail,City-2,D0,card,1231
TX003891,C0155,2026-02-02T00:44:00,335.64,cash,City-0,D2,card,1597
TX003892,C0256,2026-03-27T21:18:00,321.06,cash,City-1,D1,card,1457
TX003893,C0211,2026-01-15T06:24:00,304.87,retail,City-1,D1,card,324
TX003894,C0222,2026-03-20T03:22:00,220.16,travel,City-2,D0,card,414
TX003895,C0238,2026-03-12T16:41:00,31.16,grocery,City-3,D1,card,185
TX003896,C0280,2026-01-10T01:46:00,17.26,cash,City-0,D1,card,869
TX003897,C0105,2026-01-31T08:01:00,353.32,travel,City-0,D0,card,1096
TX003898,C0113,2026-01-15T18:45:00,150.9,travel,City-3,D2,card,1105
TX003899,C0289,2026-01-10T23:02:00,53.33,cash,City-4,D1,card,572
TX003900,C0048,2026-02-26T14:42:00,489.43,retail,City-3,D0,card,1323
TX003901,C0227,2026-02-05T10:50:00,291.29,travel,City-2,D2,card,880
TX003902,C0194,2026-03-24T08:33:00,83.3,travel,City-4,D2,card,1637
TX003903,C0298,2026-01-10T08:27:00,372.86,retail,City-3,D1,card,1006
TX003904,C0124,2026-02-05T02:58:00,35.78,grocery,City-4,D1,card,1932
TX003905,C0299,2026-03-18T03:51:00,437.52,travel,City-4,D2,card,1302
TX003906,C0116,2026-03-21T19:37:00,224.13,cash,City-1,D2,card,1177
TX003907,C0283,2026-01-10T06:07:00,133.18,grocery,City-3,D1,card,1124
TX003908,C0163,2026-01-18T19:17:00,64.51,cash,City-3,D1,card,1360
TX003909,C0140,2026-02-24T09:31:00,211.63,retail,City-0,D2,card,1065
TX003910,C0282,2026-02-11T13:15:00,125.49,grocery,City-2,D0,card,1525
TX003911,C0043,2026-01-10T23:27:00,876.81,cash,City-14,D9423,card,867
TX003912,C0171,2026-01-14T08:48:00,167.29,grocery,City-1,D0,card,1965
TX003913,C0161,2026-01-13T22:48:00,334.52,retail,City-1,D2,card,1360
TX003914,C0275,2026-02-09T02:44:00,119.33,grocery,City-0,D2,card,1234
TX003915,C0027,2026-03-01T18:02:00,469.78,travel,City-10,D4089,card,44
TX003916,C0008,2026-02-06T16:58:00,25.34,travel,City-3,D2,card,1199
TX003917,C0167,2026-03-14T14:55:00,470.79,travel,City-2,D2,card,1802
TX003918,C0171,2026-01-16T04:25:00,356.62,grocery,City-1,D0,card,325
TX003919,C0147,2026-03-23T12:46:00,316.24,retail,City-2,D0,card,1673
TX003920,C0217,2026-01-27T15:14:00,96.24,travel,City-2,D1,card,1185
TX003921,C0014,2026-02-22T16:27:00,129.56,cash,City-4,D2,card,149
TX003922,C0280,2026-02-03T04:19:00,58.06,cash,City-0,D1,card,1489
TX003923,C0194,2026-03-20T15:56:00,112.98,cash,City-4,D2,card,1008
TX003924,C0198,2026-03-25T11:12:00,80.67,retail,City-3,D0,card,696
TX003925,C0165,2026-01-15T22:00:00,186.52,cash,City-0,D0,card,1395
TX003926,C0195,2026-02-15T09:16:00,73.48,retail,City-0,D0,card,816
TX003927,C0247,2026-03-27T10:39:00,477.92,travel,City-2,D1,card,296
TX003928,C0120,2026-02-09T03:54:00,408.02,grocery,City-0,D0,card,242
TX003929,C0120,2026-03-25T12:21:00,216.26,cash,City-0,D0,card,593
TX003930,C0049,2026-03-11T16:38:00,56.2,retail,City-4,D1,card,779
TX003931,C0122,2026-01-17T00:25:00,76.34,retail,City-2,D2,card,139
TX003932,C0187,2026-01-01T02:53:00,56.01,retail,City-2,D1,card,1580
TX003933,C0229,2026-03-14T09:12:00,283.8,travel,City-2,D6822,card,242
TX003934,C0077,2026-03-20T13:08:00,251.6,retail,City-2,D2,card,1159
TX003935,C0126,2026-01-06T06:32:00,95.35,travel,City-1,D0,card,1361
TX003936,C0063,2026-02-11T19:23:00,494.56,travel,City-3,D0,card,142
TX003937,C0280,2026-01-02T03:59:00,733.54,cash,City-1,D7768,card,1247
TX003938,C0091,2026-01-26T17:27:00,309.89,travel,City-1,D1,card,1382
TX003939,C0003,2026-03-22T14:42:00,225.77,cash,City-3,D0,card,337
TX003940,C0275,2026-01-30T15:31:00,111.88,travel,City-0,D2,card,178
TX003941,C0044,2026-03-11T03:55:00,162.78,retail,City-4,D2,card,1871
TX003942,C0267,2026-02-09T02:49:00,86.71,retail,City-2,D0,card,1077
TX003943,C0168,2026-03-19T10:49:00,271.25,retail,City-3,D0,card,894
TX003944,C0297,2026-03-22T10:01:00,184.85,retail,City-2,D0,card,941
TX003945,C0165,2026-02-03T13:35:00,144.09,cash,City-0,D0,card,1516
TX003946,C0280,2026-02-08T20:35:00,45.14,travel,City-0,D1,card,32
TX003947,C0097,2026-01-11T04:38:00,45.6,grocery,City-2,D1,card,1641
TX003948,C0117,2026-03-08T07:48:00,706.6,travel,City-2,D0,card,1926
TX003949,C0210,2026-01-25T04:42:00,342.49,cash,City-0,D0,card,1794
TX003950,C0245,2026-01-10T05:04:00,306.74,retail,City-0,D2,card,1238
TX003951,C0172,2026-02-23T14:46:00,158.04,cash,City-2,D1,card,1706
TX003952,C0192,2026-01-08T14:48:00,46.41,travel,City-2,D0,card,469
TX003953,C0103,2026-03-29T23:55:00,676.69,travel,City-3,D1,card,1825
TX003954,C0098,2026-02-04T09:25:00,92.1,grocery,City-3,D2,card,1751
TX003955,C0113,2026-03-16T09:31:00,285.37,grocery,City-3,D2,card,1275
TX003956,C0243,2026-01-13T19:19:00,516.73,grocery,City-3,D0,card,1542
TX003957,C0004,2026-01-16T14:16:00,87.99,travel,City-4,D1,card,645
TX003958,C0134,2026-03-21T17:14:00,79.91,grocery,City-4,D2,card,789
TX003959,C0202,2026-03-28T04:40:00,1746.62,cash,City-6,D9029,card,824
TX003960,C0026,2026-03-31T06:40:00,178.58,retail,City-1,D2,card,689
TX003961,C0224,2026-03-17T08:27:00,97.99,cash,City-4,D2,card,478
TX003962,C0061,2026-02-08T13:29:00,127.01,travel,City-1,D1,card,1091
TX003963,C0146,2026-02-23T13:01:00,199.26,travel,City-1,D2,card,756
TX003964,C0216,2026-03-04T22:54:00,48.07,travel,City-1,D0,card,90
TX003965,C0205,2026-01-17T04:12:00,114.65,cash,City-0,D1,card,1715
TX003966,C0226,2026-01-09T01:41:00,45.85,travel,City-1,D1,card,205
TX003967,C0037,2026-03-14T05:35:00,447.46,travel,City-2,D1,card,756
TX003968,C0057,2026-01-03T11:17:00,143.13,travel,City-2,D0,card,990
TX003969,C0089,2026-03-29T13:45:00,2473.02,retail,City-16,D5564,card,72
TX003970,C0231,2026-03-10T21:23:00,214.94,travel,City-1,D0,card,735
TX003971,C0087,2026-02-05T23:47:00,2455.91,travel,City-1,D1111,card,1827
TX003972,C0009,2026-01-24T21:32:00,392.14,cash,City-4,D0,card,1499
TX003973,C0140,2026-01-05T04:42:00,161.98,grocery,City-0,D2,card,719
TX003974,C0135,2026-03-09T19:41:00,28.93,travel,City-0,D0,card,316
TX003975,C0233,2026-03-08T03:01:00,197.83,travel,City-3,D2,card,307
TX003976,C0176,2026-01-04T14:05:00,136.94,cash,City-1,D2,card,216
TX003977,C0265,2026-03-19T18:58:00,75.72,retail,City-0,D1,card,1034
TX003978,C0285,2026-01-26T02:19:00,136.18,travel,City-0,D0,card,978
TX003979,C0071,2026-01-19T01:13:00,115.97,travel,City-1,D2,card,824
TX003980,C0212,2026-02-10T09:34:00,111.84,retail,City-2,D2,card,1622
TX003981,C0254,2026-02-21T01:19:00,97.83,grocery,City-4,D2,card,613
TX003982,C0084,2026-02-28T23:58:00,175.83,travel,City-1,D4715,card,578
TX003983,C0150,2026-02-06T18:07:00,214.77,cash,City-0,D0,card,1587
TX003984,C0213,2026-03-16T07:04:00,244.51,grocery,City-3,D0,card,742
TX003985,C0183,2026-02-08T01:55:00,130.51,travel,City-3,D0,card,768
TX003986,C0275,2026-02-13T22:19:00,200.62,travel,City-0,D2,card,1373
TX003987,C0058,2026-01-09T08:09:00,87.89,cash,City-3,D1,card,220
TX003988,C0039,2026-03-20T05:00:00,564.78,grocery,City-4,D0,card,1057
TX003989,C0151,2026-03-19T09:52:00,264.22,retail,City-1,D1,card,1311
TX003990,C0010,2026-03-19T10:08:00,85.73,travel,City-0,D1,card,1022
TX003991,C0220,2026-02-11T06:53:00,1593.82,travel,City-4,D7594,card,1277
TX003992,C0019,2026-02-17T00:40:00,232.76,cash,City-4,D1,card,1180
TX003993,C0125,2026-03-12T03:59:00,2607.77,grocery,City-5,D6300,card,1302
TX003994,C0296,2026-03-12T07:59:00,532.02,grocery,City-1,D2,card,1938
TX003995,C0211,2026-01-16T11:39:00,294.79,cash,City-1,D1,card,437
TX003996,C0049,2026-03-17T12:04:00,151.15,grocery,City-4,D1,card,51
TX003997,C0276,2026-03-21T06:28:00,243.04,travel,City-1,D0,card,1997
TX003998,C0054,2026-01-10T09:46:00,457.25,travel,City-4,D0,card,257
TX003999,C0019,2026-01-13T19:58:00,401.61,cash,City-4,D1,card,116
TX004000,C0111,2026-03-14T19:38:00,221.69,cash,City-1,D0,card,1341
TX004001,C0024,2026-02-12T05:24:00,177.39,cash,City-4,D0,card,37
TX004002,C0152,2026-02-11T03:07:00,60.57,cash,City-2,D2,card,333
TX004003,C0175,2026-01-14T07:17:00,40.03,grocery,City-0,D1,card,135
TX004004,C0017,2026-02-23T15:00:00,65.85,retail,City-2,D2,card,1537
TX004005,C0069,2026-02-19T10:21:00,153.51,travel,City-4,D0,card,1012
TX004006,C0215,2026-03-14T19:41:00,299.15,grocery,City-0,D2,card,1440
TX004007,C0107,2026-03-10T08:06:00,149.03,travel,City-2,D2,card,842
TX004008,C0094,2026-02-22T09:25:00,253.93,travel,City-4,D1,card,369
TX004009,C0164,2026-02-10T22:19:00,273.26,retail,City-4,D2,card,615
TX004010,C0040,2026-03-31T19:49:00,166.17,grocery,City-0,D1,card,1763
TX004011,C0091,2026-02-23T01:50:00,382.98,travel,City-1,D1,card,1036
TX004012,C0073,2026-01-05T04:33:00,133.17,cash,City-3,D1,card,554
TX004013,C0020,2026-01-28T00:23:00,348.66,retail,City-0,D2,card,1316
TX004014,C0259,2026-01-30T00:25:00,332.58,cash,City-4,D1,card,1622
TX004015,C0218,2026-02-20T04:47:00,250.83,travel,City-3,D2,card,1934
TX004016,C0284,2026-03-02T22:35:00,246.11,grocery,City-4,D2,card,119
TX004017,C0246,2026-03-10T10:30:00,520.48,cash,City-1,D0,card,706
TX004018,C0093,2026-01-06T10:07:00,154.39,travel,City-3,D0,card,1580
TX004019,C0086,2026-02-11T06:11:00,412.82,cash,City-1,D2,card,762
TX004020,C0238,2026-01-24T01:38:00,30.84,cash,City-3,D1,card,1340
TX004021,C0223,2026-03-04T21:57:00,626.42,travel,City-3,D1,card,234
TX004022,C0155,2026-01-19T18:28:00,266.43,retail,City-0,D2,card,447
TX004023,C0181,2026-03-26T02:37:00,402.56,cash,City-1,D1,card,1522
TX004024,C0095,2026-01-17T12:45:00,226.17,grocery,City-0,D2,card,115
TX004025,C0244,2026-01-01T13:47:00,593.6,cash,City-4,D1,card,1461
TX004026,C0060,2026-01-06T09:47:00,190.7,grocery,City-0,D0,card,974
TX004027,C0097,2026-02-25T15:30:00,86.16,travel,City-2,D1,card,1022
TX004028,C0095,2026-02-06T13:12:00,133.1,travel,City-0,D2,card,1614
TX004029,C0167,2026-03-12T01:43:00,2001.52,retail,City-1,D2232,card,956
TX004030,C0143,2026-02-09T08:36:00,182.75,grocery,City-3,D2,card,762
TX004031,C0283,2026-02-07T14:31:00,1322.57,cash,City-17,D1050,card,60
TX004032,C0270,2026-02-27T04:03:00,28.08,travel,City-0,D0,card,427
TX004033,C0107,2026-03-04T06:42:00,129.62,retail,City-2,D2,card,1097
TX004034,C0298,2026-01-19T14:14:00,306.14,cash,City-3,D1,card,67
TX004035,C0128,2026-03-10T11:10:00,72.73,retail,City-3,D2,card,285
TX004036,C0079,2026-02-26T11:03:00,295.02,grocery,City-4,D1,card,204
TX004037,C0263,2026-02-07T22:47:00,42.0,cash,City-3,D2,card,916
TX004038,C0259,2026-03-14T01:48:00,520.02,retail,City-4,D1,card,1478
TX004039,C0058,2026-02-04T10:10:00,74.25,cash,City-3,D1,card,660
TX004040,C0216,2026-03-10T22:13:00,71.91,cash,City-1,D0,card,1931
TX004041,C0005,2026-03-06T19:46:00,180.13,retail,City-0,D2,card,1492
TX004042,C0081,2026-03-30T23:55:00,241.18,travel,City-1,D0,card,1630
TX004043,C0017,2026-02-08T19:44:00,49.23,grocery,City-2,D2,card,1103
TX004044,C0065,2026-01-30T13:03:00,266.37,cash,City-0,D2,card,384
TX004045,C0276,2026-03-13T18:17:00,144.81,retail,City-1,D0,card,723
TX004046,C0170,2026-01-18T01:46:00,325.34,travel,City-0,D2,card,226
TX004047,C0000,2026-02-13T06:45:00,406.35,grocery,City-0,D0,card,893
TX004048,C0043,2026-02-19T09:58:00,1974.49,retail,City-3,D9146,card,1238
TX004049,C0196,2026-03-31T21:40:00,302.08,retail,City-1,D1,card,1256
TX004050,C0273,2026-03-21T04:05:00,177.93,grocery,City-3,D0,card,433
TX004051,C0287,2026-01-11T10:03:00,146.58,travel,City-2,D2,card,1808
TX004052,C0004,2026-01-02T20:23:00,53.38,grocery,City-4,D1,card,957
TX004053,C0064,2026-02-09T18:28:00,430.59,cash,City-4,D1,card,859
TX004054,C0185,2026-03-07T17:23:00,360.42,travel,City-0,D2,card,1481
TX004055,C0004,2026-02-13T21:28:00,106.32,cash,City-4,D1,card,1862
TX004056,C0099,2026-03-14T06:18:00,446.4,retail,City-4,D0,card,1489
TX004057,C0116,2026-03-03T17:24:00,553.79,grocery,City-1,D2,card,1104
TX004058,C0144,2026-02-01T07:27:00,176.6,retail,City-4,D0,card,1171
TX004059,C0172,2026-03-20T23:58:00,2888.53,retail,City-17,D4065,card,1534
TX004060,C0010,2026-02-14T04:39:00,179.95,retail,City-0,D1,card,1236
TX004061,C0057,2026-01-23T04:00:00,124.62,cash,City-2,D0,card,1466
TX004062,C0290,2026-03-08T05:55:00,356.6,travel,City-0,D2,card,511
TX004063,C0160,2026-03-01T05:13:00,137.53,retail,City-0,D1,card,1569
TX004064,C0123,2026-01-05T05:40:00,252.45,retail,City-3,D0,card,1282
TX004065,C0284,2026-01-07T17:09:00,2026.75,cash,City-4,D1185,card,718
TX004066,C0174,2026-03-07T15:56:00,75.64,retail,City-4,D0,card,1726
TX004067,C0053,2026-03-27T09:15:00,379.08,cash,City-3,D2,card,951
TX004068,C0148,2026-01-30T01:28:00,230.99,cash,City-3,D1,card,1958
TX004069,C0016,2026-03-21T02:23:00,440.1,travel,City-1,D1,card,1652
TX004070,C0240,2026-02-02T06:42:00,114.82,grocery,City-0,D0,card,642
TX004071,C0170,2026-01-10T14:09:00,181.72,retail,City-0,D2,card,1537
TX004072,C0284,2026-03-24T22:15:00,1778.01,travel,City-11,D9242,card,1331
TX004073,C0173,2026-01-09T17:38:00,375.61,cash,City-3,D2,card,1913
TX004074,C0126,2026-01-21T19:46:00,116.39,travel,City-1,D0,card,311
TX004075,C0180,2026-02-02T15:55:00,456.34,cash,City-0,D0,card,1926
TX004076,C0148,2026-01-27T14:14:00,585.02,cash,City-3,D1,card,957
TX004077,C0204,2026-02-28T23:34:00,8.75,cash,City-4,D0,card,1133
TX004078,C0158,2026-02-24T14:18:00,622.81,cash,City-3,D2,card,344
TX004079,C0061,2026-02-24T14:28:00,241.11,grocery,City-1,D1,card,1101
TX004080,C0107,2026-01-23T16:27:00,193.98,grocery,City-2,D2,card,1564
TX004081,C0070,2026-01-07T12:50:00,89.35,grocery,City-0,D1,card,1844
TX004082,C0087,2026-03-12T11:01:00,326.98,cash,City-2,D0,card,926
TX004083,C0208,2026-03-28T15:52:00,115.78,travel,City-3,D1,card,702
TX004084,C0248,2026-02-28T04:05:00,85.55,retail,City-3,D2,card,1578
TX004085,C0220,2026-01-09T05:07:00,97.81,grocery,City-0,D1,card,1191
TX004086,C0189,2026-02-01T06:11:00,117.51,travel,City-4,D0,card,1150
TX004087,C0150,2026-01-01T17:42:00,401.59,cash,City-0,D0,card,942
TX004088,C0098,2026-02-14T22:24:00,103.17,travel,City-3,D2,card,1738
TX004089,C0200,2026-02-06T07:10:00,315.24,grocery,City-0,D2,card,859
TX004090,C0074,2026-02-02T22:07:00,44.97,retail,City-4,D2,card,396
TX004091,C0163,2026-01-22T16:39:00,36.81,grocery,City-3,D1,card,1437
TX004092,C0204,2026-01-18T00:21:00,27.24,cash,City-4,D0,card,1895
TX004093,C0026,2026-01-17T01:36:00,154.72,retail,City-1,D2,card,1261
TX004094,C0061,2026-01-13T06:39:00,154.84,travel,City-1,D1,card,1097
TX004095,C0043,2026-01-15T10:26:00,145.24,cash,City-3,D1,card,744
TX004096,C0244,2026-02-06T00:25:00,348.58,travel,City-4,D1,card,1766
TX004097,C0108,2026-03-05T03:34:00,937.75,retail,City-2,D8915,card,1080
TX004098,C0184,2026-03-12T05:29:00,831.63,retail,City-4,D1,card,148
TX004099,C0149,2026-03-26T01:34:00,44.66,grocery,City-4,D2,card,272
TX004100,C0053,2026-03-10T15:30:00,226.42,travel,City-3,D2,card,65
TX004101,C0158,2026-02-09T04:16:00,274.66,travel,City-3,D2,card,517
TX004102,C0122,2026-03-19T08:58:00,75.13,grocery,City-2,D2,card,38
TX004103,C0100,2026-03-17T22:51:00,114.22,cash,City-0,D1,card,1666
TX004104,C0020,2026-02-20T20:51:00,362.32,travel,City-0,D2,card,441
TX004105,C0145,2026-03-09T12:11:00,165.0,cash,City-0,D1,card,404
TX004106,C0102,2026-01-13T18:17:00,981.44,cash,City-11,D6895,card,497
TX004107,C0097,2026-01-16T23:13:00,30.3,travel,City-2,D1,card,1031
TX004108,C0016,2026-03-17T18:45:00,186.13,travel,City-1,D1,card,842
TX004109,C0121,2026-01-04T04:05:00,261.2,grocery,City-1,D1,card,1222
TX004110,C0087,2026-02-01T10:32:00,234.77,travel,City-2,D0,card,511
TX004111,C0227,2026-03-26T14:03:00,92.01,travel,City-2,D2,card,409
TX004112,C0115,2026-03-15T08:13:00,795.45,retail,City-0,D1,card,1428
TX004113,C0191,2026-02-07T03:17:00,74.95,retail,City-1,D2,card,1589
TX004114,C0246,2026-02-20T02:20:00,166.14,grocery,City-1,D0,card,1803
TX004115,C0060,2026-03-31T23:02:00,419.52,grocery,City-0,D0,card,314
TX004116,C0109,2026-03-28T08:20:00,949.16,grocery,City-4,D1,card,1899
TX004117,C0076,2026-02-15T07:21:00,123.47,travel,City-1,D1,card,390
TX004118,C0133,2026-02-16T02:39:00,109.33,cash,City-3,D1,card,1602
TX004119,C0017,2026-01-05T19:21:00,29.4,grocery,City-2,D2,card,1699
TX004120,C0041,2026-01-19T04:06:00,616.25,grocery,City-1,D2,card,789
TX004121,C0013,2026-02-15T01:43:00,4911.34,travel,City-15,D3802,card,448
TX004122,C0234,2026-01-21T02:01:00,259.83,grocery,City-4,D0,card,1042
TX004123,C0104,2026-03-01T19:25:00,514.26,grocery,City-4,D2,card,806
TX004124,C0289,2026-01-24T22:05:00,33.1,grocery,City-4,D1,card,1703
TX004125,C0054,2026-02-22T18:06:00,309.46,retail,City-4,D0,card,1859
TX004126,C0105,2026-02-07T22:38:00,259.15,travel,City-0,D0,card,1221
TX004127,C0022,2026-02-10T10:09:00,473.16,retail,City-2,D1,card,41
TX004128,C0103,2026-01-02T18:02:00,615.2,cash,City-3,D1,card,993
TX004129,C0180,2026-03-24T14:36:00,424.59,cash,City-0,D0,card,1451
TX004130,C0182,2026-02-12T22:31:00,375.96,grocery,City-2,D2,card,425
TX004131,C0196,2026-01-02T13:49:00,227.86,travel,City-1,D1,card,1102
TX004132,C0041,2026-01-21T00:31:00,238.93,retail,City-1,D2,card,1908
TX004133,C0265,2026-02-12T18:32:00,80.78,grocery,City-0,D1,card,1254
TX004134,C0111,2026-03-02T16:06:00,65.99,cash,City-1,D0,card,469
TX004135,C0287,2026-02-02T14:42:00,152.1,cash,City-2,D2,card,1409
TX004136,C0189,2026-01-28T08:09:00,68.87,grocery,City-4,D0,card,453
TX004137,C0074,2026-03-28T13:14:00,108.0,grocery,City-4,D2,card,820
TX004138,C0117,2026-01-08T02:43:00,359.18,grocery,City-2,D0,card,1868
TX004139,C0140,2026-03-31T03:40:00,112.43,cash,City-0,D2,card,948
TX004140,C0060,2026-02-18T16:52:00,429.84,travel,City-0,D0,card,358
TX004141,C0167,2026-03-21T16:14:00,311.87,travel,City-2,D2,card,1845
TX004142,C0165,2026-03-08T09:56:00,187.05,grocery,City-0,D0,card,940
TX004143,C0285,2026-01-31T18:00:00,183.28,grocery,City-0,D0,card,836
TX004144,C0102,2026-03-12T00:57:00,116.62,cash,City-2,D0,card,508
TX004145,C0012,2026-01-03T19:42:00,271.25,grocery,City-2,D0,card,1868
TX004146,C0181,2026-02-08T01:57:00,210.47,retail,City-1,D1,card,804
TX004147,C0191,2026-02-22T11:33:00,157.45,cash,City-1,D2,card,1818
TX004148,C0212,2026-02-08T03:15:00,196.98,cash,City-2,D2,card,1608
TX004149,C0026,2026-01-25T06:29:00,147.57,retail,City-1,D2,card,162
TX004150,C0137,2026-01-29T18:28:00,213.43,cash,City-2,D2,card,554
TX004151,C0048,2026-03-29T16:45:00,533.42,grocery,City-3,D0,card,800
TX004152,C0216,2026-01-17T12:12:00,130.4,cash,City-1,D0,card,1750
TX004153,C0129,2026-01-05T03:10:00,229.86,cash,City-4,D0,card,1379
TX004154,C0193,2026-02-16T02:36:00,185.81,cash,City-3,D1,card,110
TX004155,C0037,2026-03-10T13:11:00,231.45,travel,City-2,D1,card,869
TX004156,C0164,2026-03-08T10:28:00,301.13,retail,City-4,D2,card,448
TX004157,C0207,2026-03-12T10:13:00,281.2,travel,City-2,D0,card,967
TX004158,C0190,2026-02-08T14:14:00,551.24,retail,City-0,D1,card,1253
TX004159,C0075,2026-01-22T05:54:00,70.64,travel,City-0,D0,card,1340
TX004160,C0267,2026-01-18T16:24:00,132.09,retail,City-2,D0,card,1106
TX004161,C0116,2026-03-22T15:27:00,201.77,retail,City-1,D2,card,1015
TX004162,C0067,2026-02-06T01:13:00,111.0,grocery,City-2,D1,card,1053
TX004163,C0265,2026-01-13T11:44:00,121.04,travel,City-0,D1,card,69
TX004164,C0172,2026-02-11T02:58:00,288.09,retail,City-2,D1,card,177
TX004165,C0015,2026-02-06T13:00:00,120.96,cash,City-0,D0,card,1507
TX004166,C0207,2026-02-02T18:15:00,456.78,grocery,City-2,D0,card,209
TX004167,C0294,2026-02-17T13:31:00,315.16,travel,City-4,D0,card,481
TX004168,C0214,2026-01-21T08:13:00,323.91,retail,City-4,D1,card,1462
TX004169,C0070,2026-02-27T15:55:00,49.45,grocery,City-0,D1,card,1762
TX004170,C0212,2026-03-12T19:12:00,1418.67,cash,City-12,D3612,card,32
TX004171,C0058,2026-01-14T07:51:00,72.37,cash,City-3,D1,card,1447
TX004172,C0271,2026-01-17T06:47:00,67.53,retail,City-1,D1,card,1311
TX004173,C0028,2026-02-14T17:33:00,74.74,retail,City-3,D1,card,1039
TX004174,C0144,2026-03-23T13:18:00,176.6,travel,City-4,D0,card,642
TX004175,C0000,2026-02-13T15:51:00,190.5,cash,City-0,D0,card,1098
TX004176,C0210,2026-03-06T09:16:00,288.45,retail,City-0,D0,card,900
TX004177,C0120,2026-03-11T16:17:00,161.34,retail,City-0,D0,card,1008
TX004178,C0283,2026-01-16T20:11:00,97.91,cash,City-3,D1,card,382
TX004179,C0128,2026-02-27T02:25:00,42.0,cash,City-3,D2,card,1681
TX004180,C0001,2026-02-04T10:54:00,211.61,cash,City-1,D1,card,1171
TX004181,C0277,2026-03-07T20:22:00,469.59,grocery,City-2,D1,card,151
TX004182,C0297,2026-03-15T21:16:00,388.62,travel,City-2,D0,card,502
TX004183,C0118,2026-01-06T11:06:00,77.88,retail,City-3,D1,card,162
TX004184,C0278,2026-01-16T15:56:00,171.65,cash,City-3,D2,card,1837
TX004185,C0124,2026-01-07T00:25:00,51.72,travel,City-4,D1,card,1544
TX004186,C0228,2026-01-08T20:05:00,193.47,retail,City-3,D0,card,77
TX004187,C0290,2026-02-02T19:24:00,211.51,retail,City-0,D2,card,790
TX004188,C0194,2026-03-25T17:26:00,76.0,travel,City-4,D2,card,478
TX004189,C0038,2026-03-07T04:35:00,2282.67,retail,City-7,D1464,card,1085
TX004190,C0037,2026-01-22T14:25:00,161.34,cash,City-2,D1,card,1513
TX004191,C0297,2026-01-08T23:59:00,507.45,retail,City-2,D0,card,481
TX004192,C0089,2026-03-02T08:13:00,249.4,grocery,City-4,D2,card,1229
TX004193,C0051,2026-02-15T14:28:00,24.98,grocery,City-1,D0,card,1805
TX004194,C0279,2026-02-08T19:04:00,412.71,grocery,City-4,D0,card,1114
TX004195,C0085,2026-01-15T03:05:00,320.28,grocery,City-17,D8518,card,1842
TX004196,C0188,2026-03-21T20:16:00,520.53,grocery,City-3,D2,card,1753
TX004197,C0152,2026-01-10T09:12:00,45.98,cash,City-2,D2,card,1842
TX004198,C0120,2026-03-10T10:20:00,190.31,grocery,City-0,D0,card,83
TX004199,C0256,2026-01-25T21:45:00,950.77,cash,City-1,D1,card,34
TX004200,C0252,2026-01-19T17:13:00,252.79,cash,City-2,D0,card,309
TX004201,C0069,2026-01-08T08:58:00,379.45,grocery,City-4,D0,card,1721
TX004202,C0110,2026-01-29T08:02:00,123.9,travel,City-0,D2,card,1976
TX004203,C0232,2026-02-02T10:26:00,419.41,travel,City-2,D1,card,1825
TX004204,C0071,2026-02-08T04:38:00,320.96,retail,City-1,D2,card,1533
TX004205,C0072,2026-03-19T16:47:00,294.56,cash,City-2,D0,card,161
TX004206,C0267,2026-02-23T20:58:00,68.7,grocery,City-2,D0,card,1311
TX004207,C0254,2026-02-18T18:44:00,62.89,grocery,City-4,D2,card,422
TX004208,C0283,2026-03-02T23:29:00,135.89,travel,City-3,D1,card,1192
TX004209,C0004,2026-01-16T19:58:00,77.96,travel,City-4,D1,card,566
TX004210,C0206,2026-03-29T13:40:00,65.92,grocery,City-1,D2,card,867
TX004211,C0250,2026-01-01T01:11:00,274.64,grocery,City-0,D1,card,1742
TX004212,C0194,2026-02-18T15:36:00,58.45,travel,City-4,D2,card,1143
TX004213,C0109,2026-01-25T10:30:00,546.39,grocery,City-4,D1,card,222
TX004214,C0280,2026-02-18T03:37:00,35.76,travel,City-0,D1,card,1860
TX004215,C0256,2026-01-24T15:41:00,279.39,travel,City-1,D1,card,263
TX004216,C0008,2026-01-17T17:03:00,111.59,travel,City-3,D2,card,1734
TX004217,C0251,2026-03-15T20:50:00,333.76,cash,City-1,D2,card,1735
TX004218,C0252,2026-02-05T16:26:00,319.27,grocery,City-2,D0,card,379
TX004219,C0270,2026-02-16T09:15:00,49.79,cash,City-0,D0,card,1438
TX004220,C0199,2026-03-28T05:23:00,148.19,grocery,City-4,D1,card,921
TX004221,C0045,2026-03-14T19:31:00,188.46,cash,City-0,D0,card,467
TX004222,C0255,2026-03-30T22:49:00,817.11,cash,City-0,D0,card,1922
TX004223,C0181,2026-03-03T19:54:00,316.55,grocery,City-1,D1,card,474
TX004224,C0095,2026-03-21T15:59:00,136.57,cash,City-0,D2,card,1516
TX004225,C0077,2026-02-26T17:30:00,247.3,retail,City-2,D2,card,834
TX004226,C0155,2026-01-12T08:52:00,245.03,retail,City-0,D2,card,1570
TX004227,C0020,2026-02-07T17:08:00,256.99,travel,City-0,D2,card,339
TX004228,C0093,2026-02-04T06:25:00,190.31,grocery,City-3,D0,card,251
TX004229,C0178,2026-02-10T07:17:00,665.31,travel,City-3,D1,card,1457
TX004230,C0107,2026-03-26T20:35:00,219.89,retail,City-2,D2,card,486
TX004231,C0073,2026-01-06T02:13:00,116.61,grocery,City-3,D1,card,757
TX004232,C0292,2026-03-05T05:34:00,164.62,retail,City-2,D1,card,1031
TX004233,C0000,2026-01-20T12:13:00,329.9,travel,City-0,D0,card,623
TX004234,C0065,2026-01-24T08:27:00,277.49,grocery,City-0,D2,card,1137
TX004235,C0069,2026-01-01T16:50:00,286.68,travel,City-4,D0,card,1932
TX004236,C0197,2026-01-16T18:31:00,494.69,travel,City-2,D2,card,977
TX004237,C0131,2026-01-29T15:45:00,209.54,retail,City-1,D2,card,1916
TX004238,C0094,2026-01-08T11:42:00,167.93,grocery,City-4,D1,card,1619
TX004239,C0287,2026-03-18T07:04:00,105.17,cash,City-2,D2,card,1444
TX004240,C0286,2026-03-29T02:01:00,352.16,retail,City-15,D2995,card,1453
TX004241,C0139,2026-03-29T11:21:00,42.96,retail,City-4,D1,card,1490
TX004242,C0147,2026-03-30T23:41:00,169.28,cash,City-2,D0,card,60
TX004243,C0174,2026-03-29T03:14:00,60.51,retail,City-4,D0,card,1592
TX004244,C0056,2026-03-08T05:14:00,303.39,cash,City-1,D2,card,1830
TX004245,C0045,2026-03-11T01:12:00,3894.53,grocery,City-1,D8627,card,474
TX004246,C0121,2026-01-02T04:49:00,259.73,cash,City-1,D1,card,117
TX004247,C0190,2026-01-09T20:48:00,748.7,travel,City-0,D1,card,116
TX004248,C0161,2026-03-26T09:24:00,268.29,retail,City-1,D2,card,1034
TX004249,C0067,2026-01-11T06:35:00,122.17,grocery,City-2,D1,card,336
TX004250,C0012,2026-01-10T05:34:00,6822.55,travel,City-6,D8483,card,639
TX004251,C0292,2026-01-02T20:03:00,1359.27,cash,City-10,D1554,card,478
TX004252,C0009,2026-02-22T15:15:00,177.97,retail,City-4,D0,card,1215
TX004253,C0069,2026-02-10T12:52:00,238.8,grocery,City-4,D0,card,1029
TX004254,C0070,2026-03-07T04:10:00,78.33,retail,City-0,D1,card,1188
TX004255,C0269,2026-03-25T19:46:00,43.19,retail,City-4,D2,card,1608
TX004256,C0108,2026-01-08T01:36:00,552.46,cash,City-13,D7739,card,955
TX004257,C0192,2026-02-28T02:00:00,80.78,travel,City-2,D0,card,1748
TX004258,C0104,2026-01-05T02:11:00,6594.25,cash,City-9,D6749,card,382
TX004259,C0282,2026-03-12T14:00:00,83.66,travel,City-2,D0,card,1854
TX004260,C0021,2026-01-26T20:19:00,228.08,retail,City-1,D0,card,1102
TX004261,C0206,2026-01-19T11:34:00,57.04,travel,City-1,D2,card,997
TX004262,C0076,2026-02-17T15:44:00,193.71,travel,City-1,D1,card,1393
TX004263,C0193,2026-03-10T11:21:00,208.93,grocery,City-3,D1,card,914
TX004264,C0181,2026-03-06T11:42:00,266.19,grocery,City-1,D1,card,352
TX004265,C0079,2026-03-03T04:00:00,216.08,retail,City-4,D1,card,313
TX004266,C0120,2026-02-04T11:14:00,214.17,retail,City-0,D0,card,665
TX004267,C0077,2026-03-06T15:36:00,291.63,cash,City-2,D2,card,229
TX004268,C0122,2026-01-30T19:57:00,57.6,cash,City-2,D2,card,1561
TX004269,C0043,2026-02-11T13:16:00,84.28,cash,City-3,D1,card,82
TX004270,C0256,2026-03-19T20:09:00,151.69,retail,City-1,D1,card,1816
TX004271,C0032,2026-01-31T14:05:00,122.14,grocery,City-2,D2,card,557
TX004272,C0171,2026-01-31T15:42:00,433.98,cash,City-1,D0,card,1471
TX004273,C0192,2026-01-12T14:57:00,71.3,grocery,City-2,D0,card,1499
TX004274,C0233,2026-03-08T13:09:00,211.35,cash,City-3,D2,card,848
TX004275,C0236,2026-01-23T03:49:00,251.48,retail,City-1,D2,card,1209
TX004276,C0043,2026-02-10T02:13:00,1537.3,retail,City-15,D4152,card,1751
TX004277,C0001,2026-02-01T00:08:00,147.39,cash,City-1,D1,card,1228
TX004278,C0130,2026-03-14T10:20:00,80.44,grocery,City-0,D1,card,530
TX004279,C0166,2026-01-07T08:26:00,658.47,retail,City-1,D1,card,1932
TX004280,C0234,2026-02-09T09:16:00,154.67,grocery,City-4,D0,card,1280
TX004281,C0142,2026-03-29T08:38:00,506.97,cash,City-2,D1,card,769
TX004282,C0146,2026-03-23T19:55:00,87.02,retail,City-1,D2,card,1357
TX004283,C0179,2026-03-13T20:44:00,335.53,travel,City-4,D2,card,645
TX004284,C0220,2026-01-04T23:47:00,173.91,grocery,City-0,D1,card,939
TX004285,C0232,2026-03-23T15:50:00,266.4,grocery,City-2,D1,card,833
TX004286,C0001,2026-01-11T02:03:00,1105.95,travel,City-8,D6448,card,1618
TX004287,C0013,2026-01-19T14:23:00,299.39,grocery,City-3,D1,card,1313
TX004288,C0296,2026-02-05T20:29:00,466.56,grocery,City-1,D2,card,326
TX004289,C0201,2026-02-27T06:35:00,584.22,grocery,City-1,D0,card,1646
TX004290,C0006,2026-03-05T03:46:00,209.88,grocery,City-1,D0,card,1861
TX004291,C0278,2026-01-11T18:17:00,318.64,retail,City-3,D2,card,447
TX004292,C0093,2026-02-15T06:34:00,102.81,grocery,City-3,D0,card,1241
TX004293,C0285,2026-02-17T19:58:00,388.42,cash,City-0,D0,card,175
TX004294,C0029,2026-01-25T09:34:00,385.28,cash,City-4,D2,card,1571
TX004295,C0105,2026-03-24T22:51:00,620.69,grocery,City-0,D0,card,760
TX004296,C0271,2026-02-01T07:16:00,42.18,grocery,City-1,D1,card,123
TX004297,C0030,2026-03-07T23:05:00,7428.91,grocery,City-17,D1916,card,558
TX004298,C0186,2026-02-21T17:54:00,182.99,retail,City-1,D0,card,415
TX004299,C0150,2026-02-02T22:13:00,469.75,cash,City-0,D0,card,343
TX004300,C0030,2026-01-29T09:04:00,222.78,travel,City-0,D0,card,743
TX004301,C0115,2026-03-06T08:02:00,570.56,cash,City-0,D1,card,1232
TX004302,C0281,2026-03-22T08:37:00,89.43,travel,City-1,D2,card,82
TX004303,C0174,2026-03-19T23:03:00,127.09,cash,City-4,D0,card,1943
TX004304,C0183,2026-01-04T08:27:00,112.68,retail,City-3,D0,card,1368
TX004305,C0049,2026-03-31T00:08:00,40.26,retail,City-4,D1,card,1605
TX004306,C0168,2026-01-18T14:21:00,227.0,grocery,City-3,D0,card,1925
TX004307,C0020,2026-01-19T02:07:00,181.89,retail,City-0,D2,card,1056
TX004308,C0279,2026-03-16T05:21:00,159.4,cash,City-4,D0,card,1634
TX004309,C0279,2026-02-21T10:10:00,254.73,cash,City-4,D0,card,1514
TX004310,C0156,2026-02-11T01:17:00,136.28,grocery,City-1,D0,card,179
TX004311,C0139,2026-03-18T20:16:00,40.12,grocery,City-4,D1,card,653
TX004312,C0026,2026-03-09T09:58:00,176.38,grocery,City-1,D2,card,815
TX004313,C0229,2026-01-23T12:31:00,69.85,travel,City-4,D1,card,885
TX004314,C0071,2026-03-06T15:59:00,257.68,travel,City-1,D2,card,464
TX004315,C0034,2026-02-17T21:16:00,123.79,grocery,City-4,D1,card,982
TX004316,C0204,2026-01-01T21:00:00,70.84,cash,City-4,D0,card,1299
TX004317,C0065,2026-03-14T20:09:00,199.47,grocery,City-0,D2,card,1063
TX004318,C0268,2026-01-30T13:20:00,655.26,retail,City-2,D6345,card,1293
TX004319,C0170,2026-03-23T20:26:00,259.81,retail,City-0,D2,card,1593
TX004320,C0211,2026-03-06T03:29:00,167.2,retail,City-1,D1,card,1339
TX004321,C0294,2026-03-09T16:08:00,315.43,travel,City-4,D0,card,1921
TX004322,C0121,2026-02-21T14:40:00,449.88,travel,City-1,D1,card,482
TX004323,C0172,2026-02-05T19:32:00,158.63,retail,City-2,D1,card,1934
TX004324,C0153,2026-02-28T21:17:00,288.51,travel,City-3,D0,card,206
TX004325,C0043,2026-03-25T03:14:00,192.58,retail,City-3,D1,card,820
TX004326,C0097,2026-01-13T01:55:00,56.7,grocery,City-2,D1,card,91
TX004327,C0006,2026-03-28T22:32:00,540.78,travel,City-1,D0,card,1740
TX004328,C0021,2026-03-14T14:19:00,1590.85,cash,City-1,D3146,card,1845
TX004329,C0215,2026-03-30T05:01:00,694.72,travel,City-0,D2,card,147
TX004330,C0245,2026-03-13T18:15:00,351.4,cash,City-0,D2,card,1318
TX004331,C0097,2026-01-16T06:17:00,76.72,grocery,City-2,D1,card,1027
TX004332,C0048,2026-03-06T12:22:00,408.56,cash,City-3,D0,card,1215
TX004333,C0187,2026-01-27T04:26:00,39.99,cash,City-2,D1,card,1062
TX004334,C0123,2026-01-22T21:35:00,378.54,retail,City-3,D0,card,344
TX004335,C0181,2026-03-21T10:24:00,354.75,grocery,City-1,D1,card,668
TX004336,C0243,2026-01-27T14:03:00,235.42,travel,City-3,D0,card,810
TX004337,C0124,2026-02-28T05:33:00,51.4,travel,City-4,D1,card,620
TX004338,C0194,2026-02-06T01:05:00,105.82,grocery,City-4,D2,card,517
TX004339,C0067,2026-03-31T21:23:00,86.77,cash,City-2,D1,card,477
TX004340,C0126,2026-02-25T05:47:00,105.52,retail,City-1,D0,card,1253
TX004341,C0028,2026-01-28T22:34:00,495.22,cash,City-5,D5348,card,153
TX004342,C0077,2026-01-07T09:42:00,168.49,travel,City-2,D2,card,321
TX004343,C0183,2026-02-02T20:39:00,136.2,retail,City-3,D0,card,361
TX004344,C0240,2026-03-01T19:55:00,238.83,cash,City-0,D0,card,1581
TX004345,C0160,2026-03-06T09:08:00,31.92,cash,City-0,D1,card,1180
TX004346,C0086,2026-03-03T17:48:00,266.66,retail,City-1,D2,card,1119
TX004347,C0233,2026-03-29T10:28:00,1005.98,travel,City-4,D2682,card,1056
TX004348,C0244,2026-02-05T02:12:00,1702.82,grocery,City-17,D3012,card,644
TX004349,C0055,2026-02-08T16:19:00,177.37,travel,City-0,D1,card,120
TX004350,C0213,2026-03-13T01:00:00,3964.22,grocery,City-16,D1509,card,1177
TX004351,C0226,2026-03-31T09:42:00,27.34,cash,City-1,D1,card,1417
TX004352,C0207,2026-01-27T10:54:00,312.95,retail,City-2,D0,card,687
TX004353,C0249,2026-03-22T09:25:00,157.64,retail,City-4,D0,card,1345
TX004354,C0192,2026-03-12T10:25:00,49.34,cash,City-2,D0,card,1767
TX004355,C0179,2026-02-24T20:37:00,560.78,retail,City-4,D2,card,733
TX004356,C0070,2026-02-17T05:42:00,260.03,grocery,City-0,D1,card,1091
TX004357,C0019,2026-03-01T21:27:00,262.97,cash,City-4,D1,card,606
TX004358,C0254,2026-03-20T08:16:00,128.5,cash,City-4,D2,card,1890
TX004359,C0059,2026-03-01T20:15:00,61.74,grocery,City-4,D2,card,1924
TX004360,C0227,2026-01-03T02:53:00,189.75,travel,City-2,D2,card,1638
TX004361,C0258,2026-02-27T15:52:00,36.71,cash,City-3,D0,card,63
TX004362,C0026,2026-02-15T22:21:00,92.76,cash,City-1,D2,card,193
TX004363,C0028,2026-03-06T18:57:00,55.24,cash,City-3,D1,card,581
TX004364,C0191,2026-01-30T09:46:00,69.56,travel,City-1,D2,card,989
TX004365,C0177,2026-03-14T14:15:00,346.69,travel,City-2,D0,card,754
TX004366,C0251,2026-02-07T15:40:00,391.54,cash,City-1,D2,card,1892
TX004367,C0134,2026-01-25T05:03:00,190.95,retail,City-4,D2,card,1107
TX004368,C0215,2026-01-21T12:29:00,270.34,grocery,City-0,D2,card,1002
TX004369,C0149,2026-02-17T22:23:00,218.81,travel,City-9,D5509,card,1076
TX004370,C0047,2026-01-21T04:05:00,170.5,cash,City-2,D2,card,740
TX004371,C0238,2026-01-26T22:53:00,22.8,retail,City-3,D1,card,636
TX004372,C0210,2026-02-09T23:25:00,156.36,grocery,City-0,D0,card,324
TX004373,C0198,2026-01-16T14:57:00,76.3,cash,City-3,D0,card,1727
TX004374,C0276,2026-02-09T10:15:00,142.35,retail,City-1,D0,card,512
TX004375,C0207,2026-03-05T02:50:00,411.16,cash,City-2,D0,card,1130
TX004376,C0008,2026-03-19T08:17:00,51.1,grocery,City-3,D2,card,903
TX004377,C0273,2026-01-29T09:45:00,450.73,retail,City-3,D0,card,555
TX004378,C0107,2026-02-01T15:53:00,238.81,cash,City-2,D2,card,244
TX004379,C0006,2026-01-29T13:17:00,275.86,grocery,City-1,D0,card,834
TX004380,C0089,2026-01-11T15:53:00,105.28,travel,City-4,D2,card,1110
TX004381,C0005,2026-03-28T11:44:00,524.82,grocery,City-0,D2,card,62
TX004382,C0158,2026-03-15T03:44:00,283.28,travel,City-3,D2,card,64
TX004383,C0261,2026-01-22T06:11:00,472.56,retail,City-1,D0,card,1855
TX004384,C0163,2026-03-27T15:18:00,29.98,retail,City-3,D1,card,1904
TX004385,C0081,2026-02-22T06:26:00,2586.5,travel,City-4,D7330,card,139
TX004386,C0253,2026-01-27T16:01:00,214.28,travel,City-3,D1,card,41
TX004387,C0010,2026-03-30T06:40:00,356.22,travel,City-0,D1,card,1844
TX004388,C0213,2026-02-26T12:36:00,343.95,travel,City-3,D0,card,1993
TX004389,C0257,2026-01-17T05:20:00,36.4,cash,City-2,D2,card,759
TX004390,C0007,2026-03-27T16:32:00,2600.67,grocery,City-1,D5881,card,1827
TX004391,C0244,2026-02-21T22:51:00,2687.65,travel,City-15,D3559,card,1809
TX004392,C0011,2026-01-09T09:42:00,258.64,cash,City-1,D2,card,1446
TX004393,C0049,2026-01-09T16:37:00,55.72,retail,City-4,D1,card,571
TX004394,C0101,2026-02-26T22:11:00,357.18,cash,City-1,D2,card,412
TX004395,C0206,2026-02-19T11:18:00,63.33,retail,City-1,D2,card,1368
TX004396,C0290,2026-02-08T23:59:00,254.43,travel,City-0,D2,card,1615
TX004397,C0100,2026-02-17T08:19:00,183.42,retail,City-0,D1,card,165
TX004398,C0001,2026-01-01T21:39:00,1710.86,travel,City-19,D4751,card,182
TX004399,C0036,2026-02-13T06:10:00,99.02,cash,City-1,D0,card,52
TX004400,C0269,2026-01-11T22:26:00,71.7,grocery,City-4,D2,card,1884
TX004401,C0138,2026-03-08T17:44:00,504.03,cash,City-3,D0,card,328
TX004402,C0148,2026-03-15T01:39:00,109.43,retail,City-3,D1,card,1071
TX004403,C0241,2026-01-22T14:16:00,288.36,cash,City-1,D1,card,1990
TX004404,C0256,2026-01-24T06:53:00,327.46,retail,City-1,D1,card,1291
TX004405,C0204,2026-03-16T12:56:00,37.21,grocery,City-4,D0,card,843
TX004406,C0001,2026-01-25T06:13:00,283.94,retail,City-1,D1,card,651
TX004407,C0163,2026-02-13T16:36:00,116.81,retail,City-7,D1319,card,1254
TX004408,C0069,2026-02-04T20:41:00,270.68,cash,City-4,D0,card,1438
TX004409,C0154,2026-02-22T03:15:00,43.5,grocery,City-4,D1,card,1574
TX004410,C0157,2026-01-06T22:17:00,295.72,grocery,City-2,D1,card,255
TX004411,C0036,2026-03-23T03:34:00,139.46,travel,City-1,D0,card,1801
TX004412,C0268,2026-03-31T01:36:00,47.87,travel,City-3,D1,card,525
TX004413,C0257,2026-01-27T02:30:00,60.18,grocery,City-2,D2,card,1650
TX004414,C0217,2026-01-05T13:17:00,66.23,retail,City-2,D1,card,1068
TX004415,C0025,2026-01-08T05:56:00,35.84,retail,City-0,D1,card,1594
TX004416,C0032,2026-03-10T10:52:00,72.93,travel,City-2,D2,card,1370
TX004417,C0218,2026-01-02T22:42:00,450.32,cash,City-3,D2,card,192
TX004418,C0131,2026-03-23T13:31:00,621.3,grocery,City-1,D2,card,415
TX004419,C0208,2026-03-25T19:30:00,70.21,retail,City-3,D1,card,751
TX004420,C0061,2026-03-20T14:13:00,131.48,cash,City-1,D1,card,1512
TX004421,C0010,2026-03-11T15:04:00,77.18,grocery,City-0,D1,card,1737
TX004422,C0042,2026-01-24T11:32:00,308.87,cash,City-2,D0,card,266
TX004423,C0098,2026-01-29T10:44:00,74.46,cash,City-3,D2,card,1662
TX004424,C0286,2026-03-03T09:33:00,49.18,grocery,City-1,D1,card,1581
TX004425,C0002,2026-03-22T05:03:00,492.89,travel,City-2,D2,card,100
TX004426,C0255,2026-03-02T21:39:00,199.83,retail,City-0,D0,card,51
TX004427,C0167,2026-03-03T19:59:00,428.29,retail,City-2,D2,card,339
TX004428,C0016,2026-03-11T05:23:00,113.18,retail,City-1,D1,card,1941
TX004429,C0281,2026-03-10T07:02:00,99.54,retail,City-1,D2,card,359
TX004430,C0256,2026-02-10T04:16:00,694.18,retail,City-1,D1,card,245
TX004431,C0062,2026-02-24T14:16:00,217.02,travel,City-2,D2,card,1738
TX004432,C0234,2026-01-11T23:32:00,420.57,grocery,City-4,D0,card,1170
TX004433,C0134,2026-03-29T02:05:00,1719.69,cash,City-7,D8933,card,1027
TX004434,C0263,2026-01-13T04:39:00,97.56,grocery,City-3,D2,card,1217
TX004435,C0231,2026-03-14T22:09:00,173.39,retail,City-1,D0,card,965
TX004436,C0210,2026-02-11T03:26:00,407.88,retail,City-0,D0,card,52
TX004437,C0180,2026-03-30T10:03:00,326.47,retail,City-0,D0,card,1130
TX004438,C0186,2026-03-11T08:14:00,96.65,travel,City-1,D0,card,67
TX004439,C0234,2026-03-03T06:15:00,473.21,grocery,City-4,D0,card,1187
TX004440,C0130,2026-02-27T15:50:00,45.92,travel,City-0,D1,card,1247
TX004441,C0223,2026-01-28T00:37:00,821.3,retail,City-3,D1,card,1720
TX004442,C0070,2026-02-11T19:24:00,99.37,travel,City-0,D1,card,1673
TX004443,C0174,2026-02-15T18:20:00,46.75,grocery,City-4,D0,card,56
TX004444,C0171,2026-03-16T20:05:00,210.85,cash,City-1,D0,card,1438
TX004445,C0102,2026-03-16T04:52:00,139.1,travel,City-2,D0,card,526
TX004446,C0129,2026-01-10T03:00:00,271.9,cash,City-4,D0,card,1136
TX004447,C0102,2026-01-28T07:40:00,151.82,grocery,City-2,D0,card,594
TX004448,C0071,2026-03-17T16:44:00,226.92,retail,City-1,D2,card,677
TX004449,C0252,2026-02-21T10:47:00,181.15,cash,City-2,D0,card,1232
TX004450,C0011,2026-02-24T03:13:00,4796.19,travel,City-7,D8994,card,655
TX004451,C0137,2026-02-10T01:54:00,382.51,cash,City-2,D2,card,1987
TX004452,C0069,2026-02-03T20:30:00,264.0,cash,City-4,D0,card,1531
TX004453,C0246,2026-03-21T22:52:00,176.17,travel,City-1,D0,card,1887
TX004454,C0012,2026-03-26T00:42:00,284.14,grocery,City-2,D0,card,37
TX004455,C0182,2026-02-09T08:35:00,398.46,cash,City-2,D2,card,765
TX004456,C0225,2026-02-22T07:57:00,565.21,grocery,City-0,D0,card,482
TX004457,C0001,2026-03-17T15:51:00,77.19,grocery,City-1,D1,card,1101
TX004458,C0083,2026-01-27T16:19:00,166.71,travel,City-3,D2,card,1110
TX004459,C0251,2026-01-06T00:04:00,445.46,retail,City-1,D2,card,987
TX004460,C0162,2026-02-12T04:02:00,143.68,cash,City-2,D0,card,566
TX004461,C0022,2026-01-05T13:35:00,153.82,retail,City-2,D1,card,1318
TX004462,C0221,2026-01-06T19:25:00,146.39,cash,City-1,D2,card,1076
TX004463,C0130,2026-03-17T00:10:00,32.5,retail,City-0,D1,card,743
TX004464,C0045,2026-02-27T08:03:00,236.59,grocery,City-0,D0,card,170
TX004465,C0106,2026-03-02T23:49:00,143.62,cash,City-1,D1,card,610
TX004466,C0251,2026-01-29T07:57:00,601.44,grocery,City-1,D2,card,61
TX004467,C0231,2026-01-12T10:51:00,188.08,cash,City-1,D0,card,582
TX004468,C0189,2026-01-24T15:36:00,141.82,travel,City-4,D0,card,1685
TX004469,C0252,2026-03-09T06:26:00,414.92,travel,City-2,D0,card,1591
TX004470,C0144,2026-03-19T22:32:00,224.36,cash,City-4,D0,card,1404
TX004471,C0066,2026-03-05T08:30:00,250.32,retail,City-1,D0,card,1579
TX004472,C0295,2026-03-04T00:26:00,530.23,travel,City-0,D1,card,1709
TX004473,C0291,2026-02-02T08:40:00,76.25,retail,City-1,D0,card,1635
TX004474,C0194,2026-01-12T20:21:00,184.0,cash,City-4,D2,card,1793
TX004475,C0237,2026-03-02T09:45:00,138.14,retail,City-2,D0,card,1012
TX004476,C0088,2026-02-17T20:55:00,102.76,cash,City-3,D1,card,239
TX004477,C0239,2026-03-04T19:55:00,78.62,retail,City-4,D2,card,978
TX004478,C0052,2026-03-18T03:56:00,247.06,retail,City-2,D1,card,1449
TX004479,C0290,2026-01-24T22:44:00,311.58,grocery,City-0,D2,card,485
TX004480,C0024,2026-03-04T18:36:00,325.17,grocery,City-4,D0,card,469
TX004481,C0195,2026-02-23T11:10:00,129.36,grocery,City-0,D0,card,998
TX004482,C0104,2026-03-21T03:10:00,431.07,cash,City-4,D2,card,1575
TX004483,C0229,2026-02-27T21:51:00,45.69,cash,City-4,D1,card,1068
TX004484,C0261,2026-02-06T05:46:00,480.92,retail,City-1,D0,card,973
TX004485,C0200,2026-01-13T08:26:00,144.59,cash,City-0,D2,card,766
TX004486,C0182,2026-03-09T07:25:00,319.32,grocery,City-2,D2,card,1270
TX004487,C0225,2026-02-05T00:07:00,363.69,grocery,City-0,D0,card,1641
TX004488,C0227,2026-01-28T14:12:00,243.96,retail,City-2,D2,card,504
TX004489,C0031,2026-03-30T02:12:00,471.45,retail,City-1,D1,card,1821
TX004490,C0114,2026-03-24T15:45:00,47.64,grocery,City-4,D0,card,677
TX004491,C0201,2026-01-01T03:49:00,4643.06,grocery,City-12,D2225,card,125
TX004492,C0138,2026-02-01T20:50:00,243.68,cash,City-3,D0,card,1438
TX004493,C0014,2026-03-10T16:45:00,204.44,cash,City-4,D2,card,1910
TX004494,C0058,2026-01-04T02:54:00,53.23,cash,City-3,D1,card,834
TX004495,C0222,2026-02-26T02:00:00,171.34,retail,City-2,D0,card,1419
TX004496,C0175,2026-03-11T23:10:00,15.8,travel,City-0,D1,card,72
TX004497,C0027,2026-02-17T16:19:00,22.7,grocery,City-2,D0,card,875
TX004498,C0011,2026-01-24T01:20:00,436.94,travel,City-1,D2,card,426
TX004499,C0255,2026-01-01T09:29:00,280.57,travel,City-0,D0,card,1860
TX004500,C0168,2026-01-21T11:20:00,94.75,cash,City-3,D0,card,1308
TX004501,C0171,2026-01-30T13:42:00,160.73,retail,City-1,D0,card,1906
TX004502,C0257,2026-02-09T10:34:00,52.67,grocery,City-2,D2,card,123
TX004503,C0193,2026-01-07T21:36:00,255.55,travel,City-3,D1,card,393
TX004504,C0177,2026-01-21T02:44:00,1764.24,travel,City-13,D5120,card,742
TX004505,C0137,2026-01-03T05:43:00,151.89,retail,City-2,D2,card,1563
TX004506,C0256,2026-03-16T14:57:00,837.64,grocery,City-1,D1,card,657
TX004507,C0040,2026-02-23T03:42:00,4609.11,retail,City-17,D3515,card,1483
TX004508,C0078,2026-01-27T09:34:00,254.55,cash,City-3,D0,card,1020
TX004509,C0215,2026-03-22T20:13:00,416.98,cash,City-0,D2,card,1400
TX004510,C0294,2026-02-21T15:19:00,499.03,retail,City-4,D0,card,498
TX004511,C0188,2026-02-27T16:54:00,618.5,cash,City-3,D2,card,306
TX004512,C0234,2026-02-03T00:35:00,485.3,retail,City-4,D0,card,1532
TX004513,C0151,2026-02-28T14:15:00,736.52,grocery,City-1,D1,card,1390
TX004514,C0074,2026-01-08T14:01:00,30.65,grocery,City-4,D2,card,430
TX004515,C0289,2026-01-01T01:28:00,473.55,cash,City-2,D7552,card,1678
TX004516,C0193,2026-01-23T14:58:00,304.26,cash,City-3,D1,card,1172
TX004517,C0046,2026-01-13T03:24:00,146.07,cash,City-1,D1,card,1145
TX004518,C0221,2026-01-21T07:42:00,255.71,grocery,City-1,D2,card,833
TX004519,C0259,2026-02-12T13:17:00,214.35,cash,City-4,D1,card,395
TX004520,C0016,2026-02-05T09:48:00,363.45,retail,City-1,D1,card,1330
TX004521,C0011,2026-01-23T12:43:00,465.25,cash,City-1,D2,card,58
TX004522,C0002,2026-03-12T16:43:00,385.06,cash,City-2,D2,card,482
TX004523,C0173,2026-01-11T10:29:00,646.28,travel,City-3,D2,card,1552
TX004524,C0069,2026-01-11T21:19:00,704.89,retail,City-4,D0,card,932
TX004525,C0268,2026-01-27T04:33:00,66.58,travel,City-3,D1,card,1003
TX004526,C0285,2026-02-10T20:13:00,131.22,grocery,City-0,D0,card,1516
TX004527,C0145,2026-02-25T07:00:00,141.8,travel,City-0,D1,card,547
TX004528,C0234,2026-02-07T14:05:00,3285.24,retail,City-1,D9860,card,1790
TX004529,C0221,2026-03-01T09:15:00,277.06,retail,City-1,D2,card,642
TX004530,C0088,2026-01-28T07:20:00,32.47,retail,City-3,D1,card,923
TX004531,C0202,2026-02-07T01:46:00,241.41,retail,City-2,D1,card,205
TX004532,C0023,2026-03-18T16:26:00,415.97,retail,City-3,D2,card,1861
TX004533,C0079,2026-03-11T01:36:00,241.19,retail,City-4,D1,card,1703
TX004534,C0226,2026-03-16T03:02:00,34.6,travel,City-1,D1,card,1735
TX004535,C0191,2026-03-14T07:08:00,210.89,retail,City-1,D2,card,1050
TX004536,C0120,2026-01-24T04:52:00,152.31,cash,City-0,D0,card,616
TX004537,C0234,2026-01-31T07:37:00,185.56,travel,City-4,D0,card,1630
TX004538,C0244,2026-03-24T05:57:00,489.5,grocery,City-4,D1,card,220
TX004539,C0261,2026-03-14T00:09:00,321.53,travel,City-1,D0,card,1951
TX004540,C0075,2026-01-31T11:33:00,189.94,grocery,City-0,D0,card,102
TX004541,C0241,2026-03-19T10:19:00,278.73,retail,City-1,D1,card,1240
TX004542,C0048,2026-01-20T16:41:00,252.0,cash,City-3,D0,card,333
TX004543,C0261,2026-01-31T06:47:00,327.65,grocery,City-1,D0,card,1128
TX004544,C0295,2026-01-24T16:46:00,551.86,retail,City-0,D1,card,1984
TX004545,C0033,2026-03-17T11:27:00,1597.92,retail,City-9,D9042,card,863
TX004546,C0114,2026-01-08T06:36:00,57.47,grocery,City-4,D0,card,59
TX004547,C0028,2026-01-26T03:07:00,41.18,retail,City-3,D1,card,781
TX004548,C0030,2026-02-14T23:03:00,439.18,cash,City-0,D0,card,344
TX004549,C0204,2026-01-17T01:45:00,27.9,cash,City-4,D0,card,1356
TX004550,C0130,2026-01-28T02:20:00,129.52,cash,City-0,D1,card,1295
TX004551,C0208,2026-03-14T00:07:00,286.3,grocery,City-3,D1,card,1280
TX004552,C0236,2026-01-18T23:46:00,100.6,cash,City-1,D2,card,1172
TX004553,C0095,2026-03-26T06:41:00,325.41,travel,City-0,D2,card,1107
TX004554,C0041,2026-01-28T19:13:00,483.41,cash,City-1,D2,card,1936
TX004555,C0089,2026-03-01T16:39:00,145.3,grocery,City-4,D2,card,648
TX004556,C0017,2026-02-19T16:23:00,71.82,cash,City-2,D2,card,1306
TX004557,C0274,2026-03-03T22:31:00,403.97,cash,City-4,D1,card,244
TX004558,C0279,2026-01-21T00:52:00,241.71,travel,City-4,D0,card,1807
TX004559,C0060,2026-03-19T14:07:00,158.63,grocery,City-0,D0,card,1895
TX004560,C0125,2026-03-12T06:53:00,115.5,grocery,City-0,D2,card,1794
TX004561,C0002,2026-03-02T02:03:00,284.71,grocery,City-2,D2,card,1651
TX004562,C0058,2026-02-09T17:46:00,85.26,grocery,City-3,D1,card,1629
TX004563,C0241,2026-02-24T08:41:00,240.49,travel,City-1,D1,card,1620
TX004564,C0186,2026-01-31T12:26:00,157.32,cash,City-1,D0,card,379
TX004565,C0167,2026-03-21T09:08:00,486.59,cash,City-2,D2,card,716
TX004566,C0234,2026-02-03T00:46:00,282.79,travel,City-4,D0,card,1728
TX004567,C0010,2026-02-21T07:32:00,279.16,travel,City-0,D1,card,276
TX004568,C0050,2026-02-18T18:38:00,63.51,travel,City-0,D2,card,1433
TX004569,C0170,2026-01-18T21:17:00,269.66,retail,City-0,D2,card,462
TX004570,C0173,2026-02-09T21:12:00,649.95,retail,City-3,D2,card,928
TX004571,C0004,2026-02-18T04:20:00,42.64,retail,City-4,D1,card,590
TX004572,C0017,2026-01-22T05:48:00,46.75,grocery,City-2,D2,card,314
TX004573,C0032,2026-02-23T12:18:00,105.48,cash,City-2,D2,card,1560
TX004574,C0295,2026-01-23T22:24:00,1041.42,travel,City-0,D1,card,1972
TX004575,C0260,2026-02-05T10:34:00,108.79,travel,City-0,D2,card,305
TX004576,C0017,2026-01-30T01:56:00,29.24,grocery,City-2,D2,card,1796
TX004577,C0059,2026-01-31T23:47:00,57.78,travel,City-4,D2,card,1191
TX004578,C0040,2026-02-22T00:13:00,285.64,grocery,City-0,D1,card,727
TX004579,C0011,2026-02-17T23:33:00,324.53,grocery,City-1,D2,card,1845
TX004580,C0166,2026-02-21T06:05:00,590.21,retail,City-1,D1,card,1668
TX004581,C0169,2026-03-05T22:04:00,340.21,cash,City-4,D1,card,690
TX004582,C0298,2026-03-05T03:11:00,377.84,travel,City-3,D1,card,1321
TX004583,C0285,2026-02-28T17:28:00,408.08,retail,City-0,D0,card,1801
TX004584,C0045,2026-02-15T13:51:00,615.5,grocery,City-0,D0,card,1355
TX004585,C0097,2026-01-16T23:37:00,56.66,grocery,City-2,D1,card,474
TX004586,C0073,2026-03-01T23:43:00,119.96,travel,City-3,D1,card,1316
TX004587,C0246,2026-01-05T06:14:00,255.15,retail,City-1,D0,card,182
TX004588,C0212,2026-02-14T02:39:00,263.43,cash,City-2,D2,card,1863
TX004589,C0218,2026-01-23T05:16:00,549.67,retail,City-3,D2,card,811
TX004590,C0229,2026-01-22T21:19:00,123.37,cash,City-4,D1,card,431
TX004591,C0111,2026-02-08T23:25:00,97.76,grocery,City-1,D0,card,147
TX004592,C0072,2026-03-02T22:36:00,278.84,travel,City-2,D0,card,464
TX004593,C0262,2026-03-28T09:56:00,90.27,retail,City-2,D1,card,69
TX004594,C0123,2026-01-18T22:37:00,335.42,cash,City-3,D0,card,351
TX004595,C0151,2026-03-01T03:43:00,217.68,retail,City-1,D1,card,634
TX004596,C0103,2026-03-07T01:30:00,507.9,cash,City-3,D1,card,1882
TX004597,C0144,2026-02-26T12:25:00,147.94,grocery,City-4,D0,card,985
TX004598,C0280,2026-02-24T14:23:00,24.46,retail,City-0,D1,card,475
TX004599,C0038,2026-03-31T05:05:00,123.45,retail,City-3,D2,card,1722
TX004600,C0218,2026-02-10T03:59:00,664.11,travel,City-3,D2,card,445
TX004601,C0186,2026-03-24T05:33:00,215.89,cash,City-1,D0,card,964
TX004602,C0170,2026-03-27T19:43:00,102.03,retail,City-0,D2,card,240
TX004603,C0142,2026-03-19T01:20:00,385.84,grocery,City-2,D1,card,591
TX004604,C0191,2026-01-29T07:20:00,217.16,travel,City-1,D2,card,939
TX004605,C0231,2026-03-18T04:06:00,114.71,retail,City-1,D0,card,1150
TX004606,C0021,2026-03-13T12:14:00,94.23,travel,City-1,D0,card,1340
TX004607,C0191,2026-02-25T04:05:00,813.76,retail,City-16,D8618,card,680
TX004608,C0156,2026-03-17T07:18:00,122.36,retail,City-1,D0,card,1231
TX004609,C0079,2026-01-22T18:00:00,339.8,travel,City-4,D1,card,1660
TX004610,C0143,2026-03-24T06:14:00,296.55,cash,City-3,D2,card,928
TX004611,C0224,2026-03-14T05:27:00,128.26,grocery,City-4,D2,card,497
TX004612,C0274,2026-02-21T12:18:00,413.97,cash,City-4,D1,card,77
TX004613,C0088,2026-03-08T05:33:00,51.54,travel,City-3,D1,card,649
TX004614,C0141,2026-03-28T03:21:00,146.84,cash,City-1,D0,card,1290
TX004615,C0235,2026-03-27T21:36:00,422.44,cash,City-0,D1,card,772
TX004616,C0246,2026-03-14T02:03:00,139.8,travel,City-1,D0,card,479
TX004617,C0018,2026-02-27T06:34:00,549.56,retail,City-3,D0,card,574
TX004618,C0264,2026-01-02T23:47:00,5981.4,retail,City-19,D4722,card,380
TX004619,C0192,2026-01-05T19:54:00,70.0,travel,City-2,D0,card,723
TX004620,C0165,2026-03-17T10:11:00,219.78,travel,City-0,D0,card,81
TX004621,C0257,2026-02-08T07:43:00,55.93,grocery,City-2,D2,card,1472
TX004622,C0098,2026-01-31T07:00:00,74.18,retail,City-3,D2,card,742
TX004623,C0021,2026-01-14T00:11:00,155.52,retail,City-1,D0,card,969
TX004624,C0048,2026-02-09T00:34:00,361.87,retail,City-3,D0,card,1869
TX004625,C0051,2026-01-07T03:42:00,17.74,grocery,City-1,D0,card,1526
TX004626,C0079,2026-03-19T10:27:00,589.39,grocery,City-4,D1,card,1659
TX004627,C0271,2026-01-08T07:33:00,177.66,retail,City-1,D1,card,779
TX004628,C0196,2026-01-09T16:12:00,214.06,cash,City-1,D1,card,423
TX004629,C0054,2026-02-05T18:58:00,376.32,travel,City-4,D0,card,1980
TX004630,C0071,2026-01-23T04:22:00,69.51,travel,City-1,D2,card,1853
TX004631,C0204,2026-01-14T21:55:00,557.3,travel,City-3,D1369,card,974
TX004632,C0215,2026-02-04T19:25:00,318.54,travel,City-0,D2,card,203
TX004633,C0025,2026-03-05T01:54:00,86.09,retail,City-0,D1,card,775
TX004634,C0134,2026-03-11T20:38:00,331.97,travel,City-4,D2,card,366
TX004635,C0194,2026-01-06T10:29:00,69.03,retail,City-4,D2,card,1178
TX004636,C0047,2026-03-30T01:50:00,142.55,grocery,City-2,D2,card,1876
TX004637,C0299,2026-02-26T20:30:00,169.44,grocery,City-4,D2,card,1525
TX004638,C0257,2026-03-26T00:37:00,65.17,travel,City-2,D2,card,667
TX004639,C0069,2026-01-25T04:31:00,104.87,retail,City-4,D0,card,1073
TX004640,C0040,2026-03-27T22:59:00,230.23,retail,City-0,D1,card,1280
TX004641,C0089,2026-03-06T12:51:00,200.15,retail,City-4,D2,card,1709
TX004642,C0051,2026-02-05T06:44:00,39.53,grocery,City-1,D0,card,423
TX004643,C0177,2026-03-06T13:27:00,318.81,cash,City-2,D0,card,571
TX004644,C0091,2026-01-06T01:06:00,285.55,travel,City-1,D1,card,1943
TX004645,C0165,2026-03-19T04:54:00,62.09,grocery,City-0,D0,card,451
TX004646,C0036,2026-03-24T21:43:00,70.17,grocery,City-1,D0,card,1175
TX004647,C0052,2026-03-12T13:27:00,170.97,grocery,City-2,D1,card,1474
TX004648,C0256,2026-03-27T17:19:00,317.64,travel,City-1,D1,card,1297
TX004649,C0228,2026-01-11T11:55:00,305.8,retail,City-3,D0,card,990
TX004650,C0056,2026-01-29T22:07:00,307.51,cash,City-1,D2,card,1305
TX004651,C0225,2026-01-27T00:24:00,481.01,travel,City-0,D0,card,1513
TX004652,C0289,2026-03-16T17:06:00,154.77,grocery,City-4,D1,card,1671
TX004653,C0040,2026-03-02T13:26:00,252.32,travel,City-0,D1,card,601
TX004654,C0298,2026-01-29T18:48:00,186.06,grocery,City-3,D1,card,441
TX004655,C0229,2026-02-18T17:45:00,145.5,cash,City-4,D1,card,441
TX004656,C0270,2026-03-28T10:00:00,39.07,cash,City-0,D0,card,879
TX004657,C0200,2026-01-22T15:48:00,700.61,retail,City-0,D2,card,1645
TX004658,C0024,2026-01-04T06:07:00,375.15,cash,City-4,D0,card,1878
TX004659,C0209,2026-01-07T15:10:00,419.49,grocery,City-4,D2,card,1201
TX004660,C0051,2026-01-04T05:43:00,15.02,grocery,City-1,D0,card,1127
TX004661,C0285,2026-02-26T20:05:00,61.86,retail,City-0,D0,card,1055
TX004662,C0022,2026-01-09T06:17:00,684.37,cash,City-2,D1,card,1964
TX004663,C0053,2026-02-09T05:52:00,175.49,cash,City-3,D2,card,788
TX004664,C0115,2026-03-31T16:38:00,493.35,travel,City-0,D1,card,694
TX004665,C0035,2026-01-05T08:53:00,65.94,travel,City-0,D2,card,143
TX004666,C0010,2026-01-31T04:43:00,85.27,grocery,City-0,D1,card,1161
TX004667,C0034,2026-02-13T14:47:00,65.07,retail,City-4,D1,card,1906
TX004668,C0157,2026-01-07T10:37:00,363.06,travel,City-2,D1,card,1739
TX004669,C0198,2026-03-04T11:32:00,248.74,travel,City-3,D0,card,1912
TX004670,C0271,2026-01-21T05:07:00,74.11,grocery,City-1,D1,card,37
TX004671,C0281,2026-03-03T23:45:00,65.83,cash,City-1,D2,card,1681
TX004672,C0132,2026-03-23T11:26:00,181.08,travel,City-2,D0,card,740
TX004673,C0047,2026-03-05T19:17:00,189.14,retail,City-2,D2,card,692
TX004674,C0292,2026-01-16T23:53:00,261.89,travel,City-2,D1,card,1048
TX004675,C0170,2026-02-27T18:26:00,154.69,cash,City-0,D2,card,1310
TX004676,C0138,2026-02-21T17:09:00,408.17,grocery,City-3,D0,card,130
TX004677,C0286,2026-03-02T00:06:00,24.03,grocery,City-1,D1,card,1630
TX004678,C0038,2026-02-17T12:22:00,96.59,retail,City-3,D2,card,308
TX004679,C0270,2026-03-08T16:04:00,56.34,retail,City-0,D0,card,512
TX004680,C0238,2026-02-23T19:07:00,33.53,retail,City-3,D1,card,1185
TX004681,C0066,2026-03-12T22:03:00,116.13,travel,City-1,D0,card,1724
TX004682,C0209,2026-02-02T15:33:00,203.69,retail,City-4,D2,card,471
TX004683,C0245,2026-02-11T17:29:00,601.46,retail,City-0,D2,card,1235
TX004684,C0281,2026-03-21T05:24:00,146.29,grocery,City-1,D2,card,64
TX004685,C0079,2026-03-18T21:39:00,164.47,retail,City-4,D1,card,342
TX004686,C0297,2026-03-04T08:53:00,466.52,cash,City-2,D0,card,1021
TX004687,C0099,2026-03-09T12:53:00,136.26,travel,City-4,D0,card,940
TX004688,C0098,2026-02-06T08:08:00,62.39,retail,City-3,D2,card,685
TX004689,C0000,2026-03-21T03:10:00,220.61,cash,City-0,D0,card,241
TX004690,C0237,2026-02-02T13:59:00,158.06,cash,City-2,D0,card,312
TX004691,C0217,2026-01-13T16:46:00,55.25,cash,City-2,D1,card,1299
TX004692,C0068,2026-03-15T20:27:00,67.6,grocery,City-3,D2,card,104
TX004693,C0181,2026-03-22T21:27:00,429.06,travel,City-1,D1,card,1968
TX004694,C0156,2026-03-20T17:38:00,1857.96,retail,City-13,D6609,card,905
TX004695,C0144,2026-02-01T17:24:00,248.46,retail,City-4,D0,card,1565
TX004696,C0067,2026-02-12T17:50:00,350.52,grocery,City-2,D1,card,1263
TX004697,C0045,2026-02-18T12:46:00,147.61,travel,City-0,D0,card,1297
TX004698,C0012,2026-02-27T03:57:00,7603.18,retail,City-5,D2113,card,1970
TX004699,C0110,2026-02-20T06:05:00,220.69,grocery,City-0,D2,card,828
TX004700,C0238,2026-01-31T05:04:00,58.63,grocery,City-3,D1,card,988
TX004701,C0002,2026-01-02T10:52:00,495.7,retail,City-2,D2,card,1698
TX004702,C0256,2026-01-27T01:54:00,432.78,grocery,City-1,D1,card,182
TX004703,C0254,2026-03-30T02:19:00,165.96,grocery,City-4,D2,card,1374
TX004704,C0006,2026-02-20T22:47:00,231.11,travel,City-1,D0,card,1381
TX004705,C0266,2026-01-01T22:43:00,65.12,travel,City-1,D2,card,725
TX004706,C0252,2026-02-06T14:14:00,196.03,retail,City-2,D0,card,766
TX004707,C0134,2026-01-06T17:05:00,301.26,cash,City-4,D2,card,1715
TX004708,C0144,2026-01-31T02:32:00,327.88,cash,City-4,D0,card,1519
TX004709,C0261,2026-03-27T07:08:00,227.78,grocery,City-1,D0,card,110
TX004710,C0167,2026-01-10T01:38:00,362.93,travel,City-2,D2,card,1668
TX004711,C0054,2026-01-24T01:49:00,948.38,retail,City-4,D0,card,41
TX004712,C0198,2026-01-05T21:31:00,246.62,cash,City-3,D0,card,562
TX004713,C0167,2026-01-01T14:08:00,199.01,cash,City-2,D2,card,165
TX004714,C0253,2026-03-08T06:47:00,80.9,travel,City-3,D1,card,125
TX004715,C0277,2026-03-25T02:54:00,240.2,grocery,City-2,D1,card,1727
TX004716,C0208,2026-03-18T02:26:00,127.83,cash,City-3,D1,card,274
TX004717,C0026,2026-03-10T11:34:00,447.32,grocery,City-1,D2,card,759
TX004718,C0119,2026-01-05T21:17:00,272.61,grocery,City-4,D2,card,1016
TX004719,C0100,2026-02-23T03:15:00,7865.08,travel,City-13,D8906,card,1926
TX004720,C0024,2026-03-01T09:18:00,485.03,cash,City-4,D0,card,1828
TX004721,C0292,2026-03-02T13:39:00,255.81,grocery,City-2,D1,card,1496
TX004722,C0105,2026-01-13T13:10:00,274.67,cash,City-0,D0,card,1803
TX004723,C0077,2026-01-11T11:50:00,155.27,cash,City-2,D2,card,972
TX004724,C0245,2026-03-03T10:14:00,192.29,cash,City-0,D2,card,1377
TX004725,C0211,2026-03-01T11:29:00,326.66,retail,City-1,D1,card,1420
TX004726,C0182,2026-03-31T03:17:00,1556.8,retail,City-3,D1646,card,1826
TX004727,C0004,2026-03-19T17:41:00,49.05,retail,City-4,D1,card,1938
TX004728,C0052,2026-02-21T05:35:00,290.34,cash,City-2,D1,card,1831
TX004729,C0119,2026-01-11T19:43:00,2517.34,cash,City-16,D9886,card,1463
TX004730,C0216,2026-02-24T06:11:00,53.27,retail,City-1,D0,card,1036
TX004731,C0232,2026-03-16T02:01:00,737.28,cash,City-2,D1,card,1351
TX004732,C0248,2026-01-14T04:03:00,131.8,grocery,City-3,D2,card,452
TX004733,C0121,2026-03-02T09:37:00,370.09,travel,City-1,D1,card,302
TX004734,C0183,2026-03-31T09:49:00,266.45,grocery,City-3,D0,card,734
TX004735,C0298,2026-03-15T12:35:00,386.3,cash,City-3,D1,card,1438
TX004736,C0049,2026-01-18T10:40:00,75.2,travel,City-4,D1,card,1447
TX004737,C0015,2026-03-21T04:38:00,122.59,retail,City-0,D0,card,1240
TX004738,C0127,2026-01-13T06:07:00,146.6,grocery,City-2,D1,card,561
TX004739,C0050,2026-03-09T13:52:00,2401.27,grocery,City-4,D4379,card,1868
TX004740,C0012,2026-03-12T21:04:00,233.05,grocery,City-2,D0,card,1703
TX004741,C0271,2026-03-04T07:39:00,110.06,grocery,City-1,D1,card,1557
TX004742,C0026,2026-01-07T21:02:00,199.48,travel,City-1,D2,card,1430
TX004743,C0037,2026-01-01T04:34:00,167.94,retail,City-2,D1,card,278
TX004744,C0060,2026-01-30T08:58:00,197.21,retail,City-0,D0,card,1678
TX004745,C0005,2026-01-06T12:29:00,261.32,travel,City-0,D2,card,143
TX004746,C0103,2026-02-27T00:12:00,907.92,cash,City-3,D1,card,1601
TX004747,C0292,2026-03-13T10:50:00,458.68,grocery,City-2,D1,card,1271
TX004748,C0150,2026-02-04T01:57:00,488.44,retail,City-0,D0,card,525
TX004749,C0159,2026-01-27T23:06:00,236.35,travel,City-4,D0,card,1421
TX004750,C0195,2026-02-14T20:59:00,50.5,travel,City-0,D0,card,1199
TX004751,C0030,2026-01-19T20:34:00,262.45,travel,City-0,D0,card,453
TX004752,C0257,2026-01-03T21:46:00,25.64,travel,City-2,D2,card,782
TX004753,C0158,2026-03-26T05:20:00,266.42,travel,City-3,D2,card,1201
TX004754,C0010,2026-02-17T04:06:00,149.05,travel,City-0,D1,card,1738
TX004755,C0179,2026-03-12T04:42:00,400.85,grocery,City-4,D2,card,1643
TX004756,C0054,2026-01-11T02:06:00,349.57,grocery,City-4,D0,card,1622
TX004757,C0270,2026-01-09T05:17:00,58.2,grocery,City-0,D0,card,525
TX004758,C0106,2026-01-10T19:18:00,189.59,cash,City-1,D1,card,335
TX004759,C0291,2026-03-22T20:43:00,468.25,cash,City-14,D3206,card,587
TX004760,C0257,2026-01-14T17:19:00,129.62,cash,City-2,D2,card,508
TX004761,C0073,2026-02-14T23:24:00,3888.36,retail,City-2,D1581,card,1779
TX004762,C0027,2026-01-11T10:17:00,26.32,grocery,City-2,D0,card,1463
TX004763,C0245,2026-03-23T02:22:00,7029.63,grocery,City-12,D8437,card,656
TX004764,C0036,2026-02-06T10:21:00,735.3,grocery,City-3,D2408,card,463
TX004765,C0025,2026-02-11T09:33:00,118.32,travel,City-0,D1,card,1772
TX004766,C0008,2026-03-12T07:16:00,117.3,travel,City-3,D2,card,1250
TX004767,C0173,2026-03-07T20:23:00,309.15,grocery,City-3,D2,card,994
TX004768,C0222,2026-03-26T04:20:00,317.77,cash,City-2,D0,card,787
TX004769,C0084,2026-02-17T08:38:00,40.62,grocery,City-4,D0,card,307
TX004770,C0169,2026-02-26T00:33:00,482.24,retail,City-4,D1,card,1945
TX004771,C0167,2026-01-11T23:58:00,750.77,retail,City-2,D2,card,1224
TX004772,C0130,2026-01-04T07:58:00,114.41,retail,City-0,D1,card,1833
TX004773,C0208,2026-02-22T12:38:00,51.15,grocery,City-3,D1,card,802
TX004774,C0278,2026-01-02T06:17:00,240.0,retail,City-3,D2,card,1884
TX004775,C0165,2026-01-23T09:19:00,211.93,retail,City-0,D0,card,1816
TX004776,C0118,2026-01-27T09:55:00,399.73,cash,City-3,D1,card,1031
TX004777,C0086,2026-03-12T01:19:00,222.79,retail,City-1,D2,card,1310
TX004778,C0276,2026-03-13T22:37:00,407.65,travel,City-1,D0,card,102
TX004779,C0217,2026-01-27T19:08:00,72.66,retail,City-2,D1,card,1783
TX004780,C0204,2026-02-04T14:34:00,15.25,retail,City-4,D0,card,1531
TX004781,C0024,2026-02-26T15:30:00,2754.27,cash,City-1,D5915,card,1547
TX004782,C0061,2026-01-10T11:27:00,184.5,retail,City-1,D1,card,337
TX004783,C0253,2026-03-01T18:21:00,133.44,grocery,City-3,D1,card,1603
TX004784,C0021,2026-01-09T17:41:00,186.21,travel,City-1,D0,card,1704
TX004785,C0273,2026-02-20T22:57:00,185.94,cash,City-3,D0,card,163
TX004786,C0232,2026-02-23T21:52:00,208.44,grocery,City-2,D1,card,887
TX004787,C0021,2026-01-25T05:00:00,245.41,retail,City-1,D0,card,1851
TX004788,C0286,2026-03-29T03:54:00,671.24,cash,City-17,D8437,card,1968
TX004789,C0223,2026-01-31T01:22:00,497.61,grocery,City-3,D1,card,360
TX004790,C0202,2026-03-09T10:53:00,304.33,retail,City-2,D1,card,1763
TX004791,C0113,2026-02-25T07:12:00,173.88,cash,City-3,D2,card,1115
TX004792,C0061,2026-02-06T13:33:00,269.13,retail,City-1,D1,card,672
TX004793,C0174,2026-03-17T07:15:00,129.52,grocery,City-4,D0,card,300
TX004794,C0250,2026-03-07T15:50:00,429.67,retail,City-0,D1,card,1062
TX004795,C0078,2026-01-24T18:41:00,144.6,retail,City-3,D0,card,47
TX004796,C0293,2026-03-03T18:06:00,207.75,retail,City-3,D2,card,326
TX004797,C0146,2026-02-17T14:38:00,85.96,retail,City-1,D2,card,1721
TX004798,C0003,2026-03-23T00:36:00,305.57,cash,City-3,D0,card,929
TX004799,C0085,2026-02-20T21:56:00,41.11,cash,City-0,D1,card,1518
TX004800,C0205,2026-02-22T15:26:00,100.77,grocery,City-0,D1,card,1762
TX004801,C0061,2026-02-01T01:07:00,171.04,cash,City-1,D1,card,399
TX004802,C0001,2026-01-04T12:22:00,314.8,travel,City-1,D1,card,544
TX004803,C0088,2026-03-06T22:47:00,153.75,grocery,City-3,D1,card,1576
TX004804,C0133,2026-03-23T13:16:00,269.68,travel,City-3,D1,card,613
TX004805,C0008,2026-03-21T15:28:00,1311.67,travel,City-3,D8658,card,1004
TX004806,C0128,2026-02-24T09:54:00,115.46,travel,City-3,D2,card,1994
TX004807,C0297,2026-01-09T16:23:00,341.13,retail,City-2,D0,card,1137
TX004808,C0282,2026-01-16T00:38:00,91.66,travel,City-2,D0,card,1490
TX004809,C0196,2026-03-01T16:25:00,129.7,retail,City-1,D1,card,1662
TX004810,C0162,2026-02-18T13:23:00,70.67,cash,City-2,D0,card,301
TX004811,C0284,2026-02-23T04:41:00,260.93,grocery,City-4,D2,card,1883
TX004812,C0071,2026-02-14T06:47:00,76.26,cash,City-1,D2,card,1581
TX004813,C0239,2026-02-12T03:38:00,350.34,cash,City-8,D4759,card,292
TX004814,C0215,2026-02-12T20:00:00,625.52,travel,City-0,D2,card,1404
TX004815,C0273,2026-01-15T05:17:00,150.27,cash,City-3,D0,card,115
TX004816,C0211,2026-01-03T23:15:00,924.09,retail,City-1,D1,card,1102
TX004817,C0102,2026-03-31T09:55:00,89.0,grocery,City-2,D0,card,1840
TX004818,C0176,2026-02-13T11:40:00,145.84,retail,City-1,D2,card,1285
TX004819,C0129,2026-03-23T15:29:00,4300.38,grocery,City-17,D5050,card,1971
TX004820,C0078,2026-02-26T03:34:00,4547.0,retail,City-6,D2180,card,577
TX004821,C0156,2026-01-31T05:17:00,311.02,retail,City-1,D0,card,1874
TX004822,C0269,2026-03-20T20:17:00,52.16,retail,City-4,D2,card,1235
TX004823,C0000,2026-02-25T02:28:00,416.13,travel,City-0,D0,card,82
TX004824,C0294,2026-01-07T20:15:00,468.48,retail,City-4,D0,card,1898
TX004825,C0158,2026-01-31T13:22:00,375.86,retail,City-3,D2,card,1820
TX004826,C0199,2026-01-26T21:30:00,100.48,retail,City-4,D1,card,237
TX004827,C0246,2026-01-15T00:10:00,178.51,retail,City-1,D0,card,1998
TX004828,C0004,2026-02-26T00:59:00,69.97,grocery,City-4,D1,card,155
TX004829,C0085,2026-03-14T20:17:00,48.13,retail,City-0,D1,card,75
TX004830,C0211,2026-01-19T04:44:00,167.64,cash,City-1,D1,card,1287
TX004831,C0250,2026-02-15T21:48:00,231.49,grocery,City-0,D1,card,667
TX004832,C0275,2026-01-09T12:10:00,127.46,travel,City-0,D2,card,671
TX004833,C0005,2026-02-10T22:11:00,499.71,cash,City-0,D2,card,1698
TX004834,C0292,2026-03-31T04:45:00,226.58,grocery,City-2,D1,card,779
TX004835,C0152,2026-03-19T13:31:00,1833.45,retail,City-9,D7017,card,870
TX004836,C0274,2026-03-23T00:06:00,135.9,grocery,City-4,D1,card,1741
TX004837,C0177,2026-03-27T12:52:00,370.03,cash,City-2,D0,card,1408
TX004838,C0020,2026-01-18T04:05:00,490.19,grocery,City-0,D2,card,310
TX004839,C0186,2026-03-20T12:42:00,90.06,retail,City-1,D0,card,435
TX004840,C0089,2026-01-17T20:31:00,263.37,travel,City-4,D2,card,1566
TX004841,C0118,2026-02-25T10:53:00,277.12,travel,City-3,D1,card,856
TX004842,C0278,2026-03-28T10:30:00,309.32,travel,City-3,D2,card,1215
TX004843,C0196,2026-03-17T23:33:00,289.52,retail,City-1,D1,card,622
TX004844,C0282,2026-02-15T22:16:00,195.4,grocery,City-2,D0,card,62
TX004845,C0142,2026-02-11T07:59:00,341.64,retail,City-2,D1,card,531
TX004846,C0122,2026-01-12T23:40:00,172.17,retail,City-2,D2,card,1160
TX004847,C0079,2026-01-31T17:43:00,217.29,retail,City-4,D1,card,655
TX004848,C0161,2026-03-11T04:23:00,446.16,grocery,City-1,D2,card,1139
TX004849,C0295,2026-03-17T07:34:00,257.64,grocery,City-0,D1,card,949
TX004850,C0249,2026-02-03T03:27:00,197.4,travel,City-4,D0,card,531
TX004851,C0204,2026-02-11T21:27:00,25.2,grocery,City-4,D0,card,786
TX004852,C0145,2026-03-30T00:21:00,156.82,retail,City-0,D1,card,1810
TX004853,C0042,2026-02-24T19:50:00,253.79,retail,City-2,D0,card,78
TX004854,C0208,2026-02-25T06:20:00,92.5,cash,City-3,D1,card,1022
TX004855,C0011,2026-02-06T12:05:00,583.1,grocery,City-1,D2,card,1375
TX004856,C0269,2026-02-06T11:23:00,14.96,retail,City-4,D2,card,1074
TX004857,C0032,2026-03-06T21:28:00,146.94,cash,City-2,D2,card,1912
TX004858,C0036,2026-01-02T07:07:00,117.34,retail,City-1,D0,card,432
TX004859,C0025,2026-01-10T13:15:00,64.13,grocery,City-0,D1,card,1462
TX004860,C0240,2026-01-08T02:08:00,357.97,cash,City-0,D0,card,1819
TX004861,C0167,2026-03-04T17:27:00,206.82,cash,City-2,D2,card,308
TX004862,C0203,2026-03-02T02:34:00,42.24,grocery,City-3,D2,card,1022
TX004863,C0185,2026-02-13T03:29:00,296.22,grocery,City-0,D2,card,347
TX004864,C0293,2026-01-10T17:44:00,44.35,travel,City-3,D2,card,483
TX004865,C0266,2026-02-11T06:14:00,94.24,grocery,City-1,D2,card,1456
TX004866,C0213,2026-01-23T19:37:00,342.75,grocery,City-3,D0,card,504
TX004867,C0019,2026-03-01T07:14:00,191.84,travel,City-4,D1,card,156
TX004868,C0060,2026-01-10T19:14:00,269.42,cash,City-0,D0,card,656
TX004869,C0012,2026-03-28T21:15:00,208.11,cash,City-2,D0,card,352
TX004870,C0052,2026-03-01T03:08:00,177.25,cash,City-2,D1,card,988
TX004871,C0239,2026-03-28T16:35:00,104.33,cash,City-4,D2,card,820
TX004872,C0152,2026-01-07T10:51:00,118.86,travel,City-2,D2,card,985
TX004873,C0145,2026-03-31T07:49:00,97.16,cash,City-0,D1,card,1028
TX004874,C0109,2026-02-14T17:40:00,535.98,retail,City-4,D1,card,648
TX004875,C0049,2026-02-21T14:40:00,62.41,travel,City-4,D1,card,1388
TX004876,C0238,2026-03-04T03:34:00,33.1,cash,City-3,D1,card,80
TX004877,C0134,2026-01-07T16:35:00,100.82,travel,City-4,D2,card,870
TX004878,C0121,2026-03-12T21:35:00,305.49,travel,City-1,D1,card,177
TX004879,C0047,2026-03-31T02:54:00,129.67,cash,City-2,D2,card,982
TX004880,C0204,2026-01-11T03:48:00,22.78,travel,City-4,D0,card,1644
TX004881,C0011,2026-02-26T04:00:00,429.66,retail,City-1,D2,card,1850
TX004882,C0095,2026-03-23T10:29:00,544.06,retail,City-0,D2,card,1009
TX004883,C0037,2026-03-02T06:37:00,309.89,retail,City-2,D1,card,252
TX004884,C0082,2026-01-29T02:19:00,180.23,retail,City-2,D1,card,700
TX004885,C0148,2026-01-22T20:22:00,96.44,grocery,City-3,D1,card,1432
TX004886,C0269,2026-03-30T04:00:00,40.24,retail,City-4,D2,card,1484
TX004887,C0142,2026-03-05T10:59:00,308.2,retail,City-2,D1,card,192
TX004888,C0198,2026-02-11T07:26:00,253.83,grocery,City-3,D0,card,1963
TX004889,C0109,2026-02-20T19:36:00,588.38,retail,City-4,D1,card,1545
TX004890,C0013,2026-01-18T17:29:00,704.0,travel,City-3,D1,card,724
TX004891,C0146,2026-02-12T16:48:00,148.78,retail,City-1,D2,card,205
TX004892,C0159,2026-03-01T06:54:00,634.12,travel,City-4,D0,card,1302
TX004893,C0070,2026-03-19T23:41:00,788.73,travel,City-4,D1044,card,1534
TX004894,C0216,2026-03-15T12:57:00,90.09,grocery,City-1,D0,card,268
TX004895,C0105,2026-02-23T03:26:00,263.92,retail,City-0,D0,card,1231
TX004896,C0123,2026-03-28T22:55:00,176.26,travel,City-3,D0,card,1029
TX004897,C0113,2026-03-01T05:14:00,209.19,grocery,City-3,D2,card,92
TX004898,C0166,2026-02-06T14:32:00,572.02,cash,City-1,D1,card,864
TX004899,C0265,2026-02-17T23:13:00,101.45,grocery,City-0,D1,card,726
TX004900,C0195,2026-03-11T05:09:00,285.54,travel,City-0,D0,card,1730
TX004901,C0078,2026-02-04T16:39:00,408.58,cash,City-3,D0,card,1357
TX004902,C0230,2026-03-14T08:32:00,102.22,travel,City-0,D2,card,512
TX004903,C0227,2026-03-21T00:57:00,373.87,cash,City-2,D2,card,555
TX004904,C0274,2026-03-24T19:48:00,176.34,grocery,City-4,D1,card,1204
TX004905,C0270,2026-01-03T00:56:00,75.91,grocery,City-0,D0,card,1074
TX004906,C0263,2026-01-24T17:54:00,64.41,travel,City-3,D2,card,1337
TX004907,C0033,2026-01-07T21:45:00,273.8,travel,City-3,D0,card,1821
TX004908,C0131,2026-02-13T02:35:00,319.41,cash,City-1,D2,card,258
TX004909,C0124,2026-02-24T05:33:00,40.76,cash,City-4,D1,card,1207
TX004910,C0238,2026-02-01T07:56:00,81.04,grocery,City-3,D1,card,982
TX004911,C0238,2026-03-07T06:37:00,18.56,cash,City-3,D1,card,870
TX004912,C0150,2026-01-02T12:08:00,400.13,travel,City-0,D0,card,1687
TX004913,C0068,2026-02-08T20:55:00,62.27,retail,City-3,D2,card,1708
TX004914,C0264,2026-03-23T01:20:00,394.53,grocery,City-4,D0,card,340
TX004915,C0199,2026-03-28T00:56:00,150.87,cash,City-4,D1,card,965
TX004916,C0078,2026-03-19T06:21:00,494.23,cash,City-3,D0,card,968
TX004917,C0237,2026-01-17T05:17:00,495.96,grocery,City-2,D0,card,1957
TX004918,C0282,2026-02-25T02:22:00,109.71,travel,City-2,D0,card,672
TX004919,C0277,2026-02-16T01:51:00,221.91,cash,City-2,D1,card,964
TX004920,C0090,2026-03-19T12:10:00,26.07,grocery,City-0,D0,card,444
TX004921,C0087,2026-01-29T07:50:00,74.21,travel,City-2,D0,card,1022
TX004922,C0158,2026-03-04T19:28:00,341.17,travel,City-3,D2,card,1345
TX004923,C0295,2026-01-01T01:35:00,259.52,cash,City-0,D1,card,1801
TX004924,C0194,2026-01-15T02:19:00,42.37,cash,City-4,D2,card,690
TX004925,C0059,2026-02-26T00:51:00,62.3,grocery,City-4,D2,card,1634
TX004926,C0262,2026-01-24T02:19:00,147.53,cash,City-2,D1,card,1334
TX004927,C0134,2026-03-16T05:56:00,257.94,retail,City-4,D2,card,842
TX004928,C0159,2026-01-30T15:55:00,232.74,travel,City-4,D0,card,813
TX004929,C0016,2026-03-11T16:23:00,574.17,grocery,City-1,D1,card,1062
TX004930,C0215,2026-03-25T11:21:00,253.72,grocery,City-0,D2,card,1416
TX004931,C0147,2026-03-25T19:07:00,110.21,travel,City-2,D0,card,1542
TX004932,C0004,2026-03-16T08:07:00,77.59,travel,City-4,D1,card,803
TX004933,C0267,2026-03-15T23:08:00,350.95,retail,City-14,D4150,card,1015
TX004934,C0034,2026-03-27T00:53:00,197.53,grocery,City-4,D1,card,1613
TX004935,C0217,2026-01-28T12:38:00,125.01,travel,City-2,D1,card,275
TX004936,C0103,2026-03-25T06:15:00,385.61,grocery,City-3,D1,card,1373
TX004937,C0269,2026-03-13T05:45:00,34.39,travel,City-4,D2,card,332
TX004938,C0171,2026-01-25T11:39:00,119.26,grocery,City-1,D0,card,535
TX004939,C0268,2026-03-31T23:53:00,54.08,grocery,City-3,D1,card,818
TX004940,C0058,2026-03-11T11:32:00,124.63,retail,City-3,D1,card,1484
TX004941,C0289,2026-03-08T17:16:00,56.09,retail,City-4,D1,card,1357
TX004942,C0176,2026-03-14T23:30:00,278.97,grocery,City-1,D2,card,888
TX004943,C0092,2026-01-22T21:46:00,174.94,retail,City-2,D2,card,522
TX004944,C0080,2026-03-27T17:45:00,224.44,cash,City-0,D2,card,80
TX004945,C0253,2026-02-26T03:59:00,111.44,grocery,City-3,D1,card,177
TX004946,C0010,2026-02-17T19:27:00,231.5,grocery,City-0,D1,card,995
TX004947,C0181,2026-03-04T21:03:00,317.51,retail,City-1,D1,card,320
TX004948,C0276,2026-01-02T21:29:00,293.19,grocery,City-1,D0,card,1678
TX004949,C0283,2026-03-12T03:42:00,148.72,cash,City-3,D1,card,571
TX004950,C0026,2026-03-05T06:27:00,517.8,travel,City-1,D2,card,105
TX004951,C0002,2026-01-22T11:15:00,458.9,cash,City-2,D2,card,260
TX004952,C0069,2026-01-24T18:43:00,153.83,grocery,City-4,D0,card,897
TX004953,C0276,2026-01-10T02:19:00,78.6,retail,City-1,D0,card,644
TX004954,C0115,2026-03-27T05:26:00,721.4,retail,City-0,D1,card,95
TX004955,C0127,2026-03-16T05:09:00,101.06,cash,City-2,D1,card,464
TX004956,C0160,2026-03-26T10:59:00,39.3,retail,City-0,D1,card,1415
TX004957,C0266,2026-01-13T11:49:00,1244.06,travel,City-1,D6288,card,1635
TX004958,C0055,2026-03-02T04:59:00,3409.4,retail,City-7,D3987,card,889
TX004959,C0227,2026-02-19T12:50:00,377.85,cash,City-2,D2,card,1045
TX004960,C0274,2026-02-18T00:19:00,176.16,grocery,City-4,D1,card,87
TX004961,C0068,2026-03-29T02:24:00,84.92,cash,City-3,D2,card,736
TX004962,C0182,2026-01-15T17:17:00,174.1,retail,City-2,D2,card,670
TX004963,C0236,2026-02-22T22:43:00,129.96,travel,City-1,D2,card,197
TX004964,C0064,2026-03-04T05:09:00,120.38,retail,City-4,D1,card,1674
TX004965,C0208,2026-01-03T21:52:00,68.83,retail,City-3,D1,card,479
TX004966,C0188,2026-02-06T09:07:00,124.19,cash,City-3,D2,card,1020
TX004967,C0228,2026-01-29T06:40:00,178.1,grocery,City-3,D0,card,927
TX004968,C0049,2026-02-18T20:34:00,107.17,retail,City-4,D1,card,819
TX004969,C0154,2026-03-25T12:57:00,79.55,grocery,City-4,D1,card,781
TX004970,C0038,2026-01-03T20:25:00,65.32,grocery,City-3,D2,card,1060
TX004971,C0140,2026-01-14T00:53:00,277.69,grocery,City-0,D2,card,1133
TX004972,C0125,2026-01-25T15:35:00,268.95,travel,City-0,D2,card,113
TX004973,C0058,2026-03-20T12:07:00,101.01,cash,City-3,D1,card,845
TX004974,C0293,2026-01-19T17:43:00,56.71,cash,City-3,D2,card,1584
TX004975,C0066,2026-01-15T09:44:00,141.44,grocery,City-1,D0,card,601
TX004976,C0167,2026-02-07T13:16:00,452.62,cash,City-2,D2,card,1997
TX004977,C0053,2026-02-13T22:56:00,279.91,grocery,City-3,D2,card,871
TX004978,C0029,2026-02-19T03:46:00,771.13,grocery,City-4,D2,card,1772
TX004979,C0239,2026-03-25T16:56:00,99.93,grocery,City-4,D2,card,692
TX004980,C0099,2026-02-01T08:35:00,242.25,grocery,City-4,D0,card,1781
TX004981,C0118,2026-03-22T15:43:00,300.38,grocery,City-3,D1,card,638
TX004982,C0159,2026-01-19T00:11:00,499.65,grocery,City-4,D0,card,566
TX004983,C0288,2026-02-17T02:19:00,181.15,retail,City-3,D0,card,305
TX004984,C0219,2026-02-06T15:38:00,159.5,travel,City-4,D0,card,953
TX004985,C0263,2026-02-07T07:50:00,76.3,retail,City-3,D2,card,763
TX004986,C0189,2026-03-20T18:20:00,104.15,retail,City-4,D0,card,1016
TX004987,C0214,2026-01-24T21:33:00,710.36,grocery,City-4,D1,card,458
TX004988,C0161,2026-03-07T07:52:00,179.49,retail,City-1,D2,card,956
TX004989,C0249,2026-02-01T21:00:00,120.01,grocery,City-4,D0,card,1636
TX004990,C0272,2026-01-08T19:23:00,33.95,retail,City-2,D2,card,691
TX004991,C0254,2026-03-21T00:16:00,220.27,grocery,City-4,D2,card,1565
TX004992,C0191,2026-02-12T06:07:00,147.35,grocery,City-1,D2,card,616
TX004993,C0193,2026-03-15T09:10:00,250.04,cash,City-3,D1,card,1703
TX004994,C0181,2026-01-08T16:30:00,381.7,grocery,City-1,D1,card,1698
TX004995,C0222,2026-03-07T19:52:00,377.57,cash,City-2,D0,card,160
TX004996,C0264,2026-02-17T22:16:00,356.1,grocery,City-4,D0,card,1119
TX004997,C0246,2026-02-18T15:03:00,182.24,retail,City-1,D0,card,1912
TX004998,C0263,2026-03-03T20:24:00,105.16,grocery,City-3,D2,card,1936
TX004999,C0182,2026-02-04T23:15:00,306.04,retail,City-2,D2,card,580
TX005000,C0027,2026-01-08T05:39:00,63.45,travel,City-2,D0,card,375
TX005001,C0011,2026-03-04T01:17:00,2481.63,retail,City-3,D2456,card,1770
TX005002,C0242,2026-01-19T05:12:00,101.41,travel,City-2,D2,card,734
TX005003,C0257,2026-01-26T09:02:00,40.63,grocery,City-2,D2,card,1161
TX005004,C0296,2026-02-27T07:34:00,516.17,cash,City-1,D2,card,1133
TX005005,C0053,2026-01-24T20:21:00,249.39,cash,City-3,D2,card,117
TX005006,C0046,2026-03-31T03:13:00,138.12,travel,City-1,D1,card,1376
TX005007,C0184,2026-02-13T03:46:00,393.74,grocery,City-4,D1,card,1530
TX005008,C0076,2026-03-21T02:23:00,224.54,cash,City-1,D1,card,817
TX005009,C0051,2026-02-09T20:07:00,33.1,retail,City-1,D0,card,960
TX005010,C0043,2026-03-18T03:02:00,206.81,retail,City-3,D1,card,1971
TX005011,C0093,2026-02-24T08:50:00,75.74,travel,City-3,D0,card,1867
TX005012,C0168,2026-03-24T13:33:00,152.83,retail,City-3,D0,card,815
TX005013,C0014,2026-03-16T21:41:00,134.4,grocery,City-4,D2,card,1871
TX005014,C0141,2026-03-04T19:27:00,232.77,cash,City-1,D0,card,360
TX005015,C0151,2026-01-12T16:30:00,604.14,travel,City-1,D1,card,895
TX005016,C0236,2026-01-27T20:13:00,288.9,cash,City-1,D2,card,1846
TX005017,C0176,2026-03-07T07:02:00,214.63,grocery,City-1,D2,card,1470
TX005018,C0173,2026-02-03T06:27:00,286.63,cash,City-3,D2,card,1765
TX005019,C0028,2026-01-09T20:04:00,37.2,retail,City-3,D1,card,1100
TX005020,C0074,2026-01-15T08:28:00,28.77,grocery,City-4,D2,card,361
TX005021,C0041,2026-01-13T11:43:00,145.39,retail,City-1,D2,card,216
TX005022,C0189,2026-03-08T01:07:00,1276.98,travel,City-3,D2040,card,1217
TX005023,C0233,2026-03-12T07:01:00,242.63,grocery,City-3,D2,card,224
TX005024,C0251,2026-02-24T12:44:00,278.84,travel,City-1,D2,card,1672
TX005025,C0197,2026-03-07T03:17:00,468.84,travel,City-2,D2,card,211
TX005026,C0232,2026-01-07T23:32:00,176.56,travel,City-2,D1,card,1850
TX005027,C0114,2026-01-11T15:24:00,114.16,grocery,City-4,D0,card,1699
TX005028,C0275,2026-03-20T01:08:00,175.43,retail,City-0,D2,card,1303
TX005029,C0106,2026-03-24T16:35:00,264.37,grocery,City-1,D1,card,312
TX005030,C0166,2026-03-09T06:07:00,436.67,grocery,City-1,D1,card,1560
TX005031,C0194,2026-01-24T05:15:00,60.01,retail,City-4,D2,card,1272
TX005032,C0165,2026-03-06T20:20:00,234.22,grocery,City-0,D0,card,1850
TX005033,C0247,2026-01-15T23:52:00,130.58,travel,City-2,D1,card,1828
TX005034,C0029,2026-01-16T02:40:00,124.41,cash,City-4,D2,card,694
TX005035,C0226,2026-03-07T18:42:00,30.8,travel,City-1,D1,card,839
TX005036,C0055,2026-03-04T04:47:00,163.62,retail,City-0,D1,card,236
TX005037,C0152,2026-02-01T19:04:00,85.04,travel,City-2,D2,card,1762
TX005038,C0285,2026-03-28T13:47:00,188.68,travel,City-0,D0,card,546
TX005039,C0182,2026-02-20T08:50:00,239.0,grocery,City-2,D2,card,1553
TX005040,C0042,2026-01-26T16:20:00,266.55,cash,City-2,D0,card,1898
TX005041,C0229,2026-02-11T04:30:00,83.09,cash,City-4,D1,card,1316
TX005042,C0267,2026-02-08T21:40:00,77.4,retail,City-2,D0,card,1183
TX005043,C0010,2026-03-31T17:50:00,157.77,cash,City-0,D1,card,662
TX005044,C0288,2026-02-11T04:56:00,320.11,retail,City-3,D0,card,772
TX005045,C0086,2026-01-03T02:21:00,718.64,travel,City-2,D1496,card,415
TX005046,C0258,2026-01-05T08:08:00,68.69,retail,City-3,D0,card,806
TX005047,C0172,2026-02-17T22:39:00,93.83,retail,City-2,D1,card,1940
TX005048,C0090,2026-01-12T18:13:00,80.71,grocery,City-0,D0,card,329
TX005049,C0030,2026-01-12T08:16:00,351.21,cash,City-0,D0,card,1651
TX005050,C0158,2026-01-10T11:20:00,651.49,cash,City-3,D2,card,1239
TX005051,C0022,2026-02-24T00:09:00,351.46,retail,City-2,D1,card,1752
TX005052,C0253,2026-02-21T04:32:00,141.53,travel,City-3,D1,card,540
TX005053,C0256,2026-03-10T08:43:00,538.27,grocery,City-1,D1,card,1486
TX005054,C0127,2026-02-26T11:44:00,157.98,retail,City-2,D1,card,1629
TX005055,C0039,2026-03-31T17:00:00,539.85,grocery,City-4,D0,card,751
TX005056,C0134,2026-02-14T02:14:00,283.11,grocery,City-4,D2,card,849
TX005057,C0234,2026-02-10T02:28:00,3125.51,grocery,City-13,D6383,card,839
TX005058,C0155,2026-02-21T11:00:00,504.44,cash,City-0,D2,card,813
TX005059,C0020,2026-03-19T22:21:00,380.28,grocery,City-0,D2,card,1607
TX005060,C0106,2026-02-23T06:25:00,288.71,cash,City-1,D1,card,973
TX005061,C0089,2026-01-04T20:43:00,153.76,travel,City-4,D2,card,398
TX005062,C0139,2026-02-10T19:44:00,51.72,grocery,City-4,D1,card,965
TX005063,C0049,2026-02-28T03:56:00,86.19,retail,City-4,D1,card,317
TX005064,C0009,2026-01-09T05:11:00,256.85,travel,City-4,D0,card,830
TX005065,C0213,2026-02-07T19:03:00,352.68,travel,City-3,D0,card,260
TX005066,C0195,2026-01-11T08:07:00,103.78,grocery,City-0,D0,card,1215
TX005067,C0077,2026-01-27T23:29:00,420.57,cash,City-2,D2,card,1490
TX005068,C0066,2026-03-21T17:27:00,209.76,retail,City-1,D0,card,587
TX005069,C0100,2026-02-22T17:02:00,697.38,travel,City-0,D1,card,990
TX005070,C0191,2026-02-13T18:51:00,710.16,cash,City-17,D5440,card,1965
TX005071,C0051,2026-01-04T07:48:00,32.91,grocery,City-1,D0,card,1983
TX005072,C0037,2026-02-24T14:04:00,201.25,cash,City-2,D1,card,847
TX005073,C0138,2026-03-21T06:13:00,241.36,travel,City-3,D0,card,1262
TX005074,C0052,2026-02-14T01:27:00,452.22,travel,City-2,D1,card,1447
TX005075,C0061,2026-01-04T17:27:00,174.72,grocery,City-1,D1,card,435
TX005076,C0066,2026-01-03T02:44:00,357.01,cash,City-1,D0,card,1974
TX005077,C0241,2026-01-28T01:44:00,94.06,grocery,City-1,D1,card,1372
TX005078,C0083,2026-01-26T19:31:00,51.64,cash,City-3,D2,card,1083
TX005079,C0032,2026-01-07T23:24:00,127.97,travel,City-2,D2,card,1331
TX005080,C0282,2026-03-09T02:07:00,125.81,grocery,City-2,D0,card,400
TX005081,C0244,2026-02-09T07:27:00,111.46,travel,City-4,D1,card,396
TX005082,C0074,2026-03-19T17:31:00,35.23,grocery,City-4,D2,card,837
TX005083,C0048,2026-02-09T23:14:00,344.16,travel,City-3,D0,card,1696
TX005084,C0056,2026-03-05T10:32:00,107.78,cash,City-1,D2,card,72
TX005085,C0053,2026-03-23T10:37:00,231.46,cash,City-3,D2,card,651
TX005086,C0174,2026-02-16T12:21:00,106.23,grocery,City-4,D0,card,1591
TX005087,C0066,2026-02-08T22:08:00,359.78,travel,City-1,D0,card,939
TX005088,C0269,2026-03-01T02:06:00,43.14,cash,City-4,D2,card,769
TX005089,C0072,2026-03-27T21:36:00,1495.35,cash,City-8,D9605,card,1101
TX005090,C0024,2026-03-16T21:07:00,602.13,travel,City-4,D0,card,1739
TX005091,C0252,2026-03-09T10:37:00,4882.86,retail,City-3,D4838,card,110
TX005092,C0214,2026-02-13T09:11:00,1806.14,travel,City-10,D9973,card,1583
TX005093,C0094,2026-02-26T15:38:00,79.08,cash,City-4,D1,card,1006
TX005094,C0268,2026-03-16T17:35:00,1061.23,cash,City-16,D5364,card,766
TX005095,C0141,2026-01-11T19:26:00,131.73,cash,City-1,D0,card,831
TX005096,C0075,2026-01-30T01:48:00,168.35,grocery,City-0,D0,card,1283
TX005097,C0106,2026-03-17T06:11:00,486.13,travel,City-1,D1,card,801
TX005098,C0297,2026-03-22T01:12:00,277.89,retail,City-2,D0,card,128
TX005099,C0129,2026-02-10T18:38:00,2690.2,retail,City-9,D6024,card,1050
TX005100,C0009,2026-02-10T02:31:00,221.17,retail,City-4,D0,card,1613
TX005101,C0268,2026-03-17T10:12:00,54.09,cash,City-3,D1,card,1667
TX005102,C0048,2026-03-26T18:27:00,113.96,cash,City-3,D0,card,1536
TX005103,C0165,2026-03-31T06:03:00,235.81,grocery,City-0,D0,card,1673
TX005104,C0202,2026-03-05T22:31:00,112.87,retail,City-2,D1,card,1119
TX005105,C0226,2026-03-07T19:57:00,24.23,grocery,City-1,D1,card,456
TX005106,C0201,2026-03-08T23:18:00,873.7,cash,City-1,D0,card,1105
TX005107,C0196,2026-01-31T13:00:00,235.91,travel,City-1,D1,card,1561
TX005108,C0047,2026-02-28T03:25:00,211.47,retail,City-2,D2,card,428
TX005109,C0103,2026-03-14T01:40:00,126.16,retail,City-3,D1,card,94
TX005110,C0121,2026-02-19T18:54:00,231.0,cash,City-1,D1,card,321
TX005111,C0171,2026-02-28T08:36:00,1448.91,travel,City-6,D1410,card,103
TX005112,C0281,2026-03-13T12:37:00,101.96,grocery,City-1,D2,card,231
TX005113,C0146,2026-01-22T23:46:00,254.13,travel,City-1,D2,card,1778
TX005114,C0293,2026-02-10T04:53:00,72.47,travel,City-3,D2,card,1572
TX005115,C0221,2026-02-27T08:36:00,263.01,retail,City-1,D2,card,1137
TX005116,C0068,2026-03-13T20:18:00,48.87,travel,City-3,D2,card,745
TX005117,C0042,2026-01-15T11:36:00,475.64,cash,City-2,D0,card,663
TX005118,C0275,2026-01-08T08:11:00,190.15,cash,City-0,D2,card,1817
TX005119,C0197,2026-03-21T04:32:00,123.63,retail,City-2,D2,card,1148
TX005120,C0207,2026-02-14T23:10:00,100.77,cash,City-2,D0,card,1553
TX005121,C0091,2026-01-11T09:24:00,338.76,cash,City-1,D1,card,1564
TX005122,C0105,2026-02-08T15:53:00,401.93,cash,City-0,D0,card,1386
TX005123,C0205,2026-02-16T08:47:00,179.62,travel,City-0,D1,card,744
TX005124,C0222,2026-03-18T16:26:00,682.42,cash,City-2,D0,card,1950
TX005125,C0104,2026-03-24T09:18:00,348.1,travel,City-4,D2,card,1105
TX005126,C0138,2026-03-15T06:06:00,305.82,cash,City-3,D0,card,226
TX005127,C0147,2026-03-12T03:37:00,926.94,cash,City-17,D9417,card,1975
TX005128,C0240,2026-02-16T20:35:00,199.21,cash,City-0,D0,card,98
TX005129,C0274,2026-02-10T21:40:00,623.83,retail,City-4,D1,card,402
TX005130,C0143,2026-01-04T06:02:00,273.92,travel,City-3,D2,card,86
TX005131,C0191,2026-01-12T11:22:00,122.66,retail,City-1,D2,card,1402
TX005132,C0015,2026-01-11T05:07:00,127.81,grocery,City-0,D0,card,39
TX005133,C0288,2026-03-28T01:05:00,207.53,cash,City-3,D0,card,1328
TX005134,C0276,2026-02-09T03:38:00,130.31,grocery,City-1,D0,card,378
TX005135,C0067,2026-02-23T04:51:00,210.68,grocery,City-2,D1,card,812
TX005136,C0161,2026-01-10T18:48:00,680.91,retail,City-1,D2,card,300
TX005137,C0241,2026-01-02T02:41:00,3618.98,cash,City-12,D5402,card,1076
TX005138,C0189,2026-02-07T06:49:00,196.71,travel,City-4,D0,card,1657
TX005139,C0215,2026-03-30T06:28:00,151.02,retail,City-0,D2,card,1589
TX005140,C0234,2026-01-18T09:02:00,578.43,cash,City-4,D0,card,396
TX005141,C0054,2026-01-11T02:10:00,449.83,travel,City-4,D0,card,1206
TX005142,C0190,2026-01-15T19:16:00,294.0,travel,City-0,D1,card,1897
TX005143,C0180,2026-01-06T02:00:00,1433.91,retail,City-9,D3062,card,274
TX005144,C0128,2026-01-06T00:35:00,76.2,retail,City-3,D2,card,1727
TX005145,C0101,2026-01-22T19:44:00,238.56,travel,City-1,D2,card,921
TX005146,C0050,2026-01-30T01:41:00,90.12,retail,City-0,D2,card,493
TX005147,C0144,2026-02-14T19:22:00,108.7,cash,City-4,D0,card,788
TX005148,C0023,2026-03-16T00:21:00,304.49,retail,City-3,D2,card,326
TX005149,C0158,2026-02-23T17:57:00,560.18,retail,City-3,D2,card,198
TX005150,C0200,2026-02-04T03:29:00,5397.31,grocery,City-14,D5660,card,979
TX005151,C0126,2026-01-07T21:08:00,54.92,grocery,City-1,D0,card,722
TX005152,C0008,2026-03-06T01:52:00,118.56,travel,City-3,D2,card,1890
TX005153,C0282,2026-02-18T02:32:00,110.25,grocery,City-2,D0,card,144
TX005154,C0143,2026-03-29T03:09:00,471.86,retail,City-3,D2,card,783
TX005155,C0152,2026-03-13T09:46:00,2035.79,cash,City-1,D4407,card,149
TX005156,C0041,2026-03-24T18:09:00,301.59,travel,City-1,D2,card,394
TX005157,C0035,2026-02-03T03:03:00,119.04,travel,City-0,D2,card,1088
TX005158,C0123,2026-03-12T04:03:00,269.68,retail,City-3,D0,card,875
TX005159,C0268,2026-02-07T13:31:00,135.55,grocery,City-3,D1,card,1791
TX005160,C0140,2026-02-11T04:45:00,183.58,retail,City-0,D2,card,669
TX005161,C0078,2026-02-08T01:34:00,886.35,travel,City-5,D3708,card,1496
TX005162,C0052,2026-03-25T22:23:00,243.3,grocery,City-2,D1,card,927
TX005163,C0027,2026-01-23T05:35:00,60.17,grocery,City-2,D0,card,1905
TX005164,C0275,2026-03-15T05:29:00,204.65,travel,City-0,D2,card,698
TX005165,C0192,2026-01-27T15:06:00,125.46,cash,City-2,D0,card,1500
TX005166,C0032,2026-02-12T18:05:00,144.35,grocery,City-2,D2,card,337
TX005167,C0216,2026-01-20T16:38:00,176.36,cash,City-1,D0,card,1388
TX005168,C0102,2026-03-08T09:12:00,86.76,grocery,City-2,D0,card,1691
TX005169,C0198,2026-02-24T12:37:00,64.69,retail,City-3,D0,card,1452
TX005170,C0095,2026-01-12T02:20:00,239.45,retail,City-0,D2,card,855
TX005171,C0099,2026-02-11T15:33:00,173.63,travel,City-4,D0,card,422
TX005172,C0065,2026-03-14T07:29:00,162.78,travel,City-0,D2,card,1647
TX005173,C0199,2026-02-06T04:47:00,221.48,travel,City-4,D1,card,594
TX005174,C0136,2026-03-29T18:11:00,127.49,grocery,City-1,D1,card,1683
TX005175,C0211,2026-01-07T23:48:00,586.33,cash,City-1,D1,card,358
TX005176,C0013,2026-03-15T13:17:00,396.27,cash,City-3,D1,card,1602
TX005177,C0268,2026-03-12T22:48:00,103.83,retail,City-3,D1,card,109
TX005178,C0288,2026-01-29T15:06:00,344.36,grocery,City-3,D0,card,917
TX005179,C0183,2026-03-25T21:00:00,201.41,retail,City-3,D0,card,1166
TX005180,C0201,2026-03-21T19:55:00,214.92,cash,City-1,D0,card,947
TX005181,C0123,2026-01-18T04:14:00,238.38,grocery,City-3,D0,card,1232
TX005182,C0297,2026-03-13T11:50:00,261.17,retail,City-2,D0,card,861
TX005183,C0012,2026-01-14T19:01:00,473.06,travel,City-2,D0,card,1952
TX005184,C0137,2026-01-12T11:36:00,144.84,cash,City-2,D2,card,1088
TX005185,C0261,2026-03-20T13:03:00,612.82,grocery,City-1,D0,card,1825
TX005186,C0186,2026-01-23T16:25:00,183.91,grocery,City-1,D0,card,1084
TX005187,C0070,2026-03-07T07:45:00,143.81,grocery,City-0,D1,card,618
TX005188,C0094,2026-03-18T18:48:00,271.23,grocery,City-4,D1,card,32
TX005189,C0289,2026-01-22T05:08:00,78.68,retail,City-4,D1,card,315
TX005190,C0099,2026-02-22T16:25:00,525.41,retail,City-4,D0,card,592
TX005191,C0057,2026-01-28T18:47:00,180.59,retail,City-2,D0,card,1983
TX005192,C0218,2026-02-02T03:41:00,220.37,retail,City-3,D2,card,1815
TX005193,C0143,2026-02-09T23:50:00,718.18,cash,City-4,D2012,card,1183
TX005194,C0083,2026-03-28T04:04:00,43.9,retail,City-3,D2,card,399
TX005195,C0037,2026-01-15T02:52:00,3463.42,cash,City-13,D4439,card,1367
TX005196,C0104,2026-01-18T20:58:00,1216.39,retail,City-1,D6594,card,675
TX005197,C0041,2026-02-25T20:04:00,660.3,cash,City-1,D2,card,1402
TX005198,C0278,2026-03-12T13:26:00,367.85,retail,City-3,D2,card,247
TX005199,C0238,2026-03-14T04:52:00,25.36,retail,City-3,D1,card,136
TX005200,C0233,2026-01-11T04:28:00,125.52,retail,City-3,D2,card,286
TX005201,C0237,2026-03-22T18:19:00,403.66,cash,City-2,D0,card,360
TX005202,C0115,2026-02-24T14:34:00,259.76,grocery,City-0,D1,card,1140
TX005203,C0189,2026-01-26T01:35:00,520.3,retail,City-17,D7450,card,905
TX005204,C0007,2026-01-23T08:47:00,340.32,grocery,City-2,D1,card,86
TX005205,C0257,2026-03-16T10:49:00,42.68,grocery,City-2,D2,card,63
TX005206,C0198,2026-02-25T04:48:00,112.2,retail,City-3,D0,card,1210
TX005207,C0133,2026-03-02T14:49:00,132.28,retail,City-3,D1,card,1206
TX005208,C0243,2026-03-29T05:27:00,176.84,grocery,City-3,D0,card,1610
TX005209,C0280,2026-01-23T11:06:00,73.53,cash,City-0,D1,card,272
TX005210,C0198,2026-03-27T02:46:00,81.01,cash,City-3,D0,card,571
TX005211,C0187,2026-01-12T13:07:00,77.01,retail,City-2,D1,card,427
TX005212,C0153,2026-02-11T09:20:00,220.34,cash,City-3,D0,card,558
TX005213,C0199,2026-01-16T17:25:00,81.85,grocery,City-4,D1,card,1487
TX005214,C0149,2026-02-09T18:13:00,44.38,retail,City-4,D2,card,1392
TX005215,C0085,2026-03-20T04:17:00,48.13,cash,City-0,D1,card,1929
TX005216,C0102,2026-01-19T14:58:00,104.01,cash,City-2,D0,card,207
TX005217,C0229,2026-03-08T19:31:00,57.43,travel,City-4,D1,card,1579
TX005218,C0108,2026-02-25T21:08:00,61.46,retail,City-3,D0,card,357
TX005219,C0010,2026-03-18T14:47:00,113.22,travel,City-0,D1,card,1104
TX005220,C0059,2026-01-06T12:46:00,75.03,grocery,City-4,D2,card,1513
TX005221,C0247,2026-02-09T00:20:00,150.41,grocery,City-2,D1,card,1378
TX005222,C0251,2026-01-30T16:30:00,270.21,grocery,City-1,D2,card,1251
TX005223,C0237,2026-01-11T00:57:00,468.65,cash,City-2,D0,card,1878
TX005224,C0281,2026-02-13T14:48:00,111.07,cash,City-1,D2,card,766
TX005225,C0193,2026-02-10T16:51:00,758.56,retail,City-3,D1,card,1615
TX005226,C0249,2026-02-26T21:25:00,150.14,travel,City-4,D0,card,66
TX005227,C0244,2026-03-14T03:37:00,240.97,retail,City-4,D1,card,737
TX005228,C0187,2026-01-06T19:15:00,19.66,cash,City-2,D1,card,108
TX005229,C0204,2026-02-26T00:23:00,44.31,grocery,City-4,D0,card,960
TX005230,C0165,2026-02-01T08:58:00,242.99,grocery,City-0,D0,card,760
TX005231,C0105,2026-03-10T07:21:00,152.73,grocery,City-0,D0,card,1232
TX005232,C0035,2026-03-23T07:26:00,61.86,cash,City-0,D2,card,300
TX005233,C0072,2026-01-23T12:23:00,499.89,cash,City-2,D0,card,1699
TX005234,C0261,2026-02-22T10:44:00,378.47,travel,City-1,D0,card,1181
TX005235,C0101,2026-03-11T10:41:00,163.63,grocery,City-1,D2,card,1479
TX005236,C0201,2026-02-26T21:38:00,653.83,travel,City-1,D0,card,1487
TX005237,C0153,2026-03-15T06:23:00,121.34,cash,City-3,D0,card,1025
TX005238,C0206,2026-02-02T03:32:00,113.88,retail,City-1,D2,card,1386
TX005239,C0179,2026-03-18T07:48:00,196.44,retail,City-4,D2,card,170
TX005240,C0142,2026-03-28T17:26:00,320.48,travel,City-2,D1,card,393
TX005241,C0123,2026-03-03T02:44:00,279.19,travel,City-3,D0,card,1211
TX005242,C0119,2026-02-12T04:44:00,377.63,travel,City-4,D2,card,1076
TX005243,C0285,2026-02-27T03:41:00,2126.39,cash,City-10,D3483,card,1544
TX005244,C0262,2026-01-01T23:45:00,157.55,travel,City-2,D1,card,1511
TX005245,C0047,2026-01-20T18:56:00,98.98,travel,City-2,D2,card,1474
TX005246,C0081,2026-02-24T09:35:00,196.45,travel,City-1,D0,card,1912
TX005247,C0190,2026-03-31T17:56:00,387.66,cash,City-0,D1,card,514
TX005248,C0208,2026-01-29T20:13:00,32.09,grocery,City-3,D1,card,49
TX005249,C0245,2026-02-26T09:00:00,116.6,retail,City-0,D2,card,1512
TX005250,C0224,2026-01-26T09:48:00,151.49,retail,City-4,D2,card,161
TX005251,C0031,2026-01-10T22:38:00,270.99,retail,City-1,D1,card,139
TX005252,C0158,2026-03-16T03:02:00,124.64,cash,City-3,D2,card,1824
TX005253,C0265,2026-01-01T22:34:00,48.82,grocery,City-0,D1,card,776
TX005254,C0255,2026-02-17T18:19:00,390.23,grocery,City-0,D0,card,629
TX005255,C0084,2026-01-20T09:18:00,34.93,retail,City-4,D0,card,1731
TX005256,C0124,2026-02-28T11:54:00,309.16,travel,City-9,D9356,card,471
TX005257,C0299,2026-01-27T03:00:00,170.62,cash,City-4,D2,card,1405
TX005258,C0259,2026-01-21T07:29:00,244.95,retail,City-4,D1,card,973
TX005259,C0290,2026-01-12T13:14:00,452.74,cash,City-0,D2,card,523
TX005260,C0092,2026-01-02T07:57:00,166.58,travel,City-2,D2,card,1297
TX005261,C0208,2026-02-16T16:44:00,80.21,retail,City-3,D1,card,1591
TX005262,C0014,2026-01-27T03:55:00,2392.2,retail,City-6,D7134,card,825
TX005263,C0082,2026-01-15T03:35:00,209.72,cash,City-2,D1,card,1290
TX005264,C0157,2026-02-12T16:29:00,624.03,cash,City-2,D1,card,1802
TX005265,C0139,2026-02-05T15:26:00,48.7,travel,City-4,D1,card,1253
TX005266,C0234,2026-01-21T08:17:00,465.36,travel,City-4,D0,card,1462
TX005267,C0093,2026-03-11T04:28:00,164.94,travel,City-3,D0,card,1554
TX005268,C0156,2026-02-24T09:59:00,153.91,retail,City-1,D0,card,877
TX005269,C0245,2026-03-02T20:29:00,180.2,cash,City-0,D2,card,1081
TX005270,C0240,2026-01-19T09:27:00,161.36,grocery,City-0,D0,card,786
TX005271,C0170,2026-03-10T00:20:00,84.31,cash,City-0,D2,card,1487
TX005272,C0244,2026-03-10T18:31:00,396.95,retail,City-4,D1,card,828
TX005273,C0217,2026-03-13T09:11:00,129.47,retail,City-2,D1,card,1268
TX005274,C0096,2026-02-12T05:16:00,167.2,travel,City-1,D0,card,345
TX005275,C0297,2026-03-30T20:01:00,481.45,cash,City-2,D0,card,1536
TX005276,C0253,2026-02-24T04:03:00,72.87,travel,City-3,D1,card,149
TX005277,C0185,2026-01-19T06:59:00,269.11,grocery,City-0,D2,card,1515
TX005278,C0229,2026-01-02T08:51:00,53.37,retail,City-4,D1,card,1396
TX005279,C0027,2026-01-25T11:41:00,15.11,travel,City-2,D0,card,529
TX005280,C0057,2026-03-12T13:52:00,203.55,travel,City-2,D0,card,609
TX005281,C0299,2026-03-07T20:20:00,359.15,cash,City-4,D2,card,1751
TX005282,C0203,2026-02-23T00:07:00,171.89,retail,City-3,D2,card,1047
TX005283,C0208,2026-02-12T13:21:00,1251.86,travel,City-17,D4542,card,406
TX005284,C0292,2026-01-17T08:40:00,246.12,grocery,City-2,D1,card,1098
TX005285,C0038,2026-01-21T07:27:00,88.21,grocery,City-3,D2,card,1763
TX005286,C0071,2026-01-24T07:08:00,108.75,grocery,City-1,D2,card,1850
TX005287,C0112,2026-03-24T14:27:00,100.18,cash,City-2,D1,card,453
TX005288,C0186,2026-01-27T02:47:00,266.64,retail,City-1,D0,card,410
TX005289,C0247,2026-03-27T06:45:00,1521.44,cash,City-1,D4761,card,1066
TX005290,C0139,2026-03-16T14:11:00,32.09,retail,City-4,D1,card,957
TX005291,C0070,2026-01-08T06:17:00,88.79,grocery,City-0,D1,card,1298
TX005292,C0189,2026-02-05T03:22:00,132.97,retail,City-4,D0,card,1846
TX005293,C0140,2026-02-20T01:38:00,237.73,retail,City-0,D2,card,1264
TX005294,C0235,2026-02-07T04:18:00,321.35,cash,City-0,D1,card,1135
TX005295,C0169,2026-01-19T12:04:00,405.23,travel,City-4,D1,card,490
TX005296,C0018,2026-02-27T13:36:00,215.86,cash,City-3,D0,card,1735
TX005297,C0036,2026-03-11T02:34:00,108.33,travel,City-1,D0,card,910
TX005298,C0165,2026-01-02T00:25:00,240.2,grocery,City-0,D0,card,40
TX005299,C0210,2026-03-22T08:08:00,1752.81,retail,City-4,D5287,card,453
TX005300,C0131,2026-03-17T10:57:00,315.13,cash,City-1,D2,card,547
TX005301,C0087,2026-03-29T00:04:00,184.53,retail,City-2,D0,card,1286
TX005302,C0101,2026-01-25T13:40:00,298.45,cash,City-1,D2,card,479
TX005303,C0254,2026-03-11T09:20:00,87.09,cash,City-4,D2,card,1463
TX005304,C0150,2026-01-15T18:52:00,354.31,grocery,City-0,D0,card,566
TX005305,C0068,2026-02-17T13:38:00,45.13,grocery,City-3,D2,card,553
TX005306,C0202,2026-03-09T21:40:00,134.6,cash,City-2,D1,card,582
TX005307,C0019,2026-03-25T06:45:00,238.71,cash,City-4,D1,card,1359
TX005308,C0214,2026-03-31T03:07:00,180.46,grocery,City-4,D1,card,1450
TX005309,C0016,2026-01-20T05:43:00,183.18,cash,City-1,D1,card,1941
TX005310,C0117,2026-02-15T06:25:00,179.33,grocery,City-2,D0,card,1245
TX005311,C0044,2026-02-24T00:32:00,400.0,grocery,City-4,D2,card,1586
TX005312,C0106,2026-02-26T03:43:00,330.64,travel,City-1,D1,card,1588
TX005313,C0202,2026-02-22T00:51:00,669.44,retail,City-2,D1,card,1712
TX005314,C0156,2026-02-20T20:44:00,78.47,cash,City-1,D0,card,529
TX005315,C0046,2026-03-21T14:18:00,286.97,travel,City-1,D1,card,366
TX005316,C0198,2026-02-14T23:19:00,325.36,cash,City-1,D3576,card,401
TX005317,C0124,2026-03-23T23:46:00,35.51,retail,City-4,D1,card,402
TX005318,C0040,2026-02-26T21:31:00,146.14,travel,City-0,D1,card,1137
TX005319,C0263,2026-01-25T19:21:00,85.6,retail,City-3,D2,card,1248
TX005320,C0039,2026-03-29T16:03:00,291.24,travel,City-4,D0,card,1344
TX005321,C0177,2026-02-21T17:04:00,245.47,travel,City-2,D0,card,556
TX005322,C0259,2026-02-13T10:44:00,405.9,grocery,City-4,D1,card,368
TX005323,C0027,2026-02-14T15:40:00,51.81,travel,City-2,D0,card,497
TX005324,C0124,2026-03-26T05:26:00,40.49,cash,City-4,D1,card,245
TX005325,C0112,2026-03-18T16:30:00,148.12,grocery,City-2,D1,card,1932
TX005326,C0291,2026-02-22T03:29:00,44.62,grocery,City-1,D0,card,43
TX005327,C0172,2026-01-25T17:06:00,130.88,cash,City-2,D1,card,1851
TX005328,C0192,2026-02-16T01:26:00,41.37,retail,City-2,D0,card,763
TX005329,C0274,2026-01-19T23:21:00,236.27,cash,City-4,D1,card,671
TX005330,C0268,2026-02-10T03:58:00,52.87,retail,City-3,D1,card,735
TX005331,C0213,2026-03-20T19:14:00,261.21,grocery,City-3,D0,card,1506
TX005332,C0040,2026-03-23T11:01:00,150.3,grocery,City-0,D1,card,732
TX005333,C0153,2026-03-01T14:11:00,180.98,grocery,City-3,D0,card,930
TX005334,C0003,2026-03-02T03:23:00,628.25,cash,City-3,D0,card,528
TX005335,C0144,2026-01-02T07:17:00,421.48,retail,City-4,D0,card,1366
TX005336,C0048,2026-02-25T09:04:00,209.33,retail,City-3,D0,card,399
TX005337,C0257,2026-01-01T12:51:00,52.07,cash,City-2,D2,card,703
TX005338,C0214,2026-02-27T09:01:00,300.6,retail,City-4,D1,card,1453
TX005339,C0202,2026-02-24T04:39:00,221.87,cash,City-2,D1,card,242
TX005340,C0030,2026-02-12T06:41:00,275.96,travel,City-0,D0,card,1958
TX005341,C0139,2026-03-08T01:29:00,49.34,retail,City-4,D1,card,475
TX005342,C0237,2026-03-03T15:17:00,265.9,grocery,City-2,D0,card,438
TX005343,C0288,2026-02-01T11:37:00,207.26,retail,City-3,D0,card,607
TX005344,C0116,2026-02-13T11:25:00,243.94,travel,City-1,D2,card,1285
TX005345,C0193,2026-03-01T10:48:00,320.98,retail,City-3,D1,card,388
TX005346,C0284,2026-02-12T13:04:00,515.87,retail,City-4,D2,card,647
TX005347,C0056,2026-03-01T23:16:00,173.22,cash,City-1,D2,card,723
TX005348,C0088,2026-03-06T13:46:00,118.94,travel,City-3,D1,card,955
TX005349,C0248,2026-01-03T14:59:00,85.92,retail,City-3,D2,card,129
TX005350,C0263,2026-02-14T23:20:00,95.21,travel,City-3,D2,card,1811
TX005351,C0109,2026-02-14T00:59:00,2483.6,retail,City-5,D7064,card,1103
TX005352,C0206,2026-03-17T15:25:00,101.1,travel,City-1,D2,card,1970
TX005353,C0200,2026-02-22T01:50:00,269.96,grocery,City-0,D2,card,1238
TX005354,C0140,2026-03-02T23:10:00,110.75,grocery,City-0,D2,card,592
TX005355,C0115,2026-01-17T16:08:00,515.76,cash,City-0,D1,card,1284
TX005356,C0101,2026-02-28T08:02:00,398.93,cash,City-1,D2,card,613
TX005357,C0008,2026-01-29T22:28:00,52.32,travel,City-3,D2,card,1016
TX005358,C0190,2026-01-20T18:14:00,390.97,cash,City-0,D1,card,1624
TX005359,C0165,2026-01-03T11:18:00,220.51,grocery,City-0,D0,card,620
TX005360,C0244,2026-02-10T04:46:00,225.85,cash,City-4,D1,card,886
TX005361,C0128,2026-03-28T16:57:00,102.04,grocery,City-3,D2,card,158
TX005362,C0071,2026-03-06T22:46:00,207.65,retail,City-1,D2,card,1401
TX005363,C0019,2026-02-09T04:36:00,157.39,travel,City-4,D1,card,1071
TX005364,C0031,2026-03-01T22:05:00,402.69,grocery,City-1,D1,card,1019
TX005365,C0101,2026-01-20T16:22:00,161.65,retail,City-1,D2,card,835
TX005366,C0148,2026-03-20T02:58:00,393.99,retail,City-3,D1,card,979
TX005367,C0240,2026-03-21T17:19:00,241.42,travel,City-0,D0,card,772
TX005368,C0118,2026-01-06T10:15:00,193.35,travel,City-3,D1,card,525
TX005369,C0107,2026-01-29T19:35:00,117.73,travel,City-2,D2,card,835
TX005370,C0019,2026-03-25T18:14:00,199.35,retail,City-4,D1,card,1781
TX005371,C0051,2026-01-10T13:19:00,41.32,cash,City-1,D0,card,718
TX005372,C0192,2026-02-15T01:40:00,173.44,retail,City-2,D0,card,825
TX005373,C0213,2026-03-08T08:27:00,400.69,retail,City-3,D0,card,1858
TX005374,C0232,2026-02-26T04:55:00,436.5,grocery,City-2,D1,card,1467
TX005375,C0101,2026-03-23T00:45:00,236.35,travel,City-1,D2,card,521
TX005376,C0013,2026-01-19T07:26:00,3299.43,grocery,City-13,D5572,card,858
TX005377,C0096,2026-02-06T18:39:00,114.9,retail,City-1,D0,card,1694
TX005378,C0235,2026-03-15T17:13:00,639.16,cash,City-0,D1,card,1763
TX005379,C0036,2026-02-19T23:29:00,35.34,retail,City-1,D0,card,422
TX005380,C0190,2026-02-02T10:35:00,328.07,grocery,City-0,D1,card,132
TX005381,C0112,2026-02-06T12:00:00,234.01,travel,City-2,D1,card,1103
TX005382,C0169,2026-02-15T11:05:00,411.43,travel,City-4,D1,card,906
TX005383,C0087,2026-01-03T14:33:00,226.17,grocery,City-2,D0,card,278
TX005384,C0082,2026-03-24T12:13:00,254.42,cash,City-2,D1,card,806
TX005385,C0198,2026-02-27T09:47:00,520.61,travel,City-18,D6598,card,460
TX005386,C0272,2026-01-04T18:49:00,32.97,retail,City-2,D2,card,1462
TX005387,C0118,2026-03-07T14:56:00,171.32,grocery,City-3,D1,card,1056
TX005388,C0239,2026-01-01T11:05:00,766.1,travel,City-9,D1826,card,1457
TX005389,C0282,2026-01-01T01:09:00,1687.23,retail,City-18,D6441,card,1616
TX005390,C0074,2026-02-02T19:48:00,50.47,travel,City-4,D2,card,465
TX005391,C0029,2026-01-02T06:33:00,136.97,cash,City-4,D2,card,345
TX005392,C0294,2026-02-14T01:38:00,203.93,retail,City-4,D0,card,1305
TX005393,C0042,2026-01-25T21:38:00,541.75,grocery,City-2,D0,card,1421
TX005394,C0248,2026-02-27T13:59:00,121.07,cash,City-3,D2,card,432
TX005395,C0276,2026-03-09T03:14:00,158.65,retail,City-1,D0,card,1935
TX005396,C0031,2026-03-14T22:19:00,455.53,retail,City-1,D1,card,1101
TX005397,C0030,2026-01-10T05:08:00,285.48,travel,City-0,D0,card,160
TX005398,C0044,2026-02-09T21:55:00,224.43,travel,City-4,D2,card,516
TX005399,C0206,2026-03-16T20:40:00,63.23,grocery,City-1,D2,card,419
TX005400,C0164,2026-02-04T16:26:00,66.21,cash,City-4,D2,card,1972
TX005401,C0140,2026-03-11T09:03:00,237.77,grocery,City-0,D2,card,1184
TX005402,C0184,2026-02-10T13:11:00,311.71,travel,City-4,D1,card,1689
TX005403,C0096,2026-02-05T03:34:00,267.32,cash,City-1,D0,card,1553
TX005404,C0063,2026-01-18T20:11:00,170.13,retail,City-3,D0,card,542
TX005405,C0107,2026-01-04T16:15:00,169.08,grocery,City-2,D2,card,1885
TX005406,C0132,2026-02-01T22:45:00,306.92,grocery,City-2,D0,card,1969
TX005407,C0073,2026-03-18T11:06:00,257.08,grocery,City-3,D1,card,443
TX005408,C0253,2026-02-21T14:04:00,60.68,retail,City-3,D1,card,192
TX005409,C0261,2026-01-07T14:00:00,288.78,travel,City-1,D0,card,1454
TX005410,C0164,2026-03-10T10:48:00,190.66,travel,City-4,D2,card,830
TX005411,C0201,2026-01-06T08:17:00,410.61,cash,City-1,D0,card,1711
TX005412,C0282,2026-03-17T15:02:00,91.9,cash,City-2,D0,card,746
TX005413,C0297,2026-01-14T21:07:00,313.63,grocery,City-2,D0,card,1556
TX005414,C0090,2026-01-14T10:18:00,76.05,grocery,City-0,D0,card,207
TX005415,C0241,2026-01-10T23:07:00,1338.05,grocery,City-17,D3968,card,894
TX005416,C0042,2026-03-12T05:02:00,288.02,retail,City-2,D0,card,134
TX005417,C0108,2026-01-18T19:30:00,111.07,grocery,City-3,D0,card,1566
TX005418,C0029,2026-02-18T19:37:00,154.82,retail,City-4,D2,card,1238
TX005419,C0096,2026-03-17T00:06:00,166.59,grocery,City-1,D0,card,1030
TX005420,C0240,2026-02-06T13:26:00,166.1,travel,City-0,D0,card,1162
TX005421,C0156,2026-01-02T23:57:00,168.8,retail,City-1,D0,card,607
TX005422,C0042,2026-03-11T00:31:00,397.62,grocery,City-2,D0,card,1408
TX005423,C0248,2026-01-14T11:34:00,159.99,cash,City-3,D2,card,1259
TX005424,C0197,2026-03-07T19:43:00,530.66,cash,City-2,D2,card,1751
TX005425,C0122,2026-01-28T02:14:00,70.98,cash,City-2,D2,card,1681
TX005426,C0005,2026-01-09T19:38:00,417.19,grocery,City-0,D2,card,1065
TX005427,C0080,2026-01-14T00:00:00,353.98,travel,City-0,D2,card,448
TX005428,C0090,2026-02-04T22:03:00,41.33,travel,City-0,D0,card,1426
TX005429,C0000,2026-03-11T00:22:00,578.31,travel,City-0,D0,card,698
TX005430,C0228,2026-01-17T04:44:00,236.86,cash,City-3,D0,card,402
TX005431,C0008,2026-01-25T16:58:00,60.57,cash,City-3,D2,card,350
TX005432,C0185,2026-02-11T09:13:00,465.37,cash,City-0,D2,card,1519
TX005433,C0209,2026-03-01T19:39:00,216.76,cash,City-4,D2,card,1109
TX005434,C0172,2026-03-09T22:54:00,106.32,grocery,City-2,D1,card,273
TX005435,C0087,2026-02-11T09:31:00,346.6,retail,City-2,D0,card,1568
TX005436,C0093,2026-03-27T22:25:00,220.31,retail,City-3,D0,card,1193
TX005437,C0137,2026-02-23T02:32:00,193.88,travel,City-2,D2,card,1774
TX005438,C0254,2026-01-06T19:58:00,92.68,cash,City-4,D2,card,355
TX005439,C0284,2026-01-03T03:30:00,191.22,travel,City-4,D2,card,1732
TX005440,C0157,2026-02-03T11:07:00,380.03,cash,City-2,D1,card,465
TX005441,C0090,2026-03-01T23:11:00,151.51,grocery,City-0,D0,card,1200
TX005442,C0036,2026-02-08T13:30:00,59.96,cash,City-1,D0,card,1264
TX005443,C0011,2026-03-22T11:56:00,385.26,grocery,City-1,D2,card,1788
TX005444,C0275,2026-02-26T22:57:00,269.73,travel,City-0,D2,card,1971
TX005445,C0285,2026-01-29T05:33:00,206.85,retail,City-0,D0,card,220
TX005446,C0247,2026-02-14T06:58:00,185.94,travel,City-2,D1,card,415
TX005447,C0282,2026-02-07T06:30:00,50.4,travel,City-2,D0,card,207
TX005448,C0080,2026-01-07T05:37:00,228.35,cash,City-0,D2,card,529
TX005449,C0108,2026-03-30T04:46:00,77.17,cash,City-3,D0,card,1062
TX005450,C0007,2026-03-31T09:31:00,224.7,travel,City-2,D1,card,458
TX005451,C0109,2026-03-03T21:54:00,845.5,grocery,City-4,D1,card,829
TX005452,C0242,2026-02-21T22:08:00,131.76,grocery,City-2,D2,card,1700
TX005453,C0063,2026-02-18T14:29:00,1921.27,travel,City-19,D9312,card,56
TX005454,C0217,2026-03-18T12:39:00,78.43,cash,City-2,D1,card,1064
TX005455,C0006,2026-01-18T03:10:00,548.14,retail,City-1,D0,card,1670
TX005456,C0003,2026-01-22T05:18:00,374.42,travel,City-3,D0,card,1290
TX005457,C0136,2026-03-09T17:37:00,245.96,retail,City-1,D1,card,115
TX005458,C0015,2026-01-15T03:31:00,69.18,cash,City-0,D0,card,730
TX005459,C0132,2026-03-02T18:21:00,176.38,grocery,City-2,D0,card,195
TX005460,C0101,2026-03-10T08:14:00,289.57,retail,City-1,D2,card,957
TX005461,C0089,2026-03-29T06:54:00,327.95,retail,City-4,D2,card,528
TX005462,C0163,2026-01-10T11:58:00,44.38,retail,City-3,D1,card,1089
TX005463,C0062,2026-02-22T08:57:00,231.55,cash,City-2,D2,card,260
TX005464,C0076,2026-03-06T15:59:00,189.6,retail,City-1,D1,card,1713
TX005465,C0157,2026-02-12T22:29:00,396.41,retail,City-2,D1,card,280
TX005466,C0041,2026-01-28T16:20:00,340.67,retail,City-1,D2,card,107
TX005467,C0049,2026-02-22T15:54:00,81.86,travel,City-4,D1,card,1993
TX005468,C0050,2026-01-11T01:27:00,100.35,travel,City-0,D2,card,286
TX005469,C0255,2026-03-24T14:03:00,255.11,grocery,City-0,D0,card,578
TX005470,C0082,2026-02-02T08:27:00,437.13,grocery,City-2,D1,card,1544
TX005471,C0168,2026-03-16T12:05:00,102.46,retail,City-3,D0,card,1493
TX005472,C0092,2026-02-10T03:20:00,2069.11,retail,City-7,D1636,card,1542
TX005473,C0071,2026-01-05T20:36:00,194.07,retail,City-1,D2,card,324
TX005474,C0003,2026-03-21T08:26:00,236.14,travel,City-3,D0,card,1929
TX005475,C0174,2026-02-09T18:27:00,86.85,grocery,City-4,D0,card,1679
TX005476,C0287,2026-03-05T07:06:00,203.3,travel,City-2,D2,card,1201
TX005477,C0248,2026-01-19T18:07:00,212.25,cash,City-3,D2,card,140
TX005478,C0012,2026-01-25T21:25:00,465.02,grocery,City-2,D0,card,912
TX005479,C0131,2026-01-06T10:51:00,340.82,cash,City-1,D2,card,1452
TX005480,C0103,2026-02-11T10:03:00,200.95,travel,City-3,D1,card,156
TX005481,C0248,2026-02-14T03:01:00,171.65,cash,City-3,D2,card,1526
TX005482,C0013,2026-03-03T02:29:00,175.81,grocery,City-3,D1,card,1899
TX005483,C0251,2026-03-09T17:21:00,377.14,cash,City-1,D2,card,1557
TX005484,C0006,2026-02-25T00:48:00,362.21,grocery,City-1,D0,card,254
TX005485,C0186,2026-03-01T10:03:00,151.61,grocery,City-1,D0,card,1553
TX005486,C0266,2026-02-02T23:45:00,1950.09,travel,City-12,D4494,card,369
TX005487,C0184,2026-03-12T03:55:00,180.91,travel,City-4,D1,card,1986
TX005488,C0214,2026-01-15T10:38:00,285.51,retail,City-4,D1,card,1850
TX005489,C0013,2026-01-31T23:08:00,218.03,travel,City-3,D1,card,349
TX005490,C0030,2026-02-15T01:43:00,4531.56,retail,City-5,D7272,card,272
TX005491,C0073,2026-01-03T01:54:00,44.37,cash,City-3,D1,card,1558
TX005492,C0198,2026-01-07T11:29:00,90.11,travel,City-3,D0,card,1401
TX005493,C0275,2026-01-12T18:46:00,119.06,cash,City-0,D2,card,1055
TX005494,C0223,2026-02-21T19:05:00,333.84,retail,City-3,D1,card,1963
TX005495,C0007,2026-01-25T12:56:00,261.62,grocery,City-2,D1,card,628
TX005496,C0267,2026-02-07T22:56:00,138.64,cash,City-2,D0,card,1405
TX005497,C0017,2026-02-01T01:22:00,380.3,cash,City-9,D9584,card,1441
TX005498,C0080,2026-01-15T17:20:00,160.71,travel,City-0,D2,card,1965
TX005499,C0271,2026-01-26T16:29:00,91.55,cash,City-1,D1,card,1678
TX005500,C0274,2026-02-11T14:47:00,273.33,travel,City-4,D1,card,1184
TX005501,C0062,2026-01-23T11:58:00,175.74,retail,City-2,D2,card,1853
TX005502,C0051,2026-01-13T10:59:00,42.68,retail,City-1,D0,card,426
TX005503,C0156,2026-01-27T02:54:00,92.26,retail,City-1,D0,card,1767
TX005504,C0142,2026-03-29T11:22:00,541.16,travel,City-2,D1,card,1072
TX005505,C0227,2026-01-19T12:17:00,424.92,retail,City-2,D2,card,250
TX005506,C0163,2026-03-22T15:19:00,45.86,grocery,City-3,D1,card,1964
TX005507,C0188,2026-03-30T03:57:00,2303.31,grocery,City-15,D7165,card,1954
TX005508,C0109,2026-03-13T15:17:00,376.89,grocery,City-4,D1,card,1385
TX005509,C0283,2026-01-15T09:24:00,90.51,grocery,City-3,D1,card,956
TX005510,C0146,2026-01-19T13:19:00,145.41,travel,City-1,D2,card,1431
TX005511,C0136,2026-03-01T05:53:00,258.07,retail,City-1,D1,card,1499
TX005512,C0107,2026-02-23T18:41:00,938.42,retail,City-11,D5863,card,475
TX005513,C0060,2026-02-16T17:26:00,227.82,grocery,City-0,D0,card,1752
TX005514,C0092,2026-02-04T07:50:00,102.12,grocery,City-2,D2,card,1386
TX005515,C0082,2026-03-22T18:20:00,317.19,travel,City-2,D1,card,1768
TX005516,C0212,2026-03-22T04:24:00,1297.85,cash,City-9,D9622,card,100
TX005517,C0087,2026-02-11T11:19:00,149.65,cash,City-2,D0,card,556
TX005518,C0207,2026-01-27T09:37:00,369.12,travel,City-2,D0,card,1884
TX005519,C0100,2026-02-27T05:25:00,352.62,retail,City-0,D1,card,1488
TX005520,C0126,2026-03-31T13:48:00,316.38,travel,City-1,D0,card,1273
TX005521,C0091,2026-01-27T08:25:00,6691.92,cash,City-8,D1735,card,223
TX005522,C0156,2026-02-08T02:41:00,1808.74,grocery,City-4,D5197,card,1971
TX005523,C0222,2026-03-17T23:49:00,201.53,cash,City-2,D0,card,124
TX005524,C0221,2026-03-17T05:33:00,117.74,retail,City-1,D2,card,622
TX005525,C0032,2026-02-04T00:35:00,1444.05,grocery,City-3,D1017,card,903
TX005526,C0169,2026-03-23T05:03:00,246.59,retail,City-4,D1,card,198
TX005527,C0120,2026-01-31T21:21:00,203.37,retail,City-0,D0,card,1846
TX005528,C0160,2026-03-28T10:57:00,107.05,travel,City-0,D1,card,546
TX005529,C0134,2026-01-07T03:48:00,374.02,cash,City-4,D2,card,626
TX005530,C0195,2026-02-08T21:25:00,73.6,travel,City-0,D0,card,458
TX005531,C0039,2026-03-03T17:23:00,191.98,travel,City-4,D0,card,1888
TX005532,C0229,2026-01-16T10:25:00,133.59,cash,City-4,D1,card,1783
TX005533,C0253,2026-02-24T04:44:00,55.64,grocery,City-3,D1,card,1502
TX005534,C0263,2026-01-23T19:32:00,147.91,retail,City-3,D2,card,184
TX005535,C0047,2026-02-17T10:29:00,116.66,grocery,City-2,D2,card,922
TX005536,C0266,2026-01-30T01:53:00,2635.37,grocery,City-8,D7457,card,1305
TX005537,C0298,2026-03-30T12:23:00,337.36,cash,City-3,D1,card,1489
TX005538,C0081,2026-01-02T22:00:00,265.44,cash,City-1,D0,card,1869
TX005539,C0010,2026-03-29T19:10:00,264.05,retail,City-0,D1,card,327
TX005540,C0149,2026-02-24T07:11:00,34.4,cash,City-4,D2,card,1657
TX005541,C0052,2026-03-05T09:29:00,344.8,travel,City-2,D1,card,1330
TX005542,C0258,2026-02-04T05:27:00,56.84,retail,City-3,D0,card,79
TX005543,C0214,2026-01-23T22:29:00,128.4,travel,City-4,D1,card,774
TX005544,C0292,2026-03-11T13:56:00,550.98,grocery,City-2,D1,card,1648
TX005545,C0010,2026-01-01T05:02:00,206.56,travel,City-0,D1,card,1062
TX005546,C0182,2026-03-10T06:53:00,392.62,retail,City-2,D2,card,309
TX005547,C0210,2026-03-30T13:45:00,236.73,travel,City-0,D0,card,1275
TX005548,C0207,2026-01-20T01:35:00,210.01,retail,City-2,D0,card,1286
TX005549,C0279,2026-02-03T22:42:00,3419.14,travel,City-5,D6278,card,1923
TX005550,C0019,2026-01-30T19:25:00,92.98,travel,City-4,D1,card,846
TX005551,C0133,2026-03-08T01:11:00,150.05,cash,City-3,D1,card,1417
TX005552,C0176,2026-02-22T03:42:00,126.72,grocery,City-1,D2,card,1317
TX005553,C0157,2026-02-02T23:05:00,270.92,retail,City-2,D1,card,1163
TX005554,C0292,2026-01-27T23:45:00,300.58,travel,City-2,D1,card,441
TX005555,C0250,2026-01-15T20:08:00,188.16,grocery,City-0,D1,card,1539
TX005556,C0115,2026-02-01T12:46:00,268.66,cash,City-0,D1,card,586
TX005557,C0072,2026-01-07T04:57:00,369.41,cash,City-2,D0,card,584
TX005558,C0207,2026-02-14T05:06:00,235.94,retail,City-2,D0,card,623
TX005559,C0066,2026-02-16T22:12:00,290.15,retail,City-1,D0,card,1207
TX005560,C0293,2026-01-06T17:23:00,46.46,cash,City-3,D2,card,680
TX005561,C0082,2026-01-19T13:53:00,460.23,cash,City-2,D1,card,827
TX005562,C0248,2026-03-04T07:25:00,109.43,grocery,City-3,D2,card,161
TX005563,C0031,2026-01-10T21:07:00,886.47,grocery,City-1,D1,card,966
TX005564,C0265,2026-01-14T06:54:00,95.65,travel,City-0,D1,card,684
TX005565,C0034,2026-01-08T10:14:00,320.24,cash,City-4,D1,card,1957
TX005566,C0035,2026-01-18T02:35:00,62.28,cash,City-0,D2,card,1336
TX005567,C0295,2026-03-19T17:35:00,275.5,travel,City-0,D1,card,553
TX005568,C0003,2026-03-14T06:16:00,382.09,cash,City-3,D0,card,1179
TX005569,C0170,2026-01-25T04:06:00,250.32,retail,City-0,D2,card,818
TX005570,C0203,2026-01-25T15:48:00,92.99,cash,City-3,D2,card,386
TX005571,C0083,2026-01-17T16:05:00,73.23,travel,City-3,D2,card,177
TX005572,C0166,2026-01-01T23:42:00,381.0,travel,City-1,D1,card,416
TX005573,C0079,2026-02-04T00:01:00,366.14,grocery,City-4,D1,card,441
TX005574,C0122,2026-03-31T15:07:00,41.11,travel,City-2,D2,card,1046
TX005575,C0082,2026-03-28T22:19:00,358.28,grocery,City-2,D1,card,1637
TX005576,C0046,2026-01-01T08:50:00,171.45,retail,City-1,D1,card,716
TX005577,C0221,2026-02-28T13:54:00,281.21,grocery,City-1,D2,card,339
TX005578,C0172,2026-01-27T12:37:00,136.76,grocery,City-2,D1,card,1202
TX005579,C0251,2026-02-16T12:51:00,447.72,travel,City-1,D2,card,1603
TX005580,C0212,2026-02-04T09:06:00,51.69,retail,City-2,D2,card,286
TX005581,C0064,2026-02-05T03:43:00,5598.24,retail,City-14,D6936,card,543
TX005582,C0282,2026-02-18T16:55:00,60.62,travel,City-2,D0,card,927
TX005583,C0190,2026-01-20T06:59:00,2330.58,travel,City-4,D4964,card,1622
TX005584,C0111,2026-02-08T02:11:00,544.79,retail,City-14,D5913,card,118
TX005585,C0139,2026-01-06T04:06:00,49.66,travel,City-4,D1,card,1592
TX005586,C0000,2026-03-03T06:48:00,238.02,travel,City-0,D0,card,1520
TX005587,C0266,2026-03-25T12:52:00,145.98,retail,City-1,D2,card,1173
TX005588,C0131,2026-03-15T09:51:00,370.9,grocery,City-1,D2,card,1046
TX005589,C0093,2026-02-06T01:03:00,161.49,grocery,City-3,D0,card,1452
TX005590,C0141,2026-03-02T19:20:00,138.08,cash,City-1,D0,card,1008
TX005591,C0008,2026-02-26T23:09:00,42.53,travel,City-3,D2,card,1283
TX005592,C0295,2026-03-05T08:47:00,232.34,retail,City-0,D1,card,822
TX005593,C0082,2026-03-03T09:42:00,285.13,cash,City-2,D1,card,427
TX005594,C0298,2026-02-03T21:36:00,236.52,cash,City-3,D1,card,592
TX005595,C0251,2026-01-18T03:23:00,790.65,cash,City-1,D2,card,1295
TX005596,C0107,2026-03-21T21:55:00,132.76,grocery,City-2,D2,card,1263
TX005597,C0241,2026-03-27T05:16:00,158.35,grocery,City-1,D1,card,231
TX005598,C0214,2026-01-14T08:52:00,283.11,retail,City-4,D1,card,638
TX005599,C0140,2026-02-05T08:19:00,339.39,travel,City-0,D2,card,308
TX005600,C0292,2026-02-13T19:15:00,261.28,retail,City-2,D1,card,1242
TX005601,C0019,2026-01-09T00:56:00,131.87,cash,City-4,D1,card,1873
TX005602,C0277,2026-01-22T06:56:00,221.23,cash,City-2,D1,card,1993
TX005603,C0113,2026-01-28T06:57:00,300.85,cash,City-3,D2,card,490
TX005604,C0222,2026-03-02T11:37:00,174.02,cash,City-2,D0,card,1183
TX005605,C0082,2026-02-16T15:24:00,375.25,grocery,City-2,D1,card,1774
TX005606,C0033,2026-01-27T12:16:00,164.94,grocery,City-3,D0,card,1901
TX005607,C0108,2026-01-04T06:41:00,65.55,cash,City-3,D0,card,1412
TX005608,C0252,2026-01-07T09:34:00,318.37,travel,City-2,D0,card,541
TX005609,C0191,2026-01-03T19:39:00,140.56,grocery,City-1,D2,card,372
TX005610,C0207,2026-02-26T10:31:00,189.48,grocery,City-2,D0,card,566
TX005611,C0175,2026-03-30T15:04:00,37.99,retail,City-0,D1,card,49
TX005612,C0168,2026-02-09T13:58:00,268.2,travel,City-3,D0,card,1373
TX005613,C0007,2026-01-31T05:14:00,252.8,retail,City-2,D1,card,986
TX005614,C0117,2026-03-10T21:26:00,250.48,grocery,City-2,D0,card,1871
TX005615,C0123,2026-03-16T22:09:00,117.54,grocery,City-3,D0,card,1422
TX005616,C0059,2026-01-13T12:49:00,57.71,cash,City-4,D2,card,1127
TX005617,C0177,2026-01-21T22:58:00,239.08,travel,City-2,D0,card,429
TX005618,C0190,2026-02-20T14:18:00,282.14,grocery,City-0,D1,card,916
TX005619,C0181,2026-02-24T20:41:00,195.7,retail,City-1,D1,card,948
TX005620,C0265,2026-02-03T04:39:00,99.54,cash,City-0,D1,card,1421
TX005621,C0077,2026-02-07T21:52:00,501.33,cash,City-2,D2,card,1021
TX005622,C0234,2026-01-20T17:42:00,294.91,retail,City-4,D0,card,348
TX005623,C0184,2026-01-03T16:24:00,217.31,travel,City-4,D1,card,963
TX005624,C0248,2026-01-31T21:37:00,225.55,retail,City-3,D2,card,1027
TX005625,C0106,2026-02-20T20:06:00,290.58,grocery,City-1,D1,card,395
TX005626,C0231,2026-02-08T10:49:00,131.44,retail,City-1,D0,card,890
TX005627,C0090,2026-02-11T01:03:00,76.72,cash,City-0,D0,card,1353
TX005628,C0084,2026-01-17T20:38:00,64.12,grocery,City-4,D0,card,1863
TX005629,C0291,2026-01-06T00:50:00,52.95,cash,City-1,D0,card,1884
TX005630,C0242,2026-01-11T21:47:00,113.62,grocery,City-2,D2,card,1556
TX005631,C0282,2026-02-16T14:45:00,106.34,grocery,City-2,D0,card,303
TX005632,C0108,2026-02-11T11:44:00,87.6,travel,City-3,D0,card,1294
TX005633,C0127,2026-02-10T01:37:00,81.16,grocery,City-2,D1,card,1333
TX005634,C0226,2026-02-06T07:06:00,36.22,retail,City-1,D1,card,367
TX005635,C0009,2026-03-22T16:28:00,280.29,retail,City-4,D0,card,902
TX005636,C0108,2026-02-07T03:22:00,55.7,retail,City-3,D0,card,776
TX005637,C0293,2026-01-07T23:34:00,1077.23,grocery,City-7,D3336,card,801
TX005638,C0298,2026-01-04T23:58:00,177.7,cash,City-3,D1,card,560
TX005639,C0072,2026-02-18T03:17:00,255.54,grocery,City-2,D0,card,569
TX005640,C0275,2026-01-24T02:30:00,3148.7,travel,City-13,D7730,card,111
TX005641,C0167,2026-03-23T21:15:00,307.72,travel,City-2,D2,card,1257
TX005642,C0179,2026-03-14T22:53:00,158.8,cash,City-4,D2,card,1680
TX005643,C0021,2026-02-27T02:01:00,103.64,retail,City-1,D0,card,1660
TX005644,C0144,2026-03-20T09:33:00,71.99,cash,City-4,D0,card,1181
TX005645,C0163,2026-02-26T01:11:00,215.59,cash,City-10,D2708,card,1204
TX005646,C0042,2026-03-08T20:54:00,286.11,travel,City-2,D0,card,1215
TX005647,C0156,2026-03-07T09:00:00,98.49,cash,City-1,D0,card,1614
TX005648,C0119,2026-02-14T08:57:00,348.5,grocery,City-4,D2,card,963
TX005649,C0098,2026-01-20T07:44:00,55.16,cash,City-3,D2,card,611
TX005650,C0161,2026-03-28T00:00:00,1230.38,travel,City-1,D2,card,1400
TX005651,C0016,2026-03-10T22:50:00,206.71,cash,City-1,D1,card,577
TX005652,C0035,2026-03-02T13:09:00,110.86,retail,City-0,D2,card,1901
TX005653,C0205,2026-01-05T15:01:00,71.6,retail,City-0,D1,card,332
TX005654,C0025,2026-01-16T03:49:00,90.09,cash,City-0,D1,card,107
TX005655,C0085,2026-03-01T06:37:00,64.88,retail,City-0,D1,card,514
TX005656,C0061,2026-01-23T13:09:00,186.07,cash,City-1,D1,card,1121
TX005657,C0012,2026-01-14T15:26:00,306.16,retail,City-2,D0,card,473
TX005658,C0239,2026-03-30T21:01:00,67.5,cash,City-4,D2,card,1158
TX005659,C0294,2026-02-21T14:40:00,881.3,grocery,City-4,D0,card,721
TX005660,C0208,2026-01-30T10:40:00,54.91,retail,City-3,D1,card,467
TX005661,C0198,2026-03-04T13:00:00,71.75,cash,City-3,D0,card,669
TX005662,C0253,2026-01-31T09:32:00,119.83,travel,City-3,D1,card,1706
TX005663,C0066,2026-03-21T07:01:00,221.59,grocery,City-1,D0,card,238
TX005664,C0085,2026-02-23T23:29:00,501.26,cash,City-17,D7501,card,912
TX005665,C0061,2026-01-20T15:20:00,223.92,grocery,City-1,D1,card,1602
TX005666,C0167,2026-02-05T19:03:00,294.17,retail,City-2,D2,card,1897
TX005667,C0052,2026-02-06T08:49:00,123.2,travel,City-2,D1,card,1673
TX005668,C0295,2026-03-20T07:35:00,395.35,cash,City-0,D1,card,786
TX005669,C0020,2026-02-21T02:04:00,163.99,travel,City-0,D2,card,1764
TX005670,C0278,2026-01-03T14:09:00,309.29,retail,City-3,D2,card,1044
TX005671,C0103,2026-03-01T04:05:00,428.34,travel,City-3,D1,card,1000
TX005672,C0266,2026-03-09T22:09:00,136.8,retail,City-1,D2,card,986
TX005673,C0275,2026-02-16T14:35:00,192.37,retail,City-0,D2,card,60
TX005674,C0286,2026-02-15T22:31:00,49.2,retail,City-1,D1,card,1513
TX005675,C0071,2026-03-05T07:36:00,177.33,grocery,City-1,D2,card,338
TX005676,C0098,2026-03-02T20:28:00,80.83,grocery,City-3,D2,card,690
TX005677,C0166,2026-01-05T14:04:00,3908.46,travel,City-16,D8547,card,1682
TX005678,C0098,2026-03-02T14:31:00,43.69,travel,City-3,D2,card,866
TX005679,C0259,2026-01-08T20:02:00,263.84,retail,City-4,D1,card,844
TX005680,C0171,2026-02-15T13:24:00,124.7,grocery,City-1,D0,card,902
TX005681,C0222,2026-02-22T20:43:00,393.19,retail,City-2,D0,card,531
TX005682,C0169,2026-02-02T19:37:00,5602.14,retail,City-5,D6731,card,416
TX005683,C0159,2026-01-04T01:25:00,164.29,retail,City-4,D0,card,1168
TX005684,C0160,2026-01-13T02:37:00,64.22,grocery,City-0,D1,card,528
TX005685,C0158,2026-01-16T22:08:00,215.8,cash,City-3,D2,card,820
TX005686,C0062,2026-03-17T19:23:00,4265.08,grocery,City-9,D5480,card,1951
TX005687,C0227,2026-02-03T08:50:00,349.32,travel,City-2,D2,card,877
TX005688,C0119,2026-02-19T23:26:00,164.48,travel,City-4,D2,card,322
TX005689,C0183,2026-02-08T02:52:00,235.63,cash,City-3,D0,card,1911
TX005690,C0131,2026-03-03T23:31:00,627.42,grocery,City-1,D2,card,441
TX005691,C0059,2026-01-28T14:06:00,101.56,retail,City-4,D2,card,416
TX005692,C0129,2026-02-07T01:20:00,209.94,retail,City-4,D0,card,1783
TX005693,C0091,2026-01-13T11:30:00,204.81,grocery,City-1,D1,card,466
TX005694,C0273,2026-01-28T19:39:00,320.22,retail,City-3,D0,card,1296
TX005695,C0143,2026-03-15T16:50:00,161.82,retail,City-3,D2,card,1344
TX005696,C0040,2026-01-08T04:10:00,229.18,retail,City-0,D1,card,207
TX005697,C0083,2026-01-26T12:58:00,98.39,retail,City-3,D2,card,1790
TX005698,C0123,2026-02-22T00:11:00,541.22,travel,City-3,D0,card,1059
TX005699,C0297,2026-02-28T14:29:00,402.7,travel,City-2,D0,card,156
TX005700,C0291,2026-03-06T03:58:00,43.69,travel,City-1,D0,card,1108
TX005701,C0063,2026-03-04T16:00:00,252.46,retail,City-3,D0,card,1440
TX005702,C0229,2026-01-14T16:19:00,117.83,grocery,City-4,D1,card,1184
TX005703,C0202,2026-01-08T05:39:00,235.69,grocery,City-2,D1,card,404
TX005704,C0178,2026-03-01T16:18:00,496.78,travel,City-3,D1,card,1167
TX005705,C0209,2026-03-18T12:58:00,318.18,cash,City-4,D2,card,124
TX005706,C0151,2026-03-24T17:29:00,405.18,travel,City-1,D1,card,878
TX005707,C0100,2026-02-25T20:51:00,269.4,cash,City-0,D1,card,688
TX005708,C0227,2026-03-13T19:31:00,586.84,cash,City-2,D2,card,1133
TX005709,C0097,2026-03-29T14:03:00,49.37,cash,City-2,D1,card,1141
TX005710,C0285,2026-03-23T08:58:00,204.72,retail,City-0,D0,card,1685
TX005711,C0119,2026-03-19T01:29:00,1926.64,cash,City-14,D4239,card,1914
TX005712,C0107,2026-02-27T01:39:00,103.14,travel,City-2,D2,card,276
TX005713,C0225,2026-03-18T07:36:00,366.09,retail,City-0,D0,card,1459
TX005714,C0228,2026-01-12T09:57:00,281.23,travel,City-3,D0,card,188
TX005715,C0293,2026-02-20T00:30:00,93.5,grocery,City-3,D2,card,461
TX005716,C0165,2026-02-02T02:19:00,134.08,grocery,City-0,D0,card,258
TX005717,C0065,2026-01-26T12:28:00,203.09,cash,City-0,D2,card,1975
TX005718,C0089,2026-02-11T00:26:00,216.47,travel,City-4,D2,card,45
TX005719,C0193,2026-03-09T13:33:00,227.33,cash,City-3,D1,card,71
TX005720,C0024,2026-01-13T07:57:00,466.42,retail,City-4,D0,card,155
TX005721,C0112,2026-01-28T02:04:00,68.52,retail,City-2,D1,card,1757
TX005722,C0025,2026-02-27T07:40:00,101.7,travel,City-0,D1,card,1274
TX005723,C0198,2026-03-13T06:40:00,182.21,travel,City-3,D0,card,601
TX005724,C0040,2026-02-24T09:02:00,210.48,travel,City-0,D1,card,1895
TX005725,C0022,2026-02-05T13:13:00,497.18,cash,City-2,D1,card,1309
TX005726,C0190,2026-01-17T13:55:00,291.76,grocery,City-0,D1,card,1627
TX005727,C0190,2026-02-14T16:27:00,355.37,travel,City-0,D1,card,303
TX005728,C0220,2026-01-07T04:01:00,93.1,grocery,City-0,D1,card,206
TX005729,C0033,2026-03-06T12:00:00,185.33,cash,City-3,D0,card,483
TX005730,C0080,2026-01-15T19:36:00,173.56,cash,City-0,D2,card,989
TX005731,C0071,2026-03-15T20:55:00,210.72,travel,City-1,D2,card,1914
TX005732,C0101,2026-03-25T14:43:00,261.43,travel,City-1,D2,card,373
TX005733,C0298,2026-03-07T10:20:00,200.36,cash,City-3,D1,card,1297
TX005734,C0180,2026-03-16T16:30:00,385.4,retail,City-0,D0,card,121
TX005735,C0045,2026-01-18T03:29:00,1618.13,cash,City-18,D1714,card,917
TX005736,C0244,2026-03-04T23:55:00,418.55,cash,City-4,D1,card,971
TX005737,C0158,2026-02-20T06:57:00,231.59,travel,City-3,D2,card,1139
TX005738,C0292,2026-03-09T00:10:00,506.47,travel,City-2,D1,card,1846
TX005739,C0263,2026-02-01T20:25:00,55.04,retail,City-3,D2,card,736
TX005740,C0016,2026-01-29T12:34:00,166.15,travel,City-1,D1,card,1936
TX005741,C0166,2026-01-08T13:20:00,206.64,grocery,City-1,D1,card,933
TX005742,C0244,2026-02-04T10:42:00,499.65,retail,City-4,D1,card,499
TX005743,C0149,2026-01-18T10:25:00,116.06,grocery,City-4,D2,card,1362
TX005744,C0284,2026-02-16T14:13:00,92.14,grocery,City-4,D2,card,774
TX005745,C0185,2026-03-24T01:54:00,230.15,retail,City-0,D2,card,1676
TX005746,C0037,2026-02-13T08:03:00,136.48,travel,City-2,D1,card,1775
TX005747,C0056,2026-03-10T12:06:00,134.34,travel,City-1,D2,card,1947
TX005748,C0058,2026-03-01T13:02:00,162.18,retail,City-3,D1,card,273
TX005749,C0285,2026-01-31T06:38:00,208.2,grocery,City-0,D0,card,1519
TX005750,C0173,2026-02-13T09:47:00,412.18,retail,City-3,D2,card,812
TX005751,C0121,2026-03-21T16:57:00,237.38,grocery,City-1,D1,card,1012
TX005752,C0269,2026-03-26T00:30:00,45.98,grocery,City-4,D2,card,1015
TX005753,C0000,2026-02-11T21:49:00,247.76,cash,City-0,D0,card,558
TX005754,C0012,2026-02-14T07:54:00,128.22,travel,City-2,D0,card,1146
TX005755,C0049,2026-03-03T11:55:00,90.41,grocery,City-4,D1,card,1552
TX005756,C0178,2026-01-31T23:32:00,6991.62,cash,City-19,D8904,card,1661
TX005757,C0022,2026-01-11T20:43:00,264.96,cash,City-2,D1,card,532
TX005758,C0161,2026-02-18T11:31:00,176.25,cash,City-1,D2,card,1684
TX005759,C0006,2026-03-06T03:41:00,5762.66,grocery,City-15,D6730,card,1264
TX005760,C0039,2026-01-01T20:37:00,158.81,cash,City-4,D0,card,487
TX005761,C0156,2026-01-08T18:11:00,101.71,grocery,City-1,D0,card,616
TX005762,C0042,2026-03-13T09:18:00,280.89,travel,City-2,D0,card,1424
TX005763,C0148,2026-03-07T02:43:00,38.71,travel,City-3,D1,card,145
TX005764,C0153,2026-01-03T14:13:00,330.66,grocery,City-3,D0,card,184
TX005765,C0159,2026-02-20T22:07:00,187.95,travel,City-4,D0,card,1354
TX005766,C0237,2026-03-01T13:20:00,597.76,retail,City-2,D0,card,821
TX005767,C0004,2026-01-28T14:22:00,39.76,grocery,City-4,D1,card,960
TX005768,C0263,2026-01-11T16:49:00,102.1,cash,City-3,D2,card,533
TX005769,C0199,2026-02-08T07:33:00,129.0,retail,City-4,D1,card,1520
TX005770,C0121,2026-01-07T00:00:00,952.14,travel,City-1,D1,card,967
TX005771,C0133,2026-02-24T13:25:00,129.19,travel,City-3,D1,card,757
TX005772,C0143,2026-02-06T01:31:00,83.63,travel,City-3,D2,card,1227
TX005773,C0242,2026-01-10T18:18:00,71.62,retail,City-2,D2,card,915
TX005774,C0015,2026-03-22T22:10:00,630.58,cash,City-16,D8566,card,1815
TX005775,C0119,2026-03-14T20:37:00,257.24,grocery,City-4,D2,card,1186
TX005776,C0259,2026-02-04T22:35:00,297.82,cash,City-4,D1,card,891
TX005777,C0075,2026-03-12T08:57:00,229.42,cash,City-0,D0,card,352
TX005778,C0056,2026-01-12T11:06:00,143.09,cash,City-1,D2,card,1461
TX005779,C0298,2026-02-13T05:02:00,199.51,grocery,City-3,D1,card,1015
TX005780,C0256,2026-02-11T05:23:00,324.59,cash,City-1,D1,card,559
TX005781,C0093,2026-02-05T02:41:00,83.88,travel,City-3,D0,card,1570
TX005782,C0144,2026-01-05T00:32:00,1168.56,grocery,City-9,D4552,card,1020
TX005783,C0049,2026-01-13T12:26:00,43.07,cash,City-4,D1,card,1404
TX005784,C0216,2026-03-27T14:18:00,80.11,travel,City-1,D0,card,162
TX005785,C0050,2026-03-06T22:28:00,63.32,retail,City-0,D2,card,1208
TX005786,C0088,2026-03-14T08:55:00,135.7,retail,City-3,D1,card,903
TX005787,C0248,2026-02-18T11:43:00,213.87,cash,City-3,D2,card,1772
TX005788,C0176,2026-03-06T11:12:00,371.05,cash,City-1,D2,card,207
TX005789,C0133,2026-01-07T13:22:00,166.71,cash,City-3,D1,card,1998
TX005790,C0019,2026-02-07T02:49:00,13607.41,cash,City-5,D1797,card,1666
TX005791,C0251,2026-02-07T22:47:00,5571.83,grocery,City-5,D1788,card,1190
TX005792,C0249,2026-02-25T01:14:00,225.91,cash,City-4,D0,card,645
TX005793,C0202,2026-02-10T15:54:00,259.17,grocery,City-2,D1,card,1767
TX005794,C0164,2026-02-18T09:31:00,461.67,retail,City-4,D2,card,348
TX005795,C0072,2026-03-26T03:34:00,352.37,retail,City-2,D0,card,1623
TX005796,C0057,2026-01-19T15:37:00,165.68,grocery,City-2,D0,card,866
TX005797,C0253,2026-03-26T05:06:00,66.52,travel,City-3,D1,card,1213
TX005798,C0091,2026-03-02T00:27:00,152.57,retail,City-1,D1,card,445
TX005799,C0154,2026-02-18T12:12:00,83.39,retail,City-4,D1,card,1267
TX005800,C0245,2026-01-07T09:18:00,531.97,cash,City-0,D2,card,1991
TX005801,C0011,2026-03-31T05:28:00,367.76,retail,City-1,D2,card,323
TX005802,C0074,2026-02-07T15:51:00,28.95,travel,City-4,D2,card,752
TX005803,C0026,2026-01-17T11:12:00,193.06,retail,City-1,D2,card,1898
TX005804,C0091,2026-03-17T21:26:00,334.39,cash,City-1,D1,card,1974
TX005805,C0006,2026-02-14T03:00:00,520.31,retail,City-1,D0,card,304
TX005806,C0113,2026-02-20T02:03:00,211.78,retail,City-3,D2,card,898
TX005807,C0282,2026-03-21T15:27:00,89.4,retail,City-2,D0,card,583
TX005808,C0247,2026-01-18T07:39:00,143.79,cash,City-2,D1,card,694
TX005809,C0183,2026-03-23T00:00:00,186.6,retail,City-3,D0,card,1300
TX005810,C0148,2026-02-09T20:54:00,55.3,cash,City-3,D1,card,57
TX005811,C0104,2026-01-20T13:59:00,263.34,cash,City-4,D2,card,1019
TX005812,C0236,2026-02-04T16:03:00,105.94,cash,City-1,D2,card,370
TX005813,C0290,2026-01-30T15:30:00,671.33,travel,City-0,D2,card,250
TX005814,C0059,2026-01-29T17:44:00,60.3,grocery,City-4,D2,card,783
TX005815,C0212,2026-03-07T05:05:00,98.27,cash,City-2,D2,card,97
TX005816,C0176,2026-01-28T08:12:00,184.83,retail,City-1,D2,card,1810
TX005817,C0271,2026-02-25T03:59:00,64.88,grocery,City-1,D1,card,122
TX005818,C0239,2026-02-03T23:30:00,1527.62,cash,City-3,D7487,card,1159
TX005819,C0076,2026-03-29T05:21:00,132.05,cash,City-1,D1,card,854
TX005820,C0127,2026-02-04T19:41:00,96.42,retail,City-2,D1,card,99
TX005821,C0279,2026-03-25T09:47:00,319.71,cash,City-4,D0,card,376
TX005822,C0063,2026-03-07T08:33:00,340.78,retail,City-3,D0,card,723
TX005823,C0249,2026-03-20T03:34:00,98.17,grocery,City-4,D0,card,1392
TX005824,C0078,2026-03-14T17:18:00,432.2,cash,City-3,D0,card,624
TX005825,C0139,2026-02-16T19:48:00,43.99,cash,City-4,D1,card,771
TX005826,C0055,2026-03-25T11:09:00,91.37,retail,City-0,D1,card,1244
TX005827,C0107,2026-01-14T08:38:00,205.96,travel,City-2,D2,card,736
TX005828,C0113,2026-02-18T09:10:00,719.39,travel,City-3,D2,card,1272
TX005829,C0078,2026-02-17T20:55:00,398.51,grocery,City-3,D0,card,525
TX005830,C0197,2026-02-22T03:01:00,312.49,retail,City-2,D2,card,1634
TX005831,C0081,2026-03-13T14:53:00,121.06,travel,City-1,D0,card,1029
TX005832,C0137,2026-03-08T13:41:00,216.96,retail,City-2,D2,card,552
TX005833,C0138,2026-02-23T19:28:00,549.49,grocery,City-3,D0,card,282
TX005834,C0284,2026-01-26T22:32:00,164.02,cash,City-4,D2,card,1771
TX005835,C0051,2026-03-03T02:37:00,34.24,retail,City-1,D0,card,1558
TX005836,C0013,2026-01-14T17:50:00,678.73,travel,City-3,D1,card,178
TX005837,C0267,2026-02-23T01:53:00,42.4,retail,City-2,D0,card,1959
TX005838,C0280,2026-02-16T07:24:00,20.51,grocery,City-0,D1,card,635
TX005839,C0024,2026-01-14T16:12:00,1327.41,retail,City-6,D6456,card,1096
TX005840,C0155,2026-02-03T12:59:00,3101.3,grocery,City-4,D6413,card,391
TX005841,C0094,2026-03-12T12:17:00,130.35,retail,City-4,D1,card,1023
TX005842,C0105,2026-02-09T08:40:00,286.68,retail,City-0,D0,card,1654
TX005843,C0177,2026-02-05T06:48:00,1110.81,cash,City-2,D0,card,404
TX005844,C0002,2026-01-20T02:03:00,375.56,retail,City-2,D2,card,1992
TX005845,C0296,2026-03-01T23:52:00,469.03,cash,City-1,D2,card,1234
TX005846,C0275,2026-03-10T19:36:00,278.25,cash,City-0,D2,card,92
TX005847,C0220,2026-01-13T18:29:00,94.56,travel,City-0,D1,card,1548
TX005848,C0077,2026-01-08T23:23:00,2491.41,grocery,City-9,D9492,card,1505
TX005849,C0031,2026-02-27T09:24:00,244.25,grocery,City-1,D1,card,1500
TX005850,C0227,2026-01-23T00:59:00,145.57,retail,City-2,D2,card,603
TX005851,C0105,2026-03-12T13:14:00,323.66,retail,City-0,D0,card,1144
TX005852,C0115,2026-03-05T14:54:00,319.83,travel,City-0,D1,card,1159
TX005853,C0218,2026-03-16T02:18:00,3575.93,grocery,City-3,D3773,card,1371
TX005854,C0271,2026-03-14T14:38:00,106.3,cash,City-1,D1,card,907
TX005855,C0180,2026-01-17T02:46:00,357.81,cash,City-0,D0,card,554
TX005856,C0101,2026-02-16T06:48:00,290.98,travel,City-1,D2,card,1611
TX005857,C0299,2026-02-13T13:24:00,255.84,cash,City-4,D2,card,952
TX005858,C0040,2026-03-07T23:40:00,956.27,retail,City-13,D2497,card,1569
TX005859,C0002,2026-03-31T01:41:00,252.09,retail,City-2,D2,card,640
TX005860,C0191,2026-02-01T05:08:00,87.91,travel,City-1,D2,card,469
TX005861,C0150,2026-01-04T03:18:00,223.04,travel,City-0,D0,card,985
TX005862,C0191,2026-02-06T11:50:00,148.81,cash,City-1,D2,card,1563
TX005863,C0053,2026-01-28T05:26:00,273.72,travel,City-3,D2,card,337
TX005864,C0035,2026-03-05T11:39:00,110.61,cash,City-0,D2,card,1210
TX005865,C0142,2026-03-22T01:55:00,662.46,travel,City-2,D1,card,1758
TX005866,C0167,2026-03-22T02:15:00,421.26,grocery,City-2,D2,card,410
TX005867,C0044,2026-01-01T03:35:00,440.16,travel,City-4,D2,card,561
TX005868,C0142,2026-03-21T18:16:00,257.24,grocery,City-2,D1,card,1301
TX005869,C0258,2026-01-25T20:04:00,50.84,retail,City-3,D0,card,1297
TX005870,C0080,2026-02-14T22:14:00,102.46,retail,City-0,D2,card,1872
TX005871,C0294,2026-01-15T23:19:00,509.47,cash,City-4,D0,card,847
TX005872,C0195,2026-03-16T05:07:00,42.1,travel,City-0,D0,card,1081
TX005873,C0002,2026-01-26T07:21:00,1125.11,grocery,City-1,D6272,card,319
TX005874,C0193,2026-03-19T02:38:00,476.82,retail,City-3,D1,card,360
TX005875,C0265,2026-03-07T01:29:00,114.12,travel,City-0,D1,card,413
TX005876,C0227,2026-03-27T02:08:00,205.99,travel,City-2,D2,card,668
TX005877,C0118,2026-01-13T11:20:00,346.81,cash,City-3,D1,card,1227
TX005878,C0052,2026-02-03T02:34:00,551.35,grocery,City-2,D1,card,1034
TX005879,C0204,2026-01-22T12:20:00,383.21,cash,City-13,D8088,card,437
TX005880,C0046,2026-02-06T17:02:00,81.99,grocery,City-1,D1,card,1566
TX005881,C0153,2026-01-18T14:45:00,973.03,grocery,City-15,D7644,card,1242
TX005882,C0062,2026-02-07T22:50:00,303.87,travel,City-2,D2,card,1028
TX005883,C0056,2026-02-14T16:22:00,87.63,grocery,City-1,D2,card,740
TX005884,C0141,2026-03-04T21:31:00,282.88,cash,City-1,D0,card,872
TX005885,C0229,2026-02-10T18:55:00,117.04,cash,City-4,D1,card,1094
TX005886,C0208,2026-03-02T22:21:00,90.81,cash,City-3,D1,card,731
TX005887,C0253,2026-02-21T23:47:00,77.53,retail,City-3,D1,card,324
TX005888,C0182,2026-03-14T20:06:00,291.75,travel,City-2,D2,card,1648
TX005889,C0190,2026-01-13T08:32:00,714.73,cash,City-0,D1,card,469
TX005890,C0078,2026-03-25T18:51:00,364.41,travel,City-3,D0,card,1732
TX005891,C0031,2026-02-17T02:38:00,240.13,cash,City-1,D1,card,1586
TX005892,C0256,2026-03-14T23:51:00,284.12,grocery,City-1,D1,card,1172
TX005893,C0124,2026-02-24T16:39:00,26.44,grocery,City-4,D1,card,930
TX005894,C0048,2026-03-29T06:26:00,247.82,grocery,City-3,D0,card,287
TX005895,C0183,2026-02-13T07:20:00,125.43,retail,City-3,D0,card,296
TX005896,C0021,2026-02-28T10:55:00,927.6,cash,City-14,D7874,card,647
TX005897,C0259,2026-01-25T18:25:00,280.78,grocery,City-4,D1,card,1528
TX005898,C0230,2026-02-18T20:15:00,57.1,grocery,City-0,D2,card,1450
TX005899,C0035,2026-03-30T08:24:00,186.07,cash,City-0,D2,card,589
TX005900,C0011,2026-02-22T18:37:00,273.13,retail,City-1,D2,card,1532
TX005901,C0098,2026-02-04T07:21:00,98.67,retail,City-3,D2,card,514
TX005902,C0010,2026-02-11T04:04:00,90.32,cash,City-0,D1,card,446
TX005903,C0054,2026-01-02T06:07:00,477.38,retail,City-4,D0,card,1924
TX005904,C0038,2026-03-15T06:08:00,879.12,cash,City-11,D5846,card,687
TX005905,C0200,2026-03-14T14:38:00,329.86,grocery,City-0,D2,card,205
TX005906,C0165,2026-03-18T14:51:00,343.28,travel,City-0,D0,card,312
TX005907,C0189,2026-02-04T15:08:00,154.06,grocery,City-4,D0,card,1040
TX005908,C0008,2026-01-11T23:39:00,59.59,cash,City-3,D2,card,658
TX005909,C0243,2026-01-09T03:07:00,1050.42,retail,City-4,D2287,card,1070
TX005910,C0279,2026-02-09T04:28:00,794.8,grocery,City-4,D0,card,1722
TX005911,C0074,2026-03-30T13:04:00,104.0,travel,City-4,D2,card,1735
TX005912,C0198,2026-01-03T10:11:00,225.15,travel,City-3,D0,card,1126
TX005913,C0260,2026-02-18T14:07:00,75.23,travel,City-0,D2,card,1472
TX005914,C0072,2026-01-09T14:54:00,201.43,retail,City-2,D0,card,1746
TX005915,C0109,2026-02-26T07:57:00,448.59,retail,City-4,D1,card,326
TX005916,C0288,2026-03-15T23:22:00,191.85,retail,City-3,D0,card,154
TX005917,C0208,2026-03-28T19:46:00,83.88,travel,City-3,D1,card,1767
TX005918,C0194,2026-02-09T11:01:00,89.9,travel,City-4,D2,card,92
TX005919,C0141,2026-01-04T18:42:00,272.77,retail,City-1,D0,card,136
TX005920,C0062,2026-01-11T02:21:00,361.15,grocery,City-2,D2,card,833
TX005921,C0262,2026-03-11T23:44:00,275.39,cash,City-2,D1,card,1454
TX005922,C0177,2026-02-25T10:20:00,424.77,retail,City-2,D0,card,1572
TX005923,C0146,2026-02-07T08:34:00,430.09,cash,City-1,D2,card,1663
TX005924,C0261,2026-03-19T17:22:00,731.62,retail,City-1,D0,card,1069
TX005925,C0087,2026-03-26T11:34:00,281.42,retail,City-2,D0,card,880
TX005926,C0189,2026-02-22T09:35:00,100.48,retail,City-4,D0,card,82
TX005927,C0155,2026-03-14T04:25:00,218.03,retail,City-0,D2,card,715
TX005928,C0226,2026-02-25T12:40:00,30.16,cash,City-1,D1,card,337
TX005929,C0052,2026-01-05T11:34:00,584.37,grocery,City-2,D1,card,1290
TX005930,C0107,2026-02-21T08:19:00,145.64,retail,City-2,D2,card,298
TX005931,C0182,2026-03-10T12:03:00,419.24,grocery,City-2,D2,card,1498
TX005932,C0054,2026-03-28T17:01:00,263.46,retail,City-4,D0,card,659
TX005933,C0258,2026-01-02T06:28:00,67.36,retail,City-3,D0,card,319
TX005934,C0267,2026-01-20T08:57:00,49.66,cash,City-2,D0,card,1581
TX005935,C0195,2026-03-23T04:25:00,164.15,travel,City-0,D0,card,1696
TX005936,C0208,2026-02-28T19:06:00,68.68,cash,City-3,D1,card,298
TX005937,C0021,2026-03-05T16:31:00,191.62,retail,City-1,D0,card,1905
TX005938,C0099,2026-02-09T10:17:00,348.97,retail,City-4,D0,card,204
TX005939,C0249,2026-03-24T03:19:00,447.97,retail,City-4,D0,card,1593
TX005940,C0200,2026-03-12T02:24:00,995.24,travel,City-4,D5047,card,1902
TX005941,C0266,2026-02-14T10:41:00,61.57,cash,City-1,D2,card,204
TX005942,C0156,2026-03-12T05:59:00,89.38,travel,City-1,D0,card,1984
TX005943,C0233,2026-01-29T11:42:00,253.38,grocery,City-3,D2,card,205
TX005944,C0075,2026-03-06T11:29:00,187.96,cash,City-0,D0,card,878
TX005945,C0230,2026-02-11T11:02:00,56.4,grocery,City-0,D2,card,1537
TX005946,C0274,2026-02-04T10:05:00,222.31,cash,City-4,D1,card,85
TX005947,C0283,2026-01-11T11:49:00,88.75,retail,City-3,D1,card,986
TX005948,C0111,2026-01-31T15:57:00,113.54,retail,City-1,D0,card,447
TX005949,C0070,2026-03-29T08:46:00,82.83,grocery,City-0,D1,card,189
TX005950,C0052,2026-03-02T18:37:00,138.69,cash,City-2,D1,card,1703
TX005951,C0051,2026-03-03T07:47:00,11.09,travel,City-1,D0,card,1358
TX005952,C0280,2026-01-13T02:56:00,28.97,retail,City-0,D1,card,1095
TX005953,C0141,2026-02-05T04:52:00,223.06,retail,City-1,D0,card,1128
TX005954,C0283,2026-02-05T12:55:00,181.73,grocery,City-3,D1,card,1469
TX005955,C0043,2026-02-25T05:40:00,205.16,grocery,City-3,D1,card,1857
TX005956,C0248,2026-03-10T10:38:00,266.69,grocery,City-3,D2,card,1830
TX005957,C0076,2026-03-20T20:38:00,72.16,cash,City-1,D1,card,1468
TX005958,C0297,2026-02-16T02:35:00,419.95,retail,City-2,D0,card,1338
TX005959,C0045,2026-01-30T05:32:00,314.0,travel,City-0,D0,card,725
TX005960,C0224,2026-01-14T06:00:00,142.92,cash,City-4,D2,card,758
TX005961,C0069,2026-01-03T23:38:00,153.91,grocery,City-4,D0,card,491
TX005962,C0234,2026-01-26T18:26:00,814.15,retail,City-4,D0,card,1919
TX005963,C0071,2026-01-11T15:04:00,268.25,travel,City-1,D2,card,1238
TX005964,C0233,2026-01-02T11:23:00,146.48,retail,City-3,D2,card,736
TX005965,C0154,2026-02-18T23:51:00,125.71,cash,City-4,D1,card,803
TX005966,C0098,2026-01-26T02:25:00,110.26,cash,City-3,D2,card,112
TX005967,C0120,2026-02-10T16:49:00,245.86,travel,City-0,D0,card,1368
TX005968,C0231,2026-03-15T10:53:00,112.02,retail,City-1,D0,card,1968
TX005969,C0243,2026-01-25T04:30:00,274.29,travel,City-3,D0,card,1866
TX005970,C0057,2026-01-01T00:56:00,152.34,cash,City-2,D0,card,1351
TX005971,C0065,2026-01-20T01:35:00,283.14,travel,City-0,D2,card,989
TX005972,C0278,2026-01-15T01:00:00,622.34,travel,City-3,D2,card,347
TX005973,C0032,2026-01-29T01:43:00,52.61,grocery,City-2,D2,card,1058
TX005974,C0038,2026-03-09T01:45:00,1067.64,retail,City-4,D4058,card,1494
TX005975,C0126,2026-01-02T07:54:00,241.74,grocery,City-1,D0,card,1495
TX005976,C0075,2026-03-03T00:14:00,120.21,retail,City-0,D0,card,30
TX005977,C0292,2026-01-04T10:33:00,309.38,retail,City-2,D1,card,1152
TX005978,C0195,2026-03-13T22:38:00,134.12,grocery,City-0,D0,card,833
TX005979,C0221,2026-03-20T19:54:00,396.43,grocery,City-1,D2,card,1109
TX005980,C0024,2026-03-24T10:00:00,296.46,cash,City-4,D0,card,1714
TX005981,C0154,2026-02-11T18:38:00,84.86,retail,City-4,D1,card,413
TX005982,C0158,2026-01-29T05:05:00,470.99,travel,City-3,D2,card,549
TX005983,C0060,2026-01-15T21:11:00,287.37,grocery,City-0,D0,card,1070
TX005984,C0097,2026-03-03T23:54:00,428.76,cash,City-19,D2972,card,1554
TX005985,C0062,2026-01-26T02:04:00,143.75,retail,City-2,D2,card,509
TX005986,C0215,2026-03-10T11:53:00,280.93,travel,City-0,D2,card,424
TX005987,C0096,2026-03-15T17:23:00,68.09,retail,City-1,D0,card,1417
TX005988,C0237,2026-02-10T00:14:00,495.57,retail,City-2,D0,card,1219
TX005989,C0205,2026-03-23T22:20:00,119.77,retail,City-0,D1,card,573
TX005990,C0181,2026-02-24T23:50:00,10014.84,grocery,City-8,D6054,card,479
TX005991,C0218,2026-02-26T02:34:00,418.14,retail,City-3,D2,card,1438
TX005992,C0112,2026-01-23T13:59:00,175.62,grocery,City-2,D1,card,135
TX005993,C0119,2026-02-09T12:22:00,269.28,grocery,City-4,D2,card,1757
TX005994,C0079,2026-01-16T11:28:00,263.49,grocery,City-4,D1,card,397
TX005995,C0045,2026-01-18T04:08:00,338.43,retail,City-0,D0,card,1123
TX005996,C0225,2026-03-16T00:46:00,695.78,cash,City-0,D0,card,1345
TX005997,C0208,2026-02-22T22:01:00,157.91,retail,City-3,D1,card,1510
TX005998,C0164,2026-03-11T04:36:00,229.87,cash,City-4,D2,card,194
TX005999,C0161,2026-02-05T06:04:00,244.06,travel,City-1,D2,card,1560
